scene,wing,phase,t_s,bank_deg,theta_deg,slope_along_deg,slope_cross_deg,clear_min,part,tips,nose,tail,frame,clear_nobank,clear_level,clear_pivot_hang,clear_rendered,feet_err
ровно,apogee,стоит,0.100,0.000,16.000,0.000,0.000,0.691,frame,1.883,1.842,1.418,0.691,0.691,0.462,0.769,nan,0.000
ровно,apogee,"стоит, трапеция от себя (нос вверх)",0.100,0.000,36.000,0.000,0.000,0.819,tail,0.946,1.553,0.819,0.897,0.819,0.462,1.201,nan,0.000
ровно,apogee,"стоит, трапеция на себя (нос вниз)",0.100,0.000,-4.000,0.000,0.000,0.398,frame,2.224,1.791,1.825,0.398,0.398,0.462,0.403,nan,0.000
ровно,apogee,"стоит, A (поворот на месте)",0.100,0.000,16.000,0.000,0.000,0.691,frame,1.883,1.842,1.418,0.691,0.691,0.462,0.769,nan,0.000
ровно,apogee,"разбег, A (дуга)",6.600,0.147,16.000,0.000,0.000,0.689,frame,1.871,1.842,1.418,0.689,0.691,0.462,0.767,nan,0.000
ровно,apogee,шагом,0.100,0.000,16.000,0.000,0.000,0.691,frame,1.883,1.842,1.418,0.691,0.691,0.462,0.769,nan,0.000
ровно,apogee,разбег,0.100,0.000,16.000,0.000,0.000,0.691,frame,1.883,1.842,1.418,0.691,0.691,0.462,0.769,nan,0.000
склон 20° по курсу,apogee,стоит,0.100,0.000,-4.000,-20.000,0.000,0.735,frame,2.004,1.960,1.509,0.735,0.735,0.788,0.690,nan,0.000
склон 20° по курсу,apogee,"стоит, трапеция от себя (нос вверх)",0.100,0.000,16.000,-20.000,0.000,0.872,tail,1.006,1.652,0.872,0.955,0.872,0.788,1.150,nan,0.000
склон 20° по курсу,apogee,"стоит, трапеция на себя (нос вниз)",0.100,0.000,-24.000,-20.000,0.000,0.423,frame,2.366,1.906,1.942,0.423,0.423,0.788,0.300,nan,0.000
склон 20° по курсу,apogee,"стоит, A (поворот на месте)",2.000,0.000,11.538,0.000,-20.000,0.224,tips,0.224,1.876,1.526,0.362,0.224,0.194,0.264,nan,0.000
склон 20° по курсу,apogee,"разбег, A (дуга)",9.700,0.127,20.910,0.596,19.992,-0.109,tips,-0.109,1.795,1.301,0.471,-0.097,0.185,0.017,nan,0.000
склон 20° по курсу,apogee,шагом,1.100,0.000,-4.000,-20.000,0.000,0.735,frame,2.004,1.960,1.509,0.735,0.735,0.788,0.690,nan,0.000
склон 20° по курсу,apogee,разбег,0.100,0.000,-4.000,-20.000,0.000,0.735,frame,2.004,1.960,1.509,0.735,0.735,0.788,0.690,nan,0.000
склон 20° по курсу,apogee,"после отрыва ≤1,5 с",2.200,0.000,-4.417,-20.000,0.000,0.731,frame,2.018,1.965,1.521,0.731,0.731,0.789,0.681,nan,0.000
косой 15° (правая вверх),apogee,стоит,0.100,0.000,16.000,0.000,15.000,0.492,frame,0.566,1.841,1.418,0.492,0.492,0.265,0.569,nan,0.000
косой 15° (правая вверх),apogee,"стоит, трапеция от себя (нос вверх)",0.100,0.000,36.000,0.000,15.000,-0.381,tips,-0.381,1.552,0.819,0.697,-0.381,0.265,0.001,nan,0.000
косой 15° (правая вверх),apogee,"стоит, трапеция на себя (нос вниз)",0.100,0.000,-4.000,0.000,15.000,0.201,frame,1.062,1.780,1.825,0.201,0.201,0.265,0.206,nan,0.000
косой 15° (правая вверх),apogee,"стоит, A (поворот на месте)",0.100,0.000,15.730,-1.204,14.956,0.504,frame,0.531,1.833,1.395,0.504,0.504,0.284,0.590,nan,0.000
косой 15° (правая вверх),apogee,"разбег, A (дуга)",0.100,0.000,15.730,-1.204,14.956,0.504,frame,0.531,1.833,1.395,0.504,0.504,0.284,0.590,nan,0.000
косой 15° (правая вверх),apogee,"после отрыва ≤1,5 с (A зажата — крен ввода в воздухе)",5.000,-52.239,-4.986,-11.816,-9.504,-3.294,tips,-3.294,0.448,0.264,-0.163,0.653,0.725,-2.271,nan,0.000
косой 15° (правая вверх),apogee,шагом,0.100,0.000,16.000,0.000,15.000,0.492,frame,0.566,1.841,1.418,0.492,0.492,0.265,0.569,nan,0.000
косой 15° (правая вверх),apogee,разбег,0.100,0.000,16.000,0.000,15.000,0.492,frame,0.566,1.841,1.418,0.492,0.492,0.265,0.569,nan,0.000
ровно,atlas,стоит,0.100,0.000,16.000,0.000,0.000,0.691,frame,1.778,1.842,1.516,0.691,0.691,0.462,0.769,nan,0.000
ровно,atlas,"стоит, трапеция от себя (нос вверх)",0.100,0.000,36.000,0.000,0.000,0.848,tips,0.848,1.553,0.895,0.897,0.848,0.462,1.230,nan,0.000
ровно,atlas,"стоит, трапеция на себя (нос вниз)",0.100,0.000,-4.000,0.000,0.000,0.398,frame,2.189,1.901,1.910,0.398,0.398,0.462,0.403,nan,0.000
ровно,atlas,"стоит, A (поворот на месте)",0.100,0.000,16.000,0.000,0.000,0.691,frame,1.778,1.842,1.516,0.691,0.691,0.462,0.769,nan,0.000
ровно,atlas,"разбег, A (дуга)",1.600,0.121,16.000,0.000,0.000,0.690,frame,1.768,1.842,1.516,0.690,0.691,0.462,0.767,nan,0.000
ровно,atlas,шагом,0.100,0.000,16.000,0.000,0.000,0.691,frame,1.778,1.842,1.516,0.691,0.691,0.462,0.769,nan,0.000
ровно,atlas,разбег,0.100,0.000,16.000,0.000,0.000,0.691,frame,1.778,1.842,1.516,0.691,0.691,0.462,0.769,nan,0.000
склон 20° по курсу,atlas,стоит,0.100,0.000,-4.000,-20.000,0.000,0.735,frame,1.892,1.960,1.613,0.735,0.735,0.788,0.690,nan,0.000
склон 20° по курсу,atlas,"стоит, трапеция от себя (нос вверх)",0.100,0.000,16.000,-20.000,0.000,0.903,tips,0.903,1.652,0.952,0.955,0.903,0.788,1.181,nan,0.000
склон 20° по курсу,atlas,"стоит, трапеция на себя (нос вниз)",0.100,0.000,-24.000,-20.000,0.000,0.423,frame,2.330,2.023,2.032,0.423,0.423,0.788,0.300,nan,0.000
склон 20° по курсу,atlas,"стоит, A (поворот на месте)",2.000,0.000,11.356,0.000,-20.000,0.180,tips,0.180,1.739,1.562,0.355,0.180,0.190,0.219,nan,0.000
склон 20° по курсу,atlas,"разбег, A (дуга)",1.000,0.094,-1.610,-16.336,-12.177,0.542,frame,0.873,1.931,1.615,0.542,0.541,0.562,0.526,nan,0.000
склон 20° по курсу,atlas,шагом,1.100,0.000,-4.000,-20.000,0.000,0.735,frame,1.892,1.960,1.613,0.735,0.735,0.788,0.690,nan,0.000
склон 20° по курсу,atlas,разбег,0.100,0.000,-4.000,-20.000,0.000,0.735,frame,1.892,1.960,1.613,0.735,0.735,0.788,0.690,nan,0.000
косой 15° (правая вверх),atlas,стоит,0.100,0.000,16.000,0.000,15.000,0.489,frame,0.497,1.787,1.516,0.489,0.489,0.262,0.566,nan,0.000
косой 15° (правая вверх),atlas,"стоит, трапеция от себя (нос вверх)",0.100,0.000,36.000,0.000,15.000,-0.465,tips,-0.465,1.476,0.802,0.695,-0.465,0.262,-0.083,nan,0.000
косой 15° (правая вверх),atlas,"стоит, трапеция на себя (нос вниз)",0.100,0.000,-4.000,0.000,15.000,0.198,frame,1.014,1.783,1.909,0.198,0.198,0.262,0.203,nan,0.000
косой 15° (правая вверх),atlas,"стоит, A (поворот на месте)",0.300,0.000,14.631,-3.579,14.604,0.446,tips,0.446,1.775,1.459,0.523,0.446,0.324,0.542,nan,0.000
косой 15° (правая вверх),atlas,"разбег, A (дуга)",0.300,0.007,14.631,-3.579,14.604,0.445,tips,0.445,1.775,1.459,0.523,0.446,0.324,0.542,nan,0.000
косой 15° (правая вверх),atlas,шагом,0.100,0.000,16.000,0.000,15.000,0.489,frame,0.497,1.787,1.516,0.489,0.489,0.262,0.566,nan,0.000
косой 15° (правая вверх),atlas,разбег,0.100,0.000,16.000,0.000,15.000,0.489,frame,0.497,1.787,1.516,0.489,0.489,0.262,0.566,nan,0.000
ровно,combat,стоит,0.100,0.000,17.000,0.000,0.000,0.686,frame,1.415,1.811,1.655,0.686,0.686,0.442,0.773,nan,0.000
ровно,combat,"стоит, трапеция от себя (нос вверх)",0.100,0.000,37.000,0.000,0.000,0.613,tips,0.613,1.533,1.024,0.892,0.613,0.442,1.016,nan,0.000
ровно,combat,"стоит, трапеция на себя (нос вниз)",0.100,0.000,-3.000,0.000,0.000,0.395,frame,1.953,1.797,1.912,0.395,0.395,0.442,0.398,nan,0.000
ровно,combat,"стоит, A (поворот на месте)",0.100,0.000,17.000,0.000,0.000,0.686,frame,1.415,1.811,1.655,0.686,0.686,0.442,0.773,nan,0.000
ровно,combat,"разбег, A (дуга)",4.900,0.194,17.000,0.000,0.000,0.684,frame,1.398,1.811,1.655,0.684,0.686,0.442,0.772,nan,0.000
ровно,combat,шагом,0.100,0.000,17.000,0.000,0.000,0.686,frame,1.415,1.811,1.655,0.686,0.686,0.442,0.773,nan,0.000
ровно,combat,разбег,0.100,0.000,17.000,0.000,0.000,0.686,frame,1.415,1.811,1.655,0.686,0.686,0.442,0.773,nan,0.000
склон 20° по курсу,combat,стоит,0.100,0.000,-3.000,-20.000,0.000,0.730,frame,1.505,1.928,1.761,0.730,0.730,0.769,0.694,nan,0.000
склон 20° по курсу,combat,"стоит, трапеция от себя (нос вверх)",0.100,0.000,17.000,-20.000,0.000,0.652,tips,0.652,1.631,1.090,0.949,0.652,0.769,0.953,nan,0.000
склон 20° по курсу,combat,"стоит, трапеция на себя (нос вниз)",0.100,0.000,-23.000,-20.000,0.000,0.420,frame,2.078,1.913,2.035,0.420,0.420,0.769,0.295,nan,0.000
склон 20° по курсу,combat,"стоит, A (поворот на месте)",2.000,0.000,11.845,0.000,-20.000,-0.286,tips,-0.286,1.695,1.504,0.384,-0.286,0.031,-0.244,nan,0.000
склон 20° по курсу,combat,"разбег, A (дуга)",9.900,0.156,27.585,6.173,19.164,-0.557,tips,-0.557,1.644,1.266,0.517,-0.542,0.127,-0.428,nan,0.000
склон 20° по курсу,combat,шагом,1.100,0.000,-3.000,-20.000,0.000,0.730,frame,1.505,1.928,1.761,0.730,0.730,0.769,0.694,nan,0.000
склон 20° по курсу,combat,разбег,5.500,0.000,-3.000,-20.000,0.000,0.730,frame,1.505,1.928,1.761,0.730,0.730,0.769,0.694,nan,0.000
косой 15° (правая вверх),combat,стоит,0.100,0.000,17.000,0.000,15.000,0.028,tips,0.028,1.753,1.461,0.518,0.028,0.279,0.115,nan,0.000
косой 15° (правая вверх),combat,"стоит, трапеция от себя (нос вверх)",0.100,0.000,37.000,0.000,15.000,-0.774,tips,-0.774,1.462,0.825,0.717,-0.774,0.279,-0.371,nan,0.000
косой 15° (правая вверх),combat,"стоит, трапеция на себя (нос вниз)",0.100,0.000,-3.000,0.000,15.000,0.231,frame,0.591,1.717,1.824,0.231,0.231,0.279,0.234,nan,0.000
косой 15° (правая вверх),combat,"стоит, A (поворот на месте)",0.200,0.000,16.343,-2.400,14.824,-0.018,tips,-0.018,1.743,1.418,0.542,-0.018,0.318,0.086,nan,0.000
косой 15° (правая вверх),combat,"разбег, A (дуга)",0.200,0.003,16.343,-2.400,14.824,-0.018,tips,-0.018,1.743,1.417,0.542,-0.018,0.318,0.086,nan,0.000
косой 15° (правая вверх),combat,шагом,0.100,0.000,17.000,0.000,15.000,0.028,tips,0.028,1.753,1.461,0.518,0.028,0.279,0.115,nan,0.000
косой 15° (правая вверх),combat,разбег,0.100,0.000,17.000,0.000,15.000,0.028,tips,0.028,1.753,1.461,0.518,0.028,0.279,0.115,nan,0.000
ровно,laminar,стоит,0.100,0.000,17.000,0.000,0.000,0.704,frame,1.478,1.833,1.623,0.704,0.704,0.462,0.791,nan,0.000
ровно,laminar,"стоит, трапеция от себя (нос вверх)",0.100,0.000,37.000,0.000,0.000,0.607,tips,0.607,1.533,0.958,0.905,0.607,0.462,1.010,nan,0.000
ровно,laminar,"стоит, трапеция на себя (нос вниз)",0.100,0.000,-3.000,0.000,0.000,0.414,frame,2.040,1.902,1.912,0.414,0.414,0.462,0.417,nan,0.000
ровно,laminar,"стоит, A (поворот на месте)",0.100,0.000,17.000,0.000,0.000,0.704,frame,1.478,1.833,1.623,0.704,0.704,0.462,0.791,nan,0.000
ровно,laminar,"разбег, A (дуга)",5.100,0.163,17.000,0.000,0.000,0.702,frame,1.464,1.833,1.623,0.702,0.704,0.462,0.789,nan,0.000
ровно,laminar,шагом,0.100,0.000,17.000,0.000,0.000,0.704,frame,1.478,1.833,1.623,0.704,0.704,0.462,0.791,nan,0.000
ровно,laminar,разбег,0.100,0.000,17.000,0.000,0.000,0.704,frame,1.478,1.833,1.623,0.704,0.704,0.462,0.791,nan,0.000
склон 20° по курсу,laminar,стоит,0.100,0.000,-3.000,-20.000,0.000,0.749,frame,1.573,1.950,1.727,0.749,0.749,0.788,0.714,nan,0.000
склон 20° по курсу,laminar,"стоит, трапеция от себя (нос вверх)",0.100,0.000,17.000,-20.000,0.000,0.646,tips,0.646,1.631,1.020,0.963,0.646,0.788,0.947,nan,0.000
склон 20° по курсу,laminar,"стоит, трапеция на себя (нос вниз)",0.100,0.000,-23.000,-20.000,0.000,0.441,frame,2.171,2.024,2.035,0.441,0.441,0.788,0.315,nan,0.000
склон 20° по курсу,laminar,"стоит, A (поворот на месте)",2.000,0.000,11.991,0.000,-20.000,-0.202,tips,-0.202,1.760,1.525,0.375,-0.202,0.131,-0.159,nan,0.000
склон 20° по курсу,laminar,"разбег, A (дуга)",9.900,0.137,27.138,5.777,19.271,-0.507,tips,-0.507,1.697,1.277,0.504,-0.494,0.121,-0.377,nan,0.000
склон 20° по курсу,laminar,шагом,1.100,0.000,-3.000,-20.000,0.000,0.749,frame,1.573,1.950,1.727,0.749,0.749,0.788,0.714,nan,0.000
склон 20° по курсу,laminar,разбег,1.300,0.000,-3.000,-20.000,0.000,0.749,frame,1.573,1.950,1.727,0.749,0.749,0.788,0.714,nan,0.000
склон 20° по курсу,laminar,"после отрыва ≤1,5 с",2.200,0.000,-3.577,-20.000,0.000,0.744,frame,1.600,1.958,1.747,0.744,0.744,0.790,0.702,nan,0.000
косой 15° (правая вверх),laminar,стоит,0.100,0.000,17.000,0.000,15.000,0.098,tips,0.098,1.809,1.475,0.510,0.098,0.270,0.186,nan,0.000
косой 15° (правая вверх),laminar,"стоит, трапеция от себя (нос вверх)",0.100,0.000,37.000,0.000,15.000,-0.772,tips,-0.772,1.510,0.811,0.710,-0.772,0.270,-0.370,nan,0.000
косой 15° (правая вверх),laminar,"стоит, трапеция на себя (нос вниз)",0.100,0.000,-3.000,0.000,15.000,0.223,frame,0.693,1.746,1.898,0.223,0.223,0.270,0.225,nan,0.000
косой 15° (правая вверх),laminar,"стоит, A (поворот на месте)",0.300,0.000,15.708,-3.579,14.604,0.047,tips,0.047,1.797,1.418,0.544,0.047,0.332,0.155,nan,0.000
косой 15° (правая вверх),laminar,"разбег, A (дуга)",0.300,0.007,15.708,-3.579,14.604,0.046,tips,0.046,1.797,1.418,0.544,0.047,0.332,0.155,nan,0.000
косой 15° (правая вверх),laminar,"после отрыва ≤1,5 с (A зажата — крен ввода в воздухе)",4.700,-47.408,-0.969,-13.374,-7.044,-3.257,tips,-3.257,0.670,0.416,-0.003,0.715,0.728,-2.434,nan,0.000
косой 15° (правая вверх),laminar,шагом,0.100,0.000,17.000,0.000,15.000,0.098,tips,0.098,1.809,1.475,0.510,0.098,0.270,0.186,nan,0.000
косой 15° (правая вверх),laminar,разбег,0.100,0.000,17.000,0.000,15.000,0.098,tips,0.098,1.809,1.475,0.510,0.098,0.270,0.186,nan,0.000
ровно,magic,стоит,0.100,0.000,17.000,0.000,0.000,0.704,frame,1.551,1.833,1.614,0.704,0.704,0.462,0.791,nan,0.000
ровно,magic,"стоит, трапеция от себя (нос вверх)",0.100,0.000,37.000,0.000,0.000,0.545,tips,0.545,1.533,0.946,0.905,0.545,0.462,0.948,nan,0.000
ровно,magic,"стоит, трапеция на себя (нос вниз)",0.100,0.000,-3.000,0.000,0.000,0.414,frame,2.101,1.873,1.912,0.414,0.414,0.462,0.417,nan,0.000
ровно,magic,"стоит, A (поворот на месте)",0.100,0.000,17.000,0.000,0.000,0.704,frame,1.551,1.833,1.614,0.704,0.704,0.462,0.791,nan,0.000
ровно,magic,"разбег, A (дуга)",5.200,0.155,17.000,0.000,0.000,0.702,frame,1.538,1.833,1.614,0.702,0.704,0.462,0.789,nan,0.000
ровно,magic,шагом,0.100,0.000,17.000,0.000,0.000,0.704,frame,1.551,1.833,1.614,0.704,0.704,0.462,0.791,nan,0.000
ровно,magic,разбег,0.100,0.000,17.000,0.000,0.000,0.704,frame,1.551,1.833,1.614,0.704,0.704,0.462,0.791,nan,0.000
склон 20° по курсу,magic,стоит,0.100,0.000,-3.000,-20.000,0.000,0.749,frame,1.651,1.950,1.718,0.749,0.749,0.788,0.714,nan,0.000
склон 20° по курсу,magic,"стоит, трапеция от себя (нос вверх)",0.100,0.000,17.000,-20.000,0.000,0.580,tips,0.580,1.631,1.007,0.963,0.580,0.788,0.880,nan,0.000
склон 20° по курсу,magic,"стоит, трапеция на себя (нос вниз)",0.100,0.000,-23.000,-20.000,0.000,0.441,frame,2.236,1.993,2.035,0.441,0.441,0.788,0.315,nan,0.000
склон 20° по курсу,magic,"стоит, A (поворот на месте)",2.000,0.000,12.050,0.000,-20.000,-0.104,tips,-0.104,1.807,1.531,0.372,-0.104,0.197,-0.060,nan,0.000
склон 20° по курсу,magic,"разбег, A (дуга)",9.900,0.131,24.647,2.972,19.812,-0.530,tips,-0.530,1.720,1.246,0.494,-0.518,0.154,-0.390,nan,0.000
склон 20° по курсу,magic,шагом,1.100,0.000,-3.000,-20.000,0.000,0.749,frame,1.651,1.950,1.718,0.749,0.749,0.788,0.714,nan,0.000
склон 20° по курсу,magic,разбег,0.800,0.000,-3.000,-20.000,0.000,0.749,frame,1.651,1.950,1.718,0.749,0.749,0.788,0.714,nan,0.000
склон 20° по курсу,magic,"после отрыва ≤1,5 с",2.100,0.000,-3.301,-20.000,0.000,0.745,frame,1.666,1.954,1.726,0.745,0.745,0.788,0.707,nan,0.000
косой 15° (правая вверх),magic,стоит,0.100,0.000,17.000,0.000,15.000,0.177,tips,0.177,1.832,1.476,0.507,0.177,0.267,0.264,nan,0.000
косой 15° (правая вверх),magic,"стоит, трапеция от себя (нос вверх)",0.100,0.000,37.000,0.000,15.000,-0.830,tips,-0.830,1.520,0.787,0.708,-0.830,0.267,-0.427,nan,0.000
косой 15° (правая вверх),magic,"стоит, трапеция на себя (нос вниз)",0.100,0.000,-3.000,0.000,15.000,0.220,frame,0.789,1.765,1.911,0.220,0.220,0.267,0.223,nan,0.000
косой 15° (правая вверх),magic,"стоит, A (поворот на месте)",0.300,0.000,15.696,-3.579,14.604,0.110,tips,0.110,1.812,1.417,0.541,0.110,0.329,0.219,nan,0.000
косой 15° (правая вверх),magic,"разбег, A (дуга)",0.300,0.007,15.696,-3.579,14.604,0.110,tips,0.110,1.812,1.416,0.541,0.110,0.329,0.218,nan,0.000
косой 15° (правая вверх),magic,"после отрыва ≤1,5 с (A зажата — крен ввода в воздухе)",4.700,-42.111,-0.533,-13.557,-6.665,-2.718,tips,-2.718,0.898,0.632,0.103,0.741,0.748,-2.048,nan,0.000
косой 15° (правая вверх),magic,шагом,0.100,0.000,17.000,0.000,15.000,0.177,tips,0.177,1.832,1.476,0.507,0.177,0.267,0.264,nan,0.000
косой 15° (правая вверх),magic,разбег,0.100,0.000,17.000,0.000,15.000,0.177,tips,0.177,1.832,1.476,0.507,0.177,0.267,0.264,nan,0.000
ровно,slavutich_ut,стоит,0.100,0.000,16.000,0.000,0.000,0.691,frame,1.893,1.842,1.521,0.691,0.691,0.462,0.769,nan,0.000
ровно,slavutich_ut,"стоит, трапеция от себя (нос вверх)",0.100,0.000,36.000,0.000,0.000,0.807,tail,0.900,1.553,0.807,0.897,0.807,0.462,1.189,nan,0.000
ровно,slavutich_ut,"стоит, трапеция на себя (нос вниз)",0.100,0.000,-4.000,0.000,0.000,0.398,frame,2.199,1.901,1.910,0.398,0.398,0.462,0.403,nan,0.000
ровно,slavutich_ut,"стоит, A (поворот на месте)",0.100,0.000,16.000,0.000,0.000,0.691,frame,1.893,1.842,1.521,0.691,0.691,0.462,0.769,nan,0.000
ровно,slavutich_ut,"разбег, A (дуга)",5.700,0.156,16.000,0.000,0.000,0.689,frame,1.882,1.842,1.521,0.689,0.691,0.462,0.767,nan,0.000
ровно,slavutich_ut,шагом,0.100,0.000,16.000,0.000,0.000,0.691,frame,1.893,1.842,1.521,0.691,0.691,0.462,0.769,nan,0.000
ровно,slavutich_ut,разбег,0.100,0.000,16.000,0.000,0.000,0.691,frame,1.893,1.842,1.521,0.691,0.691,0.462,0.769,nan,0.000
склон 20° по курсу,slavutich_ut,стоит,0.100,0.000,-4.000,-20.000,0.000,0.735,frame,2.014,1.960,1.618,0.735,0.735,0.788,0.690,nan,0.000
склон 20° по курсу,slavutich_ut,"стоит, трапеция от себя (нос вверх)",0.100,0.000,16.000,-20.000,0.000,0.859,tail,0.958,1.652,0.859,0.955,0.859,0.788,1.137,nan,0.000
склон 20° по курсу,slavutich_ut,"стоит, трапеция на себя (нос вниз)",0.100,0.000,-24.000,-20.000,0.000,0.423,frame,2.340,2.023,2.032,0.423,0.423,0.788,0.300,nan,0.000
склон 20° по курсу,slavutich_ut,"стоит, A (поворот на месте)",2.100,0.000,12.799,1.636,-19.943,0.350,frame,0.454,1.753,1.586,0.350,0.350,0.162,0.387,nan,0.000
склон 20° по курсу,slavutich_ut,"разбег, A (дуга)",9.700,0.136,20.125,-0.464,19.995,0.106,tips,0.106,1.673,1.258,0.466,0.118,0.194,0.235,nan,0.000
склон 20° по курсу,slavutich_ut,шагом,1.100,0.000,-4.000,-20.000,0.000,0.735,frame,2.014,1.960,1.618,0.735,0.735,0.788,0.690,nan,0.000
склон 20° по курсу,slavutich_ut,разбег,0.100,0.000,-4.000,-20.000,0.000,0.735,frame,2.014,1.960,1.618,0.735,0.735,0.788,0.690,nan,0.000
склон 20° по курсу,slavutich_ut,"после отрыва ≤1,5 с",2.000,0.000,-4.097,-20.000,0.000,0.734,frame,2.017,1.961,1.622,0.734,0.734,0.788,0.687,nan,0.000
косой 15° (правая вверх),slavutich_ut,стоит,0.100,0.000,16.000,0.000,15.000,0.486,frame,0.741,1.813,1.513,0.486,0.486,0.259,0.564,nan,0.000
косой 15° (правая вверх),slavutich_ut,"стоит, трапеция от себя (нос вверх)",0.100,0.000,36.000,0.000,15.000,-0.280,tips,-0.280,1.532,0.735,0.692,-0.280,0.259,0.102,nan,0.000
косой 15° (правая вверх),slavutich_ut,"стоит, трапеция на себя (нос вниз)",0.100,0.000,-4.000,0.000,15.000,0.196,frame,1.157,1.795,1.909,0.196,0.196,0.259,0.201,nan,0.000
косой 15° (правая вверх),slavutich_ut,"стоит, A (поворот на месте)",0.100,0.000,15.741,-1.204,14.956,0.499,frame,0.719,1.807,1.481,0.499,0.499,0.279,0.585,nan,0.000
косой 15° (правая вверх),slavutich_ut,"разбег, A (дуга)",0.100,0.000,15.741,-1.204,14.956,0.499,frame,0.719,1.807,1.481,0.499,0.499,0.279,0.585,nan,0.000
косой 15° (правая вверх),slavutich_ut,"после отрыва ≤1,5 с (A зажата — крен ввода в воздухе)",4.600,-33.817,-0.029,-14.217,-4.985,-0.657,tips,-0.657,1.671,1.407,0.698,1.214,1.215,-0.221,nan,0.000
косой 15° (правая вверх),slavutich_ut,шагом,0.100,0.000,16.000,0.000,15.000,0.486,frame,0.741,1.813,1.513,0.486,0.486,0.259,0.564,nan,0.000
косой 15° (правая вверх),slavutich_ut,разбег,0.100,0.000,16.000,0.000,15.000,0.486,frame,0.741,1.813,1.513,0.486,0.486,0.259,0.564,nan,0.000
ровно,sport,стоит,0.100,0.000,17.000,0.000,0.000,0.686,frame,1.456,1.811,1.640,0.686,0.686,0.442,0.773,nan,0.000
ровно,sport,"стоит, трапеция от себя (нос вверх)",0.100,0.000,37.000,0.000,0.000,0.685,tips,0.685,1.533,0.994,0.892,0.685,0.442,1.088,nan,0.000
ровно,sport,"стоит, трапеция на себя (нос вниз)",0.100,0.000,-3.000,0.000,0.000,0.395,frame,1.946,1.797,1.912,0.395,0.395,0.442,0.398,nan,0.000
ровно,sport,"стоит, A (поворот на месте)",0.100,0.000,17.000,0.000,0.000,0.686,frame,1.456,1.811,1.640,0.686,0.686,0.442,0.773,nan,0.000
ровно,sport,"разбег, A (дуга)",4.800,0.180,17.000,0.000,0.000,0.685,frame,1.440,1.811,1.640,0.685,0.686,0.442,0.772,nan,0.000
ровно,sport,шагом,0.100,0.000,17.000,0.000,0.000,0.686,frame,1.456,1.811,1.640,0.686,0.686,0.442,0.773,nan,0.000
ровно,sport,разбег,0.100,0.000,17.000,0.000,0.000,0.686,frame,1.456,1.811,1.640,0.686,0.686,0.442,0.773,nan,0.000
склон 20° по курсу,sport,стоит,0.100,0.000,-3.000,-20.000,0.000,0.730,frame,1.549,1.928,1.746,0.730,0.730,0.769,0.694,nan,0.000
склон 20° по курсу,sport,"стоит, трапеция от себя (нос вверх)",0.100,0.000,17.000,-20.000,0.000,0.729,tips,0.729,1.631,1.058,0.949,0.729,0.769,1.030,nan,0.000
склон 20° по курсу,sport,"стоит, трапеция на себя (нос вниз)",0.100,0.000,-23.000,-20.000,0.000,0.420,frame,2.070,1.913,2.035,0.420,0.420,0.769,0.295,nan,0.000
склон 20° по курсу,sport,"стоит, A (поворот на месте)",2.000,0.000,11.789,0.000,-20.000,-0.262,tips,-0.262,1.716,1.499,0.384,-0.262,0.021,-0.220,nan,0.000
склон 20° по курсу,sport,"разбег, A (дуга)",9.900,0.146,28.649,7.409,18.776,-0.467,tips,-0.467,1.665,1.273,0.522,-0.453,0.113,-0.345,nan,0.000
склон 20° по курсу,sport,шагом,1.100,0.000,-3.000,-20.000,0.000,0.730,frame,1.549,1.928,1.746,0.730,0.730,0.769,0.694,nan,0.000
склон 20° по курсу,sport,разбег,5.600,0.000,-3.000,-20.000,0.000,0.730,frame,1.549,1.928,1.746,0.730,0.730,0.769,0.694,nan,0.000
косой 15° (правая вверх),sport,стоит,0.100,0.000,17.000,0.000,15.000,0.062,tips,0.062,1.767,1.455,0.518,0.062,0.279,0.150,nan,0.000
косой 15° (правая вверх),sport,"стоит, трапеция от себя (нос вверх)",0.100,0.000,37.000,0.000,15.000,-0.708,tips,-0.708,1.457,0.811,0.717,-0.708,0.279,-0.305,nan,0.000
косой 15° (правая вверх),sport,"стоит, трапеция на себя (нос вниз)",0.100,0.000,-3.000,0.000,15.000,0.231,frame,0.577,1.705,1.873,0.231,0.231,0.279,0.234,nan,0.000
косой 15° (правая вверх),sport,"стоит, A (поворот на месте)",0.200,0.000,16.348,-2.400,14.824,0.019,tips,0.019,1.755,1.410,0.542,0.019,0.318,0.124,nan,0.000
косой 15° (правая вверх),sport,"разбег, A (дуга)",0.200,0.003,16.348,-2.400,14.824,0.019,tips,0.019,1.755,1.410,0.542,0.019,0.318,0.123,nan,0.000
косой 15° (правая вверх),sport,шагом,0.100,0.000,17.000,0.000,15.000,0.062,tips,0.062,1.767,1.455,0.518,0.062,0.279,0.150,nan,0.000
косой 15° (правая вверх),sport,разбег,0.100,0.000,17.000,0.000,15.000,0.062,tips,0.062,1.767,1.455,0.518,0.062,0.279,0.150,nan,0.000
ровно,target,стоит,0.100,0.000,16.000,0.000,0.000,0.639,frame,1.701,1.842,1.618,0.639,0.639,0.410,0.716,nan,0.000
ровно,target,"стоит, трапеция от себя (нос вверх)",0.100,0.000,36.000,0.000,0.000,0.690,tips,0.690,1.553,0.924,0.843,0.690,0.410,1.072,nan,0.000
ровно,target,"стоит, трапеция на себя (нос вниз)",0.100,0.000,-4.000,0.000,0.000,0.346,frame,2.163,1.901,1.910,0.346,0.346,0.410,0.351,nan,0.000
ровно,target,"стоит, A (поворот на месте)",0.100,0.000,16.000,0.000,0.000,0.639,frame,1.701,1.842,1.618,0.639,0.639,0.410,0.716,nan,0.000
ровно,target,"разбег, A (дуга)",5.500,0.155,16.000,0.000,0.000,0.637,frame,1.689,1.842,1.618,0.637,0.639,0.410,0.714,nan,0.000
ровно,target,шагом,0.100,0.000,16.000,0.000,0.000,0.639,frame,1.701,1.842,1.618,0.639,0.639,0.410,0.716,nan,0.000
ровно,target,разбег,0.100,0.000,16.000,0.000,0.000,0.639,frame,1.701,1.842,1.618,0.639,0.639,0.410,0.716,nan,0.000
склон 20° по курсу,target,стоит,0.100,0.000,-4.000,-20.000,0.000,0.680,frame,1.810,1.960,1.722,0.680,0.680,0.731,0.634,nan,0.000
склон 20° по курсу,target,"стоит, трапеция от себя (нос вверх)",0.100,0.000,16.000,-20.000,0.000,0.735,tips,0.735,1.652,0.984,0.897,0.735,0.731,1.013,nan,0.000
склон 20° по курсу,target,"стоит, трапеция на себя (нос вниз)",0.100,0.000,-24.000,-20.000,0.000,0.368,frame,2.302,2.023,2.032,0.368,0.368,0.731,0.245,nan,0.000
склон 20° по курсу,target,"стоит, A (поворот на месте)",2.000,0.000,11.357,0.000,-20.000,0.135,tips,0.135,1.728,1.543,0.272,0.135,0.102,0.175,nan,0.000
склон 20° по курсу,target,"разбег, A (дуга)",9.900,0.136,20.963,0.489,19.995,-0.270,tips,-0.270,1.635,1.251,0.383,-0.258,0.095,-0.142,nan,0.000
склон 20° по курсу,target,шагом,1.100,0.000,-4.000,-20.000,0.000,0.680,frame,1.810,1.960,1.722,0.680,0.680,0.731,0.634,nan,0.000
склон 20° по курсу,target,разбег,2.000,0.000,-4.000,-20.000,0.000,0.680,frame,1.810,1.960,1.722,0.680,0.680,0.731,0.634,nan,0.000
склон 20° по курсу,target,"после отрыва ≤1,5 с",2.100,0.000,-4.088,-20.000,0.000,0.679,frame,1.815,1.962,1.726,0.679,0.679,0.732,0.633,nan,0.000
косой 15° (правая вверх),target,стоит,0.100,0.000,16.000,0.000,15.000,0.413,frame,0.415,1.776,1.495,0.413,0.413,0.184,0.490,nan,0.000
косой 15° (правая вверх),target,"стоит, трапеция от себя (нос вверх)",0.100,0.000,36.000,0.000,15.000,-0.596,tips,-0.596,1.461,0.769,0.616,-0.596,0.184,-0.214,nan,0.000
косой 15° (правая вверх),target,"стоит, трапеция на себя (нос вниз)",0.100,0.000,-4.000,0.000,15.000,0.120,frame,1.004,1.779,1.860,0.120,0.120,0.184,0.125,nan,0.000
косой 15° (правая вверх),target,"стоит, A (поворот на месте)",0.300,0.000,14.630,-3.579,14.604,0.350,tips,0.350,1.763,1.434,0.447,0.350,0.246,0.446,nan,0.000
косой 15° (правая вверх),target,"разбег, A (дуга)",0.300,0.007,14.630,-3.579,14.604,0.349,tips,0.349,1.763,1.434,0.447,0.350,0.246,0.446,nan,0.000
косой 15° (правая вверх),target,"после отрыва ≤1,5 с (A зажата — крен ввода в воздухе)",4.700,-50.638,-0.896,-12.624,-8.368,-3.353,tips,-3.353,0.331,0.053,-0.321,0.490,0.502,-2.398,nan,0.000
косой 15° (правая вверх),target,шагом,0.100,0.000,16.000,0.000,15.000,0.413,frame,0.415,1.776,1.495,0.413,0.413,0.184,0.490,nan,0.000
косой 15° (правая вверх),target,разбег,0.100,0.000,16.000,0.000,15.000,0.413,frame,0.415,1.776,1.495,0.413,0.413,0.184,0.490,nan,0.000
ровно,training,стоит,0.100,0.000,16.000,0.000,0.000,0.639,frame,1.748,1.842,1.627,0.639,0.639,0.410,0.716,nan,0.000
ровно,training,"стоит, трапеция от себя (нос вверх)",0.100,0.000,36.000,0.000,0.000,0.800,tips,0.800,1.553,0.942,0.843,0.800,0.410,1.182,nan,0.000
ровно,training,"стоит, трапеция на себя (нос вниз)",0.100,0.000,-4.000,0.000,0.000,0.346,frame,2.153,1.901,1.910,0.346,0.346,0.410,0.351,nan,0.000
ровно,training,"стоит, A (поворот на месте)",0.100,0.000,16.000,0.000,0.000,0.639,frame,1.748,1.842,1.627,0.639,0.639,0.410,0.716,nan,0.000
ровно,training,"разбег, A (дуга)",5.700,0.151,16.000,0.000,0.000,0.637,frame,1.736,1.842,1.627,0.637,0.639,0.410,0.714,nan,0.000
ровно,training,шагом,0.100,0.000,16.000,0.000,0.000,0.639,frame,1.748,1.842,1.627,0.639,0.639,0.410,0.716,nan,0.000
ровно,training,разбег,0.100,0.000,16.000,0.000,0.000,0.639,frame,1.748,1.842,1.627,0.639,0.639,0.410,0.716,nan,0.000
склон 20° по курсу,training,стоит,0.100,0.000,-4.000,-20.000,0.000,0.680,frame,1.860,1.960,1.731,0.680,0.680,0.731,0.634,nan,0.000
склон 20° по курсу,training,"стоит, трапеция от себя (нос вверх)",0.100,0.000,16.000,-20.000,0.000,0.852,tips,0.852,1.652,1.002,0.897,0.852,0.731,1.130,nan,0.000
склон 20° по курсу,training,"стоит, трапеция на себя (нос вниз)",0.100,0.000,-24.000,-20.000,0.000,0.368,frame,2.291,2.023,2.032,0.368,0.368,0.731,0.245,nan,0.000
склон 20° по курсу,training,"стоит, A (поворот на месте)",2.000,0.000,11.353,0.000,-20.000,0.222,tips,0.222,1.743,1.564,0.272,0.222,0.102,0.261,nan,0.000
склон 20° по курсу,training,"разбег, A (дуга)",9.900,0.134,26.519,6.555,19.053,-0.034,tips,-0.034,1.690,1.327,0.397,-0.022,0.015,0.075,nan,0.000
склон 20° по курсу,training,шагом,1.100,0.000,-4.000,-20.000,0.000,0.680,frame,1.860,1.960,1.731,0.680,0.680,0.731,0.634,nan,0.000
склон 20° по курсу,training,разбег,1.800,0.000,-4.000,-20.000,0.000,0.680,frame,1.860,1.960,1.731,0.680,0.680,0.731,0.634,nan,0.000
склон 20° по курсу,training,"после отрыва ≤1,5 с",2.000,0.000,-4.083,-20.000,0.000,0.683,frame,1.867,1.965,1.738,0.683,0.683,0.735,0.636,nan,0.000
косой 15° (правая вверх),training,стоит,0.100,0.000,16.000,0.000,15.000,0.413,frame,0.502,1.790,1.519,0.413,0.413,0.184,0.490,nan,0.000
косой 15° (правая вверх),training,"стоит, трапеция от себя (нос вверх)",0.100,0.000,36.000,0.000,15.000,-0.446,tips,-0.446,1.484,0.813,0.616,-0.446,0.184,-0.064,nan,0.000
косой 15° (правая вверх),training,"стоит, трапеция на себя (нос вниз)",0.100,0.000,-4.000,0.000,15.000,0.120,frame,1.026,1.784,1.909,0.120,0.120,0.184,0.125,nan,0.000
косой 15° (правая вверх),training,"стоит, A (поворот на месте)",0.100,0.000,15.737,-1.204,14.956,0.425,frame,0.465,1.782,1.491,0.425,0.425,0.203,0.511,nan,0.000
косой 15° (правая вверх),training,"разбег, A (дуга)",0.100,0.000,15.737,-1.204,14.956,0.425,frame,0.465,1.782,1.491,0.425,0.425,0.203,0.511,nan,0.000
косой 15° (правая вверх),training,"после отрыва ≤1,5 с (A зажата — крен ввода в воздухе)",4.300,-48.678,0.545,-13.754,-6.221,-2.611,tips,-2.611,0.827,0.510,0.092,0.870,0.862,-1.765,nan,0.000
косой 15° (правая вверх),training,шагом,0.100,0.000,16.000,0.000,15.000,0.413,frame,0.502,1.790,1.519,0.413,0.413,0.184,0.490,nan,0.000
косой 15° (правая вверх),training,разбег,0.100,0.000,16.000,0.000,15.000,0.413,frame,0.502,1.790,1.519,0.413,0.413,0.184,0.490,nan,0.000
altai/sinyukha_west,sport,стоит,0.100,0.000,-1.900,-14.665,0.435,0.725,frame,2.128,1.902,1.864,0.725,0.725,0.750,0.702,0.691,0.029
altai/sinyukha_west,sport,"стоит, трапеция от себя (нос вверх)",0.100,0.000,18.100,-14.665,0.435,0.939,frame,1.498,1.676,1.304,0.939,0.939,0.750,1.257,0.906,0.029
altai/sinyukha_west,sport,"стоит, трапеция на себя (нос вниз)",0.100,0.000,-21.900,-14.665,0.435,0.420,frame,2.375,1.891,2.020,0.420,0.420,0.750,0.292,0.385,0.029
altai/sinyukha_west,sport,"стоит, A (поворот на месте)",1.700,0.000,3.625,-4.112,-14.406,0.470,frame,0.966,1.813,1.828,0.470,0.470,0.418,0.489,0.470,0.029
altai/sinyukha_west,sport,"разбег, A (дуга)",3.400,0.183,10.289,-4.880,-14.319,0.220,tips,0.220,1.796,1.520,0.511,0.203,0.366,0.292,-0.234,0.793
altai/sinyukha_west,sport,шагом,4.000,-0.000,-2.986,-19.578,-0.929,0.725,frame,2.017,1.926,1.759,0.725,0.725,0.765,0.692,0.704,0.000
altai/sinyukha_west,sport,разбег,9.900,0.000,-10.250,-27.259,-11.364,0.593,tips,0.593,2.012,1.733,0.652,0.593,0.168,0.442,0.585,0.041
altai/sinyukha_west,magic,стоит,0.100,0.000,-1.900,-14.665,0.435,0.776,frame,2.262,1.937,1.811,0.776,0.776,0.800,0.753,0.697,0.029
altai/sinyukha_west,magic,"стоит, трапеция от себя (нос вверх)",0.100,0.000,18.100,-14.665,0.435,0.980,frame,1.485,1.676,1.268,0.980,0.980,0.800,1.299,0.906,0.029
altai/sinyukha_west,magic,"стоит, трапеция на себя (нос вниз)",0.100,0.000,-21.900,-14.665,0.435,0.473,frame,2.514,1.980,2.020,0.473,0.473,0.800,0.345,0.393,0.029
altai/sinyukha_west,magic,"стоит, A (поворот на месте)",1.700,0.000,3.775,-4.112,-14.406,0.468,frame,1.112,1.889,1.878,0.468,0.468,0.413,0.487,0.467,0.029
altai/sinyukha_west,magic,"разбег, A (дуга)",3.400,0.157,10.361,-4.938,-14.255,0.334,tips,0.334,1.855,1.541,0.503,0.319,0.357,0.408,-0.188,0.788
altai/sinyukha_west,magic,шагом,4.000,-0.000,-2.995,-19.578,-0.929,0.776,frame,2.092,1.950,1.729,0.776,0.776,0.815,0.742,0.711,0.000
altai/sinyukha_west,magic,разбег,3.800,0.000,-3.627,-21.171,-9.661,0.626,frame,1.243,1.958,1.683,0.626,0.626,0.673,0.583,0.580,0.113
altai/sinyukha_west,magic,"после отрыва ≤1,5 с",4.000,0.000,-0.953,-23.387,-9.726,0.976,frame,1.268,2.145,1.808,0.976,0.976,0.987,0.960,0.974,-0.211
altai/sinyukha_east,sport,стоит,0.100,0.000,-3.619,-16.486,-0.810,0.716,frame,1.865,1.882,1.931,0.716,0.716,0.761,0.662,0.716,0.000
altai/sinyukha_east,sport,"стоит, трапеция от себя (нос вверх)",0.100,0.000,16.381,-16.486,-0.810,0.920,frame,1.022,1.743,1.378,0.920,0.920,0.761,1.259,0.920,0.000
altai/sinyukha_east,sport,"стоит, трапеция на себя (нос вниз)",0.100,0.000,-23.619,-16.486,-0.810,0.411,frame,2.253,1.915,2.023,0.411,0.411,0.761,0.249,0.411,0.000
altai/sinyukha_east,sport,"стоит, A (поворот на месте)",1.400,0.000,1.864,-7.403,-14.627,0.426,frame,0.980,1.812,1.838,0.426,0.426,0.402,0.445,0.426,0.000
altai/sinyukha_east,sport,"разбег, A (дуга)",4.300,0.187,12.643,-1.885,-22.352,-0.561,tips,-0.561,1.659,1.386,0.391,-0.580,-0.234,-0.494,-1.041,0.181
altai/sinyukha_east,sport,шагом,0.100,0.000,-3.641,-16.562,-0.749,0.721,frame,1.871,1.888,1.931,0.721,0.721,0.767,0.667,0.721,0.000
altai/sinyukha_east,sport,разбег,0.100,0.000,-3.658,-16.617,-0.706,0.725,frame,1.875,1.892,1.931,0.725,0.725,0.771,0.670,0.725,0.000
altai/sinyukha_east,magic,стоит,0.100,0.000,-3.619,-16.486,-0.810,0.727,frame,1.942,1.933,1.880,0.727,0.727,0.771,0.674,0.727,0.000
altai/sinyukha_east,magic,"стоит, трапеция от себя (нос вверх)",0.100,0.000,16.381,-16.486,-0.810,0.926,frame,0.980,1.743,1.342,0.926,0.926,0.771,1.156,0.926,0.000
altai/sinyukha_east,magic,"стоит, трапеция на себя (нос вниз)",0.100,0.000,-23.619,-16.486,-0.810,0.425,frame,2.417,2.024,2.023,0.425,0.425,0.771,0.300,0.425,0.000
altai/sinyukha_east,magic,"стоит, A (поворот на месте)",1.400,0.000,2.009,-7.403,-14.627,0.419,frame,1.146,1.909,1.877,0.419,0.419,0.390,0.435,0.419,0.000
altai/sinyukha_east,magic,"разбег, A (дуга)",4.400,0.161,13.101,-1.617,-22.300,-0.425,tips,-0.425,1.761,1.415,0.377,-0.441,-0.024,-0.355,-0.869,0.132
altai/sinyukha_east,magic,шагом,0.100,0.000,-3.643,-16.562,-0.749,0.732,frame,1.948,1.933,1.881,0.732,0.732,0.777,0.678,0.732,0.000
altai/sinyukha_east,magic,разбег,0.100,0.000,-3.661,-16.620,-0.704,0.736,frame,1.953,1.933,1.881,0.736,0.736,0.781,0.682,0.736,0.000
altai/sinyukha_east,magic,"после отрыва ≤1,5 с",4.400,-0.000,-6.013,-26.913,2.053,0.962,frame,1.650,2.136,1.857,0.962,0.962,1.033,0.855,0.963,-0.135
altai/tugaya_south,sport,стоит,0.100,0.000,1.208,-12.460,1.324,0.683,frame,2.013,1.865,1.829,0.683,0.683,0.667,0.695,0.683,-0.006
altai/tugaya_south,sport,"стоит, трапеция от себя (нос вверх)",0.100,0.000,21.208,-12.460,1.324,0.894,frame,1.262,1.659,1.248,0.894,0.894,0.667,1.237,0.894,-0.006
altai/tugaya_south,sport,"стоит, трапеция на себя (нос вниз)",0.100,0.000,-18.792,-12.460,1.324,0.382,frame,2.224,1.857,1.983,0.382,0.382,0.667,0.302,0.382,-0.006
altai/tugaya_south,sport,"стоит, A (поворот на месте)",2.600,0.000,13.788,4.391,-11.419,0.481,frame,1.201,1.798,1.864,0.481,0.481,0.281,0.535,0.481,-0.006
altai/tugaya_south,sport,"разбег, A (дуга)",8.700,0.185,17.106,1.918,-21.386,-0.468,tips,-0.468,1.673,1.395,0.411,-0.487,-0.066,-0.410,-0.342,-0.130
altai/tugaya_south,sport,шагом,0.100,0.000,1.203,-12.503,1.330,0.684,frame,2.013,1.867,1.827,0.684,0.684,0.668,0.697,0.684,-0.005
altai/tugaya_south,sport,разбег,9.900,0.000,7.059,-9.513,-4.018,0.658,frame,1.182,1.830,1.672,0.658,0.658,0.562,0.713,1.153,-0.440
altai/tugaya_south,magic,стоит,0.100,0.000,1.208,-12.460,1.324,0.682,frame,2.100,1.906,1.782,0.682,0.682,0.666,0.694,0.682,-0.006
altai/tugaya_south,magic,"стоит, трапеция от себя (нос вверх)",0.100,0.000,21.208,-12.460,1.324,0.909,frame,1.169,1.659,1.209,0.909,0.909,0.666,1.236,0.902,-0.006
altai/tugaya_south,magic,"стоит, трапеция на себя (нос вниз)",0.100,0.000,-18.792,-12.460,1.324,0.382,frame,2.372,1.951,1.983,0.382,0.382,0.666,0.346,0.382,-0.006
altai/tugaya_south,magic,"стоит, A (поворот на месте)",2.500,0.000,12.917,3.480,-11.764,0.474,frame,1.328,1.890,1.876,0.474,0.474,0.289,0.530,0.477,-0.006
altai/tugaya_south,magic,"разбег, A (дуга)",3.400,0.154,8.149,-7.891,-12.552,0.527,frame,0.597,1.860,1.551,0.527,0.524,0.414,0.586,0.529,-0.037
altai/tugaya_south,magic,"после отрыва ≤1,5 с (A зажата — крен ввода в воздухе)",5.700,-39.465,1.017,-7.108,-16.540,-3.408,tips,-3.408,0.477,0.338,-0.223,0.373,0.393,-2.552,-3.217,-0.572
altai/tugaya_south,magic,шагом,0.100,0.000,1.202,-12.503,1.330,0.683,frame,2.100,1.906,1.780,0.683,0.683,0.667,0.695,0.683,-0.005
altai/tugaya_south,magic,разбег,0.100,-0.000,1.198,-12.529,1.333,0.683,frame,2.099,1.906,1.779,0.683,0.683,0.668,0.696,0.683,-0.005
altai/tugaya_south,magic,"после отрыва ≤1,5 с",3.100,-0.000,0.136,-14.875,2.959,0.673,frame,1.451,1.923,1.728,0.673,0.673,0.671,0.674,0.937,-0.259
ongudai/kayancha_south,sport,стоит,0.100,0.000,-1.773,-17.368,1.005,0.716,frame,1.696,1.890,1.809,0.716,0.716,0.739,0.694,0.716,0.000
ongudai/kayancha_south,sport,"стоит, трапеция от себя (нос вверх)",0.100,0.000,18.227,-17.368,1.005,0.873,tips,0.873,1.665,1.178,0.929,0.873,0.739,1.195,0.871,0.000
ongudai/kayancha_south,sport,"стоит, трапеция на себя (нос вниз)",0.100,0.000,-21.773,-17.368,1.005,0.413,frame,2.192,1.892,2.005,0.413,0.413,0.739,0.288,0.413,0.000
ongudai/kayancha_south,sport,"стоит, A (поворот на месте)",2.100,0.000,11.158,0.460,-17.367,0.319,tips,0.319,1.798,1.627,0.440,0.319,0.282,0.353,0.304,0.000
ongudai/kayancha_south,sport,"разбег, A (дуга)",5.200,0.193,14.768,-0.583,-18.647,-0.209,tips,-0.209,1.722,1.438,0.451,-0.229,0.161,-0.140,-0.229,0.082
ongudai/kayancha_south,sport,шагом,0.100,0.000,-1.784,-17.402,0.988,0.718,frame,1.698,1.892,1.809,0.718,0.718,0.741,0.695,0.718,0.000
ongudai/kayancha_south,sport,разбег,0.100,-0.000,-1.791,-17.423,0.976,0.720,frame,1.699,1.893,1.809,0.720,0.720,0.743,0.697,0.720,0.000
ongudai/kayancha_south,magic,стоит,0.100,0.000,-1.773,-17.368,1.005,0.751,frame,1.785,1.930,1.771,0.751,0.751,0.773,0.728,0.751,0.000
ongudai/kayancha_south,magic,"стоит, трапеция от себя (нос вверх)",0.100,0.000,18.227,-17.368,1.005,0.733,tips,0.733,1.665,1.133,0.959,0.733,0.773,1.035,0.732,0.000
ongudai/kayancha_south,magic,"стоит, трапеция на себя (нос вниз)",0.100,0.000,-21.773,-17.368,1.005,0.450,frame,2.323,2.005,2.005,0.450,0.450,0.773,0.329,0.448,0.000
ongudai/kayancha_south,magic,"стоит, A (поворот на месте)",2.100,0.000,11.365,0.460,-17.367,0.430,frame,0.469,1.881,1.657,0.430,0.430,0.269,0.487,0.430,0.000
ongudai/kayancha_south,magic,"разбег, A (дуга)",5.300,0.168,14.982,-0.365,-18.690,-0.079,tips,-0.079,1.820,1.465,0.437,-0.096,0.222,-0.009,-0.113,0.082
ongudai/kayancha_south,magic,шагом,2.500,-0.000,-4.178,-20.092,-0.115,0.743,frame,1.893,1.965,1.731,0.743,0.743,0.797,0.692,0.743,-0.000
ongudai/kayancha_south,magic,разбег,2.100,0.000,-4.095,-21.079,0.858,0.743,frame,1.635,1.964,1.730,0.743,0.743,0.796,0.693,0.756,-0.012
ongudai/kayancha_south,magic,"после отрыва ≤1,5 с",4.700,0.000,-5.660,-23.018,-1.130,0.773,frame,1.761,1.995,1.735,0.773,0.773,0.844,0.695,0.791,-0.015
askarovo/biyagoda_west,sport,стоит,0.100,0.000,-4.842,-20.061,0.359,0.737,frame,1.759,1.949,1.822,0.737,0.737,0.800,0.676,0.736,0.006
askarovo/biyagoda_west,sport,"стоит, трапеция от себя (нос вверх)",0.100,0.000,15.158,-20.061,0.359,0.944,tips,0.944,1.675,1.182,0.959,0.944,0.800,1.211,0.815,0.006
askarovo/biyagoda_west,sport,"стоит, трапеция на себя (нос вниз)",0.100,0.000,-24.842,-20.061,0.359,0.424,frame,2.162,1.936,2.059,0.424,0.424,0.800,0.270,0.423,0.006
askarovo/biyagoda_west,sport,"стоит, A (поворот на месте)",2.100,0.000,11.231,1.271,-20.011,0.007,tips,0.007,1.747,1.601,0.376,0.007,0.210,0.043,0.005,0.006
askarovo/biyagoda_west,sport,"разбег, A (дуга)",4.200,0.182,13.860,-1.015,-20.695,-0.408,tips,-0.408,1.687,1.409,0.418,-0.426,-0.055,-0.339,-0.707,0.119
askarovo/biyagoda_west,sport,шагом,0.100,0.000,-4.844,-20.084,0.372,0.738,frame,1.759,1.949,1.820,0.738,0.738,0.801,0.676,0.736,0.005
askarovo/biyagoda_west,sport,разбег,4.200,0.000,-6.542,-23.908,-1.923,0.736,frame,1.401,1.973,1.787,0.736,0.736,0.821,0.649,0.730,0.033
askarovo/biyagoda_west,magic,стоит,0.100,0.000,-4.842,-20.061,0.359,0.761,frame,1.873,1.972,1.782,0.761,0.761,0.823,0.699,0.752,0.006
askarovo/biyagoda_west,magic,"стоит, трапеция от себя (нос вверх)",0.100,0.000,15.158,-20.061,0.359,0.812,tips,0.812,1.675,1.136,0.976,0.812,0.823,1.073,0.712,0.006
askarovo/biyagoda_west,magic,"стоит, трапеция на себя (нос вниз)",0.100,0.000,-24.842,-20.061,0.359,0.449,frame,2.307,2.022,2.059,0.449,0.449,0.823,0.293,0.440,0.006
askarovo/biyagoda_west,magic,"стоит, A (поворот на месте)",2.100,0.000,11.507,1.271,-20.011,0.159,tips,0.159,1.832,1.640,0.366,0.159,0.196,0.198,0.157,0.006
askarovo/biyagoda_west,magic,"разбег, A (дуга)",4.200,0.157,13.710,-1.328,-20.675,-0.274,tips,-0.274,1.787,1.437,0.405,-0.290,0.142,-0.204,-0.563,0.108
askarovo/biyagoda_west,magic,шагом,4.000,-0.000,-5.230,-22.212,0.158,0.755,frame,1.772,1.980,1.744,0.755,0.755,0.822,0.689,0.750,0.004
askarovo/biyagoda_west,magic,разбег,1.900,-0.000,-5.487,-22.600,-0.781,0.753,frame,1.682,1.984,1.746,0.753,0.753,0.824,0.683,0.702,0.049
askarovo/biyagoda_west,magic,"после отрыва ≤1,5 с",2.000,-0.000,-5.873,-22.649,-0.833,0.749,frame,1.683,1.989,1.756,0.749,0.749,0.825,0.674,0.689,0.057
askarovo/biyagoda_east,sport,стоит,0.100,0.000,1.895,-14.192,0.029,0.694,frame,1.788,1.864,1.741,0.694,0.694,0.669,0.714,0.690,0.000
askarovo/biyagoda_east,sport,"стоит, трапеция от себя (нос вверх)",0.100,0.000,21.895,-14.192,0.029,0.904,frame,1.018,1.615,1.096,0.904,0.904,0.669,1.262,0.902,0.000
askarovo/biyagoda_east,sport,"стоит, трапеция на себя (нос вниз)",0.100,0.000,-18.105,-14.192,0.029,0.395,frame,2.175,1.855,1.977,0.395,0.395,0.669,0.317,0.389,0.000
askarovo/biyagoda_east,sport,"стоит, A (поворот на месте)",1.800,0.000,9.084,-2.322,-13.668,0.428,tips,0.428,1.802,1.660,0.507,0.428,0.378,0.470,0.426,0.000
askarovo/biyagoda_east,sport,"разбег, A (дуга)",5.100,0.184,13.040,-4.765,-13.839,0.136,tips,0.136,1.784,1.460,0.549,0.118,0.370,0.225,0.136,0.109
askarovo/biyagoda_east,sport,шагом,0.100,0.000,1.891,-14.205,0.024,0.695,frame,1.788,1.865,1.741,0.695,0.695,0.670,0.715,0.691,0.000
askarovo/biyagoda_east,sport,разбег,9.900,-0.000,-0.086,-17.095,-7.657,0.643,frame,0.924,1.878,1.662,0.643,0.643,0.644,0.642,0.601,0.046
askarovo/biyagoda_east,magic,стоит,0.100,0.000,1.895,-14.192,0.029,0.731,frame,1.915,1.900,1.709,0.731,0.731,0.706,0.751,0.724,0.000
askarovo/biyagoda_east,magic,"стоит, трапеция от себя (нос вверх)",0.100,0.000,21.895,-14.192,0.029,0.902,tips,0.902,1.615,1.049,0.936,0.902,0.706,1.212,0.826,0.000
askarovo/biyagoda_east,magic,"стоит, трапеция на себя (нос вниз)",0.100,0.000,-18.105,-14.192,0.029,0.433,frame,2.305,1.944,1.977,0.433,0.433,0.706,0.354,0.420,0.000
askarovo/biyagoda_east,magic,"стоит, A (поворот на месте)",2.200,0.000,13.393,2.068,-14.376,0.488,frame,0.679,1.861,1.728,0.488,0.488,0.296,0.545,0.486,0.000
askarovo/biyagoda_east,magic,"разбег, A (дуга)",5.600,0.159,14.251,-2.154,-14.337,0.239,tips,0.239,1.840,1.509,0.512,0.224,0.312,0.321,0.232,0.194
askarovo/biyagoda_east,magic,шагом,0.100,0.000,1.891,-14.205,0.024,0.732,frame,1.915,1.900,1.709,0.732,0.732,0.707,0.752,0.724,0.000
askarovo/biyagoda_east,magic,разбег,2.600,0.000,0.976,-16.066,-2.288,0.697,frame,1.701,1.906,1.679,0.697,0.697,0.684,0.707,0.692,0.008
askarovo/biyagoda_east,magic,"после отрыва ≤1,5 с",3.000,0.000,-0.332,-16.100,-2.890,0.669,frame,1.722,1.932,1.725,0.669,0.669,0.673,0.665,0.669,0.002
askarovo/biyagoda_south_west,sport,стоит,0.100,0.000,-2.259,-17.995,0.146,0.716,frame,1.649,1.899,1.798,0.716,0.716,0.746,0.688,0.716,0.010
askarovo/biyagoda_south_west,sport,"стоит, трапеция от себя (нос вверх)",0.100,0.000,17.741,-17.995,0.146,0.869,tips,0.869,1.660,1.156,0.929,0.869,0.746,1.141,0.778,0.010
askarovo/biyagoda_south_west,sport,"стоит, трапеция на себя (нос вниз)",0.100,0.000,-22.259,-17.995,0.146,0.411,frame,2.073,1.900,2.017,0.411,0.411,0.746,0.286,0.411,0.010
askarovo/biyagoda_south_west,sport,"стоит, A (поворот на месте)",2.000,0.000,12.001,-0.146,-17.995,0.141,tips,0.141,1.790,1.575,0.442,0.141,0.268,0.185,0.121,0.010
askarovo/biyagoda_south_west,sport,"разбег, A (дуга)",4.400,0.183,14.232,-0.878,-19.952,-0.351,tips,-0.351,1.699,1.419,0.431,-0.369,0.010,-0.282,-0.423,0.098
askarovo/biyagoda_south_west,sport,шагом,0.100,0.000,-2.267,-18.021,0.171,0.718,frame,1.650,1.899,1.798,0.718,0.718,0.748,0.690,0.718,0.009
askarovo/biyagoda_south_west,sport,разбег,0.100,-0.000,-2.272,-18.038,0.187,0.719,frame,1.650,1.900,1.798,0.719,0.719,0.749,0.691,0.719,0.009
askarovo/biyagoda_south_west,magic,стоит,0.100,0.000,-2.259,-17.995,0.146,0.730,frame,1.785,1.936,1.762,0.730,0.730,0.759,0.702,0.730,0.010
askarovo/biyagoda_south_west,magic,"стоит, трапеция от себя (нос вверх)",0.100,0.000,17.741,-17.995,0.146,0.759,tips,0.759,1.660,1.110,0.937,0.759,0.759,1.032,0.651,0.010
askarovo/biyagoda_south_west,magic,"стоит, трапеция на себя (нос вниз)",0.100,0.000,-22.259,-17.995,0.146,0.426,frame,2.215,2.003,2.017,0.426,0.426,0.759,0.312,0.426,0.010
askarovo/biyagoda_south_west,magic,"стоит, A (поворот на месте)",2.000,0.000,12.259,-0.146,-17.995,0.294,tips,0.294,1.874,1.603,0.434,0.294,0.256,0.339,0.268,0.010
askarovo/biyagoda_south_west,magic,"разбег, A (дуга)",4.400,0.158,14.127,-1.116,-19.933,-0.217,tips,-0.217,1.799,1.445,0.418,-0.233,0.209,-0.146,-0.294,0.096
askarovo/biyagoda_south_west,magic,шагом,0.100,0.000,-2.268,-18.021,0.171,0.732,frame,1.786,1.936,1.762,0.732,0.732,0.761,0.704,0.732,0.009
askarovo/biyagoda_south_west,magic,разбег,0.100,0.000,-2.274,-18.039,0.188,0.733,frame,1.786,1.936,1.762,0.733,0.733,0.762,0.705,0.733,0.009
askarovo/biyagoda_south_west,magic,"после отрыва ≤1,5 с",2.200,-0.000,-4.388,-20.884,0.708,0.741,frame,1.617,1.969,1.744,0.741,0.741,0.798,0.688,0.716,0.015
aushkul/aushtau_east,sport,стоит,0.100,0.000,-3.124,-19.315,1.680,0.718,frame,1.563,1.919,1.786,0.718,0.718,0.758,0.679,0.718,0.000
aushkul/aushtau_east,sport,"стоит, трапеция от себя (нос вверх)",0.100,0.000,16.876,-19.315,1.680,0.758,tips,0.758,1.656,1.127,0.933,0.758,0.758,1.043,0.723,0.000
aushkul/aushtau_east,sport,"стоит, трапеция на себя (нос вниз)",0.100,0.000,-23.124,-19.315,1.680,0.410,frame,2.058,1.910,2.035,0.410,0.410,0.758,0.272,0.410,0.000
aushkul/aushtau_east,sport,"стоит, A (поворот на месте)",2.200,0.000,12.188,1.526,-19.308,-0.032,tips,-0.032,1.756,1.574,0.399,-0.032,0.220,0.007,-0.036,0.000
aushkul/aushtau_east,sport,"разбег, A (дуга)",4.500,0.183,13.977,-1.027,-20.212,-0.365,tips,-0.365,1.695,1.416,0.426,-0.383,-0.010,-0.297,-0.536,0.045
aushkul/aushtau_east,sport,шагом,0.100,0.000,-3.129,-19.332,1.688,0.719,frame,1.564,1.920,1.786,0.719,0.719,0.760,0.680,0.719,0.000
aushkul/aushtau_east,sport,разбег,0.100,0.000,-3.132,-19.344,1.693,0.720,frame,1.564,1.921,1.786,0.720,0.720,0.760,0.681,0.720,0.000
aushkul/aushtau_east,magic,стоит,0.100,0.000,-3.124,-19.315,1.680,0.730,frame,1.680,1.947,1.753,0.730,0.730,0.769,0.690,0.729,0.000
aushkul/aushtau_east,magic,"стоит, трапеция от себя (нос вверх)",0.100,0.000,16.876,-19.315,1.680,0.625,tips,0.625,1.656,1.079,0.939,0.625,0.769,0.910,0.595,0.000
aushkul/aushtau_east,magic,"стоит, трапеция на себя (нос вниз)",0.100,0.000,-23.124,-19.315,1.680,0.423,frame,2.208,2.009,2.035,0.423,0.423,0.769,0.292,0.423,0.000
aushkul/aushtau_east,magic,"стоит, A (поворот на месте)",2.200,0.000,12.458,1.526,-19.308,0.122,tips,0.122,1.843,1.611,0.389,0.122,0.206,0.163,0.118,0.000
aushkul/aushtau_east,magic,"разбег, A (дуга)",4.600,0.165,14.342,-0.800,-20.302,-0.231,tips,-0.231,1.795,1.443,0.413,-0.247,0.199,-0.160,-0.390,0.026
aushkul/aushtau_east,magic,шагом,0.100,0.000,-3.129,-19.332,1.688,0.731,frame,1.680,1.948,1.753,0.731,0.731,0.771,0.691,0.731,0.000
aushkul/aushtau_east,magic,разбег,0.100,-0.000,-3.133,-19.345,1.693,0.732,frame,1.681,1.949,1.753,0.732,0.732,0.771,0.692,0.732,0.000
aushkul/aushtau_east,magic,"после отрыва ≤1,5 с",2.100,-0.000,-4.801,-21.477,1.206,0.738,frame,1.566,1.974,1.745,0.738,0.738,0.800,0.679,0.703,0.026
aushkul/aushtau_south,sport,стоит,0.100,0.000,-0.013,-16.856,-0.608,0.718,frame,1.823,1.880,1.737,0.718,0.718,0.718,0.718,0.715,0.000
aushkul/aushtau_south,sport,"стоит, трапеция от себя (нос вверх)",0.100,0.000,19.987,-16.856,-0.608,0.925,frame,1.012,1.617,1.076,0.925,0.925,0.718,1.271,0.925,0.000
aushkul/aushtau_south,sport,"стоит, трапеция на себя (нос вниз)",0.100,0.000,-20.013,-16.856,-0.608,0.416,frame,2.248,1.873,1.994,0.416,0.416,0.718,0.307,0.413,0.000
aushkul/aushtau_south,sport,"стоит, A (поворот на месте)",1.500,0.000,5.415,-5.893,-16.595,0.231,tips,0.231,1.797,1.667,0.484,0.231,0.352,0.246,0.227,0.000
aushkul/aushtau_south,sport,"разбег, A (дуга)",5.900,0.184,13.714,-1.252,-22.950,-0.651,tips,-0.651,1.643,1.366,0.387,-0.670,-0.297,-0.580,-0.652,0.009
aushkul/aushtau_south,sport,шагом,4.000,-0.000,-2.117,-18.983,0.257,0.698,frame,1.865,1.909,1.736,0.698,0.698,0.726,0.674,0.698,0.001
aushkul/aushtau_south,sport,разбег,9.900,-0.000,-4.817,-21.843,5.863,0.687,frame,1.035,1.938,1.745,0.687,0.687,0.748,0.627,0.621,0.073
aushkul/aushtau_south,magic,стоит,0.100,0.000,-0.013,-16.856,-0.608,0.768,frame,1.913,1.916,1.707,0.768,0.768,0.768,0.768,0.765,0.000
aushkul/aushtau_south,magic,"стоит, трапеция от себя (нос вверх)",0.100,0.000,19.987,-16.856,-0.608,0.855,tips,0.855,1.617,1.027,0.966,0.855,0.768,1.191,0.760,0.000
aushkul/aushtau_south,magic,"стоит, трапеция на себя (нос вниз)",0.100,0.000,-20.013,-16.856,-0.608,0.468,frame,2.380,1.973,1.994,0.468,0.468,0.768,0.359,0.463,0.000
aushkul/aushtau_south,magic,"стоит, A (поворот на месте)",1.500,0.000,5.550,-5.893,-16.595,0.399,tips,0.399,1.886,1.707,0.475,0.399,0.400,0.414,0.391,0.000
aushkul/aushtau_south,magic,"разбег, A (дуга)",4.200,0.317,10.229,-6.613,-19.743,-0.169,tips,-0.169,1.814,1.456,0.428,-0.201,0.136,-0.110,-0.216,0.014
aushkul/aushtau_south,magic,"после отрыва ≤1,5 с (A зажата — крен ввода в воздухе)",5.700,-38.787,3.711,-2.310,-22.891,-3.953,tips,-3.953,0.195,0.118,-0.396,-0.219,-0.120,-2.977,-3.955,0.011
aushkul/aushtau_south,magic,шагом,4.000,-0.000,-2.117,-18.983,0.257,0.737,frame,1.973,1.939,1.708,0.737,0.737,0.765,0.715,0.728,0.001
aushkul/aushtau_south,magic,разбег,2.200,-0.000,-2.177,-19.212,3.187,0.695,frame,1.809,1.940,1.708,0.695,0.695,0.723,0.670,0.687,0.012
aushkul/aushtau_south,magic,"после отрыва ≤1,5 с",2.400,-0.000,-2.899,-19.233,3.781,0.690,frame,1.799,1.952,1.732,0.690,0.690,0.727,0.657,0.678,0.011
aushkul/ridge_west,sport,стоит,0.100,0.000,-0.428,-14.158,-1.063,0.694,frame,1.855,1.891,1.840,0.694,0.694,0.700,0.690,0.694,-0.000
aushkul/ridge_west,sport,"стоит, трапеция от себя (нос вверх)",0.100,0.000,19.572,-14.158,-1.063,0.910,frame,1.137,1.677,1.246,0.910,0.910,0.700,1.236,0.910,-0.000
aushkul/ridge_west,sport,"стоит, трапеция на себя (нос вниз)",0.100,0.000,-20.428,-14.158,-1.063,0.390,frame,2.165,1.877,2.004,0.390,0.390,0.700,0.296,0.390,-0.000
aushkul/ridge_west,sport,"стоит, A (поворот на месте)",1.700,0.000,9.206,-2.256,-14.366,0.492,frame,0.711,1.797,1.739,0.492,0.492,0.362,0.543,0.492,-0.000
aushkul/ridge_west,sport,"разбег, A (дуга)",5.100,0.183,12.867,-3.871,-18.589,-0.265,tips,-0.265,1.714,1.405,0.471,-0.283,0.087,-0.186,-0.265,0.006
aushkul/ridge_west,sport,шагом,0.200,0.000,-0.428,-14.296,-1.039,0.694,frame,1.845,1.891,1.830,0.694,0.694,0.700,0.690,0.694,-0.000
aushkul/ridge_west,sport,разбег,9.900,0.000,0.704,-16.262,6.167,0.656,frame,0.979,1.873,1.683,0.656,0.656,0.647,0.664,0.887,-0.207
aushkul/ridge_west,magic,стоит,0.100,0.000,-0.428,-14.158,-1.063,0.721,frame,1.989,1.921,1.796,0.721,0.721,0.727,0.716,0.723,-0.000
aushkul/ridge_west,magic,"стоит, трапеция от себя (нос вверх)",0.100,0.000,19.572,-14.158,-1.063,0.933,frame,1.078,1.677,1.205,0.933,0.933,0.727,1.256,0.936,-0.000
aushkul/ridge_west,magic,"стоит, трапеция на себя (нос вниз)",0.100,0.000,-20.428,-14.158,-1.063,0.417,frame,2.298,1.963,2.004,0.417,0.417,0.727,0.327,0.419,-0.000
aushkul/ridge_west,magic,"стоит, A (поворот на месте)",1.700,0.000,9.380,-2.256,-14.366,0.488,frame,0.867,1.884,1.773,0.488,0.488,0.355,0.540,0.488,-0.000
aushkul/ridge_west,magic,"разбег, A (дуга)",5.400,0.158,14.152,-1.781,-18.855,-0.137,tips,-0.137,1.813,1.446,0.442,-0.153,0.242,-0.063,-0.138,0.009
aushkul/ridge_west,magic,шагом,4.000,-0.000,-0.405,-17.408,-0.992,0.712,frame,1.814,1.920,1.691,0.712,0.712,0.718,0.708,0.713,-0.003
aushkul/ridge_west,magic,разбег,1.400,-0.000,-0.398,-17.388,-1.058,0.702,frame,1.806,1.920,1.692,0.702,0.702,0.707,0.698,0.702,-0.006
aushkul/ridge_west,magic,"после отрыва ≤1,5 с",2.500,-0.000,-0.812,-17.316,-0.999,0.706,frame,1.816,1.925,1.705,0.706,0.706,0.716,0.697,0.715,-0.025
