id,hour,sky,U10,wall_s,h_status,h_iters,h_t,m_status,m_iters,m_t
askarovo_0_000,9.0,clear,4.7,4.752,ok,91,2.27,ok,101,1.71
askarovo_0_001,12.0,clear,5.24,2.935,ok,41,1.36,ok,41,0.82
askarovo_0_002,15.0,clear,5.6,2.35,ok,41,1.1,ok,51,0.9
askarovo_0_003,20.0,clear,4.15,4.87,ok,111,2.47,ok,111,1.99
askarovo_0_004,9.0,partly,4.2,5.27,ok,121,2.72,ok,121,2.12
askarovo_0_005,12.0,partly,7.82,3.081,ok,71,1.6,ok,61,1.09
askarovo_0_006,15.0,partly,6.1,2.312,ok,51,1.2,ok,41,0.73
askarovo_0_007,20.0,partly,4.73,2.221,ok,41,0.95,ok,41,0.93
askarovo_0_008,9.0,overcast,4.68,5.056,ok,121,2.51,ok,121,2.14
askarovo_0_009,12.0,overcast,6.86,2.972,ok,61,1.34,ok,61,1.28
askarovo_0_010,15.0,overcast,3.3,2.159,ok,31,0.84,ok,51,0.97
askarovo_0_011,20.0,overcast,3.34,2.17,ok,41,0.94,ok,41,0.88
askarovo_1_000,9.0,clear,4.2,4.701,ok,111,2.34,ok,121,1.98
askarovo_1_001,12.0,clear,4.38,2.47,ok,41,1.06,ok,51,1.07
askarovo_1_002,15.0,clear,4.74,2.085,ok,31,0.84,ok,41,0.9
askarovo_1_003,20.0,clear,6.45,2.631,ok,51,1.21,ok,51,1.07
askarovo_1_004,9.0,partly,3.52,4.831,ok,111,2.37,ok,121,2.09
askarovo_1_005,12.0,partly,3.29,2.408,ok,51,1.27,ok,41,0.79
askarovo_1_006,15.0,partly,6.56,2.281,ok,51,1.19,ok,41,0.76
askarovo_1_007,20.0,partly,5.02,3.085,ok,71,1.5,ok,71,1.23
askarovo_1_008,9.0,overcast,6.42,2.717,ok,61,1.31,ok,61,1.08
askarovo_1_009,12.0,overcast,7.47,2.736,ok,61,1.33,ok,61,1.05
askarovo_1_010,15.0,overcast,6.16,2.346,ok,51,1.1,ok,41,0.9
askarovo_1_011,20.0,overcast,7.78,2.852,ok,61,1.27,ok,61,1.22
ongudai_0_000,9.0,clear,3.01,8.634,ok,161,4.23,ok,171,3.84
ongudai_0_001,12.0,clear,3.98,8.818,ok,161,4.32,ok,171,3.95
ongudai_0_002,15.0,clear,7.22,7.109,ok,131,3.61,ok,131,2.99
ongudai_0_003,20.0,clear,6.42,5.566,ok,91,2.54,ok,101,2.49
ongudai_0_004,9.0,partly,7.26,6.46,ok,101,2.65,ok,161,3.29
ongudai_0_005,12.0,partly,4.12,3.273,ok,51,1.64,ok,51,1.16
ongudai_0_006,15.0,partly,5.11,4.145,ok,51,1.63,ok,91,2.01
ongudai_0_007,20.0,partly,6.88,6.457,ok,121,3.26,ok,121,2.7
ongudai_0_008,9.0,overcast,4.93,6.454,ok,121,3.29,ok,121,2.67
ongudai_0_009,12.0,overcast,7.83,9.352,ok,111,2.81,ok,231,5.98
ongudai_0_010,15.0,overcast,4.73,6.043,ok,51,1.65,ok,131,3.87
ongudai_0_011,20.0,overcast,3.61,4.934,ok,71,2.1,ok,81,2.33
ongudai_1_000,9.0,clear,4.2,11.379,ok,161,5.54,ok,161,5.23
ongudai_1_001,12.0,clear,7.99,9.65,ok,141,5.5,ok,111,3.6
ongudai_1_002,15.0,clear,5.59,8.405,ok,101,4.06,ok,111,3.77
ongudai_1_003,20.0,clear,7.27,33.245,ok,71,3.13,max,1001,28.85
ongudai_1_004,9.0,partly,5.52,9.217,ok,121,4.36,ok,131,4.3
ongudai_1_005,12.0,partly,4.35,6.332,ok,81,2.96,ok,81,2.86
ongudai_1_006,15.0,partly,5.26,10.735,ok,141,5.6,ok,151,4.54
ongudai_1_007,20.0,partly,3.68,35.523,ok,101,4.12,max,1001,30.13
ongudai_1_008,9.0,overcast,4.55,14.002,ok,171,6.67,ok,211,6.71
ongudai_1_009,12.0,overcast,7.93,8.725,ok,111,4.31,ok,111,3.86
ongudai_1_010,15.0,overcast,3.28,10.691,ok,141,5.26,ok,141,4.82
ongudai_1_011,20.0,overcast,7.06,7.286,ok,131,4.1,ok,121,2.67
