day,hour,dir,U100,zL,Ri,lee_valid
20170320,0,1.0,3.6,16.834,3.77,0
20170320,1,4.0,2.1,-9.532,36.83,0
20170320,2,11.0,1.6,-10.113,55.771,0
20170320,3,26.0,1.4,-1.795,80.68,0
20170320,4,356.0,0.9,4.054,66.998,0
20170320,5,288.0,0.6,2.346,75.932,0
20170320,6,214.0,1.5,3.738,99.918,0
20170320,7,188.0,1.0,-3.353,89.766,0
20170320,8,28.0,1.0,-11.855,96.487,0
20170320,9,245.0,4.1,-2.52,16.699,0
20170320,10,240.0,3.2,0.899,-4.976,0
20170320,11,231.0,2.6,-1.611,-8.269,0
20170320,12,255.0,1.6,-0.802,-3.707,0
20170320,13,234.0,3.8,-3.547,-8.892,0
20170320,14,257.0,5.1,-1.287,-9.493,0
20170320,15,277.0,6.6,-4.607,-11.322,0
20170320,16,273.0,6.8,-1.06,-10.332,0
20170320,17,274.0,6.3,-0.937,-10.634,0
20170320,18,267.0,5.7,0.332,-4.737,0
20170320,19,258.0,3.8,7.803,-4.005,0
20170320,20,344.0,1.5,3.303,-0.529,0
20170320,21,79.0,1.2,1.219,6.38,0
20170320,22,118.0,1.4,-1.123,9.789,0
20170320,23,202.0,2.4,2.706,12.47,0
20170321,0,102.0,2.8,0.894,6.241,0
20170321,1,8.0,2.1,0.77,4.657,0
20170321,2,302.0,1.7,2.579,1.949,0
20170321,3,259.0,1.3,0.871,11.352,0
20170321,4,284.0,4.1,13.409,1.398,0
20170321,5,277.0,5.2,14.475,0.784,0
20170321,6,273.0,5.7,4.128,0.758,0
20170321,7,255.0,4.5,4.042,1.729,0
20170321,8,259.0,3.8,3.515,2.26,0
20170321,9,242.0,3.3,0.385,-6.296,0
20170321,10,299.0,3.7,-0.188,-6.319,0
20170321,11,286.0,3.4,-1.923,-10.994,0
20170321,12,273.0,7.4,-2.464,-10.086,0
20170321,13,293.0,7.6,-0.586,-1.768,0
20170321,14,307.0,6.4,-1.049,-2.273,0
20170321,15,299.0,7.5,-1.8,-2.952,0
20170321,16,302.0,7.7,-0.543,-1.872,0
20170321,17,297.0,7.4,-0.999,-0.663,0
20170321,18,300.0,6.4,0.276,-0.692,0
20170321,19,272.0,2.6,0.969,-4.46,0
20170321,20,271.0,4.1,1.605,-2.163,0
20170321,21,300.0,3.0,0.886,-2.416,0
20170321,22,283.0,3.0,7.106,-0.486,0
20170321,23,305.0,2.5,0.697,-0.542,0
20170322,0,264.0,4.7,1.298,-0.021,0
20170322,1,260.0,5.3,2.767,-0.182,0
20170322,2,267.0,6.6,2.805,0.548,0
20170322,3,259.0,7.7,2.585,0.229,0
20170322,4,255.0,7.9,0.795,0.237,0
20170322,5,240.0,6.6,1.189,0.287,0
20170322,6,232.0,8.5,-1.492,-0.056,0
20170322,7,232.0,7.9,1.447,-0.485,0
20170322,8,235.0,7.7,0.696,-3.5,0
20170322,9,246.0,7.3,-0.245,-1.324,0
20170323,0,261.0,6.9,4.612,0.778,0
20170323,1,252.0,6.7,-2.62,0.688,0
20170323,2,238.0,5.8,2.768,1.094,0
20170323,3,239.0,4.7,0.661,1.613,0
20170323,4,260.0,5.3,-0.177,0.796,0
20170323,5,260.0,5.4,0.467,1.164,0
20170323,6,281.0,4.0,0.977,4.456,0
20170323,7,276.0,3.8,0.954,1.892,0
20170323,8,261.0,2.0,-1.426,-2.247,0
20170323,9,264.0,3.9,-0.048,-8.703,0
20170323,16,281.0,7.7,0.518,-1.745,0
20170323,17,276.0,7.0,0.069,-5.594,0
20170323,18,272.0,5.9,0.637,-4.802,0
20170323,19,266.0,5.2,0.761,-0.695,0
20170323,20,265.0,5.5,7.418,-0.66,0
20170323,21,278.0,5.3,2.172,-0.822,0
20170323,22,302.0,4.2,1.08,0.69,0
20170323,23,330.0,2.5,-0.965,0.916,0
20170324,0,2.0,4.7,5.057,0.045,0
20170324,1,2.0,5.9,2.05,0.173,0
20170324,2,1.0,5.4,1.309,0.246,0
20170324,3,1.0,4.3,9.14,1.147,0
20170324,4,20.0,2.7,4.029,5.215,0
20170324,5,23.0,3.4,-5.736,2.836,0
20170324,6,52.0,5.0,-3.172,19.012,0
20170324,7,69.0,5.0,0.06,1.267,0
20170324,8,69.0,4.0,3.164,-2.095,0
20170324,16,149.0,3.0,-0.041,-0.511,0
20170324,17,163.0,3.2,0.873,-0.351,0
20170324,18,173.0,3.3,0.194,-0.333,0
20170324,19,206.0,5.8,0.838,0.344,0
20170324,20,108.0,7.6,0.757,1.144,0
20170324,21,93.0,7.6,0.902,3.512,0
20170324,22,94.0,9.3,1.136,0.38,0
20170324,23,91.0,11.0,0.428,0.194,0
20170325,0,94.0,10.4,0.651,0.208,0
20170325,1,88.0,9.9,0.404,0.119,0
20170325,2,85.0,8.3,0.36,0.264,0
20170325,3,83.0,10.3,0.148,0.226,0
20170325,4,93.0,12.4,0.176,0.091,0
20170325,5,88.0,14.1,0.106,0.118,0
20170325,6,81.0,12.5,0.151,0.236,0
20170325,7,86.0,11.8,0.368,0.116,0
20170325,8,91.0,10.4,-0.063,0.24,0
20170325,9,135.0,8.0,-0.021,0.95,0
20170325,10,144.0,7.2,0.049,0.214,0
20170325,11,161.0,6.2,-1.949,0.011,0
20170325,12,179.0,7.8,-0.238,-1.003,0
20170325,13,207.0,8.4,-1.707,-7.223,0
20170325,14,212.0,9.4,-3.016,-3.764,0
20170325,15,235.0,8.6,-0.171,-8.799,0
20170325,16,218.0,9.5,0.024,-4.245,0
20170325,17,222.0,8.1,0.137,-4.829,0
20170325,18,215.0,7.5,0.603,-1.079,0
20170325,19,216.0,9.1,0.61,-0.085,0
20170325,20,220.0,10.2,0.393,0.228,0
20170325,21,221.0,10.2,0.428,0.229,0
20170325,22,217.0,10.2,-0.251,0.152,0
20170325,23,209.0,10.2,0.877,0.102,0
20170326,0,216.0,9.4,0.7,-0.091,0
20170326,1,203.0,10.0,1.513,0.118,0
20170326,2,203.0,11.1,0.459,0.109,0
20170326,3,202.0,9.0,1.067,0.06,0
20170326,4,204.0,7.1,2.241,-0.026,0
20170326,5,200.0,5.1,0.711,-0.118,0
20170326,6,173.0,6.0,1.587,-0.065,0
20170326,7,177.0,5.7,-0.955,-0.028,0
20170326,8,164.0,5.2,1.256,0.466,0
20170326,9,130.0,4.6,-0.315,7.368,0
20170326,10,117.0,5.4,0.423,10.167,0
20170326,11,141.0,7.1,0.484,0.212,0
20170326,12,115.0,6.0,0.383,0.941,0
20170326,13,92.0,8.2,0.104,0.141,0
20170326,14,107.0,8.5,0.074,0.239,0
20170326,15,113.0,9.3,0.246,0.238,0
20170326,16,140.0,11.5,1.098,0.1,0
20170326,17,163.0,12.5,5.045,0.056,0
20170326,18,161.0,10.9,1.167,0.041,0
20170326,19,144.0,11.1,0.73,0.028,0
20170326,20,132.0,8.7,0.358,0.245,0
20170326,21,119.0,6.2,0.652,0.876,0
20170326,22,142.0,4.2,0.206,3.68,0
20170326,23,223.0,3.2,1.105,6.786,0
20170327,0,232.0,6.0,-0.723,-1.376,0
20170327,1,249.0,9.6,0.216,-3.336,0
20170327,2,234.0,7.4,-0.445,-7.457,0
20170327,3,222.0,7.7,0.124,-5.072,0
20170327,4,221.0,7.2,0.607,5.082,0
20170327,5,220.0,7.2,-0.304,0.479,0
20170327,6,219.0,8.3,-0.283,-3.574,0
20170327,7,229.0,8.2,-0.378,-3.237,0
20170327,8,234.0,8.2,-0.879,-13.828,0
20170327,9,235.0,7.1,-0.074,-40.014,0
20170327,10,233.0,6.7,-0.696,-22.388,0
20170327,11,227.0,6.7,-0.139,-10.253,0
20170327,12,245.0,3.7,-1.345,-9.837,0
20170327,13,215.0,3.0,-0.172,-12.629,0
20170327,14,256.0,5.7,11.556,-5.189,0
20170327,15,258.0,5.5,0.039,-10.731,0
20170327,16,247.0,5.8,0.79,-7.689,0
20170327,17,241.0,5.0,-0.367,-0.782,0
20170327,18,236.0,3.9,-9.644,-3.067,0
20170327,19,243.0,4.4,1.574,-1.4,0
20170327,20,252.0,3.9,-0.271,-1.633,0
20170327,21,257.0,3.9,-0.728,-0.485,0
20170327,22,252.0,3.5,6.476,-0.6,0
20170327,23,223.0,3.2,0.819,-2.075,0
20170328,0,212.0,4.7,-2.004,-0.592,0
20170328,1,234.0,4.2,-1.997,-0.407,0
20170328,2,231.0,4.0,-2.606,0.13,0
20170328,3,242.0,2.6,1.267,6.745,0
20170328,4,233.0,2.1,4.422,6.845,0
20170328,5,185.0,1.6,-2.447,20.841,0
20170328,6,188.0,2.0,3.502,21.502,0
20170328,7,108.0,1.6,-2.278,14.576,0
20170328,8,98.0,1.7,-7.852,-12.438,0
20170328,9,76.0,2.9,-0.071,-2.83,0
20170328,10,74.0,1.9,-0.627,-15.53,0
20170328,11,195.0,1.7,-0.052,-10.716,0
20170328,12,201.0,2.0,-0.708,-12.164,0
20170328,13,173.0,1.7,-1.018,-9.017,0
20170328,14,187.0,2.2,-0.069,-8.68,0
20170328,15,188.0,3.5,-1.724,-7.977,0
20170328,16,198.0,3.5,-1.477,-13.418,0
20170328,17,174.0,3.3,-2.354,-5.819,0
20170328,18,188.0,2.5,4.545,-4.411,0
20170328,19,184.0,2.6,0.698,-4.232,0
20170328,20,194.0,3.0,-4.542,-2.231,0
20170328,21,169.0,2.5,15.199,-4.578,0
20170328,22,124.0,2.6,-0.215,0.462,0
20170328,23,106.0,3.2,2.524,6.36,0
20170329,0,115.0,3.0,-2.168,11.311,0
20170329,1,122.0,2.9,-3.375,14.346,0
20170329,2,108.0,4.0,-2.406,20.469,0
20170329,3,100.0,4.2,28.221,35.839,0
20170329,4,75.0,4.2,-2.347,34.424,0
20170329,5,56.0,5.1,1.888,24.174,0
20170329,6,56.0,5.9,2.037,22.728,0
20170329,7,62.0,6.5,13.652,11.439,0
20170329,8,66.0,6.8,5.728,6.398,0
20170329,9,71.0,6.2,0.636,-0.596,0
20170329,10,72.0,5.1,0.102,-8.44,0
20170329,11,90.0,3.6,-15.707,-6.42,0
20170329,12,160.0,2.2,-3.082,-7.882,0
20170329,13,180.0,3.3,-6.886,-6.626,0
20170329,14,164.0,3.0,-6.442,-4.92,0
20170329,15,194.0,2.7,-1.416,-5.956,0
20170329,16,190.0,3.2,-5.092,-5.734,0
20170329,17,190.0,3.1,-2.062,-6.691,0
20170329,18,177.0,2.6,-21.154,-4.024,0
20170329,19,180.0,2.4,-0.133,-7.378,0
20170329,20,176.0,2.5,-3.824,-7.066,0
20170329,21,166.0,2.2,-3.727,-8.856,0
20170329,22,128.0,2.5,2.538,0.636,0
20170329,23,145.0,2.9,-2.391,1.035,0
20170330,0,124.0,3.5,-4.401,14.598,0
20170330,1,115.0,4.3,-3.677,21.876,0
20170330,2,128.0,4.2,0.425,9.819,0
20170330,3,150.0,3.2,-0.445,13.657,0
20170330,4,143.0,1.7,-0.62,29.656,0
20170330,5,76.0,2.6,-3.568,21.119,0
20170330,6,69.0,3.9,-4.356,20.194,0
20170330,7,69.0,4.8,-26.792,14.197,0
20170330,8,64.0,3.4,-8.666,10.76,0
20170330,9,101.0,1.9,-0.505,9.167,0
20170330,10,75.0,2.3,0.027,-10.478,0
20170330,16,221.0,6.6,-0.308,-6.915,0
20170330,17,228.0,7.8,-0.018,-5.938,0
20170330,18,256.0,8.9,0.08,-4.512,0
20170330,19,246.0,7.3,0.269,-4.132,0
20170330,20,254.0,7.6,0.451,-1.202,0
20170330,21,258.0,7.5,1.999,-0.2,0
20170330,22,254.0,7.2,-0.106,-0.247,0
20170330,23,253.0,7.0,-2.149,-0.316,0
20170331,0,237.0,5.3,1.072,-0.691,0
20170331,1,245.0,5.0,-0.52,-2.858,0
20170331,2,236.0,5.1,1.28,-1.206,0
20170331,3,234.0,5.2,2.69,-1.224,0
20170331,4,236.0,5.4,6.725,-1.513,0
20170331,5,248.0,5.6,1.789,-0.919,0
20170331,6,262.0,5.6,0.241,-1.083,0
20170331,7,265.0,5.8,10.615,-2.33,0
20170331,8,255.0,6.3,1.71,-8.205,0
20170331,9,261.0,6.1,-1.414,-12.993,0
20170331,10,250.0,7.2,-0.734,-14.974,0
20170331,11,266.0,7.7,-1.821,-13.818,0
20170331,12,258.0,7.5,-2.05,-11.81,0
20170331,13,258.0,7.7,-2.108,-13.0,0
20170331,14,272.0,8.1,-0.78,-13.242,0
20170331,15,271.0,9.4,-1.406,-8.636,0
20170331,16,271.0,10.2,-1.927,-5.617,0
20170331,17,279.0,10.2,-0.668,-1.442,0
20170331,18,282.0,8.3,0.179,-0.47,0
20170331,19,277.0,6.6,0.93,-1.496,0
20170331,20,263.0,7.0,0.744,-0.666,0
20170331,21,261.0,6.7,1.751,-0.978,0
20170331,22,262.0,7.1,1.308,-0.066,0
20170331,23,266.0,7.1,0.855,0.304,0
20170401,0,267.0,5.2,7.542,-0.802,0
20170401,1,295.0,2.6,1.025,0.02,0
20170401,2,297.0,3.3,1.504,1.317,0
20170401,3,298.0,5.0,-6.224,1.293,0
20170401,4,298.0,5.8,0.595,0.293,0
20170401,5,312.0,5.0,-0.079,0.461,0
20170401,6,321.0,3.6,1.741,2.819,0
20170401,7,324.0,3.2,4.58,1.852,0
20170401,8,337.0,2.5,0.037,2.038,0
20170401,9,302.0,1.8,-0.11,-2.213,0
20170401,10,250.0,2.3,-0.717,-10.225,0
20170401,11,284.0,3.0,-1.829,-10.56,0
20170401,12,342.0,3.7,-1.496,-3.902,0
20170401,13,336.0,3.4,-3.051,-7.055,0
20170401,14,349.0,3.7,-0.72,-2.041,0
20170401,15,354.0,3.9,-1.593,-2.591,0
20170401,16,338.0,3.2,-1.317,-10.157,0
20170401,17,338.0,3.2,-0.258,-6.667,0
20170401,18,351.0,6.4,0.815,-0.107,0
20170401,19,354.0,8.1,0.97,-0.063,0
20170401,20,9.0,9.5,0.376,-0.014,0
20170401,21,23.0,8.0,0.609,0.082,0
20170401,22,28.0,7.5,-1.008,0.171,0
20170401,23,27.0,5.7,2.969,0.042,0
20170402,0,26.0,5.7,8.084,0.035,0
20170402,1,33.0,5.4,5.809,0.008,0
20170402,2,36.0,5.3,7.116,0.398,0
20170402,3,40.0,5.4,-9.357,0.479,0
20170402,4,35.0,7.3,81.57,1.358,0
20170402,5,36.0,8.0,5.735,0.364,0
20170402,6,39.0,8.8,2.81,0.374,0
20170402,7,35.0,9.0,1.859,0.026,0
20170402,8,40.0,9.2,1.28,-0.717,0
20170402,9,46.0,6.9,0.622,-11.539,0
20170402,10,51.0,3.1,-4.533,-12.493,0
20170402,11,52.0,2.0,-1.675,-8.26,0
20170402,12,260.0,1.5,-3.64,-5.686,0
20170402,13,106.0,1.4,-3.444,-6.981,0
20170402,14,97.0,1.2,-2.975,-4.405,0
20170402,15,42.0,1.5,-2.919,-4.045,0
20170402,16,213.0,1.5,-3.062,-2.424,0
20170402,17,206.0,1.8,-2.825,-3.704,0
20170402,18,217.0,3.8,1.643,-3.722,0
20170402,19,242.0,4.0,18.398,-5.392,0
20170402,20,306.0,1.8,6.173,0.48,0
20170402,21,31.0,5.3,0.794,0.392,0
20170402,22,31.0,6.6,1.309,-0.049,0
20170402,23,27.0,7.5,0.99,-0.071,0
20170403,0,32.0,7.9,1.499,0.085,0
20170403,1,34.0,8.0,3.316,0.097,0
20170403,2,35.0,7.6,5.422,0.168,0
20170403,3,40.0,7.9,3.764,0.13,0
20170403,4,53.0,9.9,-0.866,0.144,0
20170403,5,59.0,10.4,-0.825,0.09,0
20170403,6,59.0,10.2,5.306,0.085,0
20170403,7,55.0,9.9,1.555,0.007,0
20170403,8,50.0,7.5,0.214,-0.463,0
20170403,9,58.0,4.8,-0.913,-2.372,0
20170403,10,63.0,4.4,-1.657,-3.053,0
20170403,11,64.0,3.7,-0.884,-6.24,0
20170403,12,67.0,3.0,-1.323,-5.643,0
20170403,13,75.0,1.9,-1.759,-4.238,0
20170403,14,128.0,2.0,-5.603,-4.999,0
20170403,15,207.0,3.0,-2.03,-7.378,0
20170403,16,225.0,2.5,-0.82,-3.05,0
20170403,17,218.0,4.1,-0.108,-3.45,0
20170403,18,242.0,4.2,0.135,-2.38,0
20170403,19,12.0,7.0,1.189,0.036,0
20170403,20,1.0,6.0,0.23,-0.015,0
20170403,21,7.0,7.0,3.82,0.088,0
20170403,22,19.0,7.4,0.944,0.241,0
20170403,23,36.0,6.4,4.642,0.905,0
20170404,0,40.0,5.2,-4.993,0.787,0
20170404,1,32.0,4.0,4.926,-0.1,0
20170404,2,21.0,4.9,0.03,0.63,0
20170404,3,37.0,3.6,3.605,2.759,0
20170404,4,53.0,4.4,3.571,7.717,0
20170404,5,48.0,4.9,5.094,21.631,0
20170404,6,50.0,6.9,3.313,8.209,0
20170404,7,49.0,6.1,9.767,0.192,0
20170404,8,45.0,8.1,0.707,-0.061,0
20170404,9,50.0,6.8,-1.437,-0.789,0
20170404,10,64.0,3.7,-2.029,-3.994,0
20170404,11,69.0,4.2,-2.002,-3.561,0
20170404,12,73.0,4.1,-3.465,-1.61,0
20170404,13,75.0,3.4,-0.867,-3.042,0
20170404,14,107.0,2.8,-0.843,-2.493,0
20170404,15,78.0,2.3,-0.798,-2.75,0
20170404,16,104.0,2.2,0.441,-1.259,0
20170404,17,199.0,2.3,-3.068,-3.506,0
20170404,18,98.0,2.0,-1.648,-0.088,0
20170404,19,40.0,5.9,1.533,0.216,0
20170404,20,36.0,8.7,1.63,0.124,0
20170404,21,38.0,9.5,5.26,0.182,0
20170404,22,37.0,8.8,3.716,0.172,0
20170404,23,40.0,8.7,3.702,0.168,0
20170405,0,40.0,8.8,12.111,0.196,0
20170405,1,36.0,8.8,0.885,0.163,0
20170405,2,33.0,8.7,1.795,0.056,0
20170405,3,32.0,9.9,0.971,0.034,0
20170405,4,33.0,10.4,2.345,0.235,0
20170405,5,39.0,11.8,1.194,0.149,0
20170405,6,43.0,11.5,3.327,0.214,0
20170405,7,43.0,11.0,2.508,0.099,0
20170405,8,48.0,11.0,4.924,-0.159,0
20170405,9,55.0,10.3,-0.343,-2.114,0
20170405,10,55.0,11.0,-0.221,-0.589,0
20170405,11,45.0,9.8,-4.979,-2.982,0
20170405,12,43.0,9.6,-0.844,-0.973,0
20170405,13,53.0,8.1,-0.404,-1.427,0
20170405,14,50.0,8.2,-0.384,-0.501,0
20170405,15,42.0,7.4,-0.126,-0.422,0
20170405,16,42.0,7.0,-0.067,-0.133,0
20170405,17,47.0,6.2,0.017,0.037,0
20170405,18,42.0,6.4,0.285,-0.37,0
20170405,19,41.0,8.5,0.416,-0.334,0
20170405,20,42.0,8.7,0.755,-0.298,0
20170405,21,41.0,9.2,0.547,-0.165,0
20170405,22,39.0,9.7,1.045,-0.126,0
20170405,23,40.0,10.7,0.752,-0.108,0
20170406,0,42.0,9.7,3.449,0.034,0
20170406,1,45.0,10.2,1.022,-0.04,0
20170406,2,43.0,11.1,0.704,-0.21,0
20170406,3,48.0,12.0,1.787,-0.04,0
20170406,4,53.0,12.4,0.965,-0.009,0
20170406,5,52.0,12.0,1.229,-0.009,0
20170406,6,54.0,12.1,0.933,0.003,0
20170406,7,51.0,12.6,0.537,-0.085,0
20170406,8,51.0,9.8,0.119,-0.546,0
20170406,9,63.0,9.2,-0.542,-0.206,0
20170406,10,65.0,8.3,-1.763,-0.229,0
20170406,11,65.0,7.8,-2.375,-0.356,0
20170406,12,67.0,8.2,-0.537,-0.287,0
20170406,13,66.0,7.8,-1.19,-0.291,0
20170406,14,61.0,7.1,-0.648,-0.328,0
20170406,15,64.0,6.6,-0.735,-0.346,0
20170406,16,60.0,4.8,-0.295,-0.39,0
20170406,17,71.0,3.7,-0.188,0.23,0
20170406,18,88.0,3.1,1.866,0.521,0
20170406,19,91.0,2.7,2.823,-4.299,0
20170406,20,82.0,2.2,3.046,-7.474,0
20170406,21,71.0,2.6,-0.388,-5.226,0
20170406,22,77.0,1.5,-0.629,-6.931,0
20170406,23,31.0,2.6,1.96,-2.744,0
20170407,0,55.0,5.7,2.721,0.554,0
20170407,1,50.0,8.1,1.339,0.127,0
20170407,2,43.0,10.1,4.387,0.135,0
20170407,3,50.0,9.5,5.601,0.189,0
20170407,4,52.0,9.6,4.114,0.375,0
20170407,5,62.0,8.8,2.715,0.928,0
20170407,6,60.0,8.4,0.63,0.64,0
20170407,7,61.0,9.3,-0.219,0.202,0
20170407,8,55.0,9.4,0.755,0.106,0
20170407,9,50.0,7.2,0.692,-2.235,0
20170407,10,56.0,5.5,-1.55,-4.166,0
20170407,11,64.0,5.5,-1.653,-0.838,0
20170407,12,69.0,5.0,-1.921,-1.969,0
20170407,13,84.0,3.8,-1.107,-1.702,0
20170407,14,79.0,2.3,-1.207,-4.351,0
20170407,15,104.0,2.8,-1.582,-2.13,0
20170407,16,103.0,2.0,-0.538,-0.355,0
20170407,17,119.0,2.3,0.596,1.69,0
20170407,18,135.0,1.8,-2.163,1.604,0
20170407,19,161.0,1.6,4.547,-4.729,0
20170407,20,212.0,1.3,-14.031,0.656,0
20170407,21,349.0,0.6,0.534,-0.98,0
20170407,22,86.0,1.4,-1.76,7.669,0
20170407,23,81.0,2.1,-3.362,14.867,0
20170408,0,63.0,3.0,-3.927,22.333,0
20170408,1,65.0,3.7,-393.307,30.875,0
20170408,2,72.0,4.1,-2.989,22.302,0
20170408,3,110.0,2.6,-11.253,12.984,0
20170408,4,115.0,1.3,-1.056,2.344,0
20170408,5,143.0,1.1,2.593,-4.012,0
20170408,6,53.0,0.4,-16.464,2.426,0
20170408,7,69.0,2.6,1.452,11.779,0
20170408,8,69.0,4.1,0.722,-1.247,0
20170408,9,60.0,3.9,-0.749,-11.174,0
20170408,10,55.0,3.8,-1.513,-7.419,0
20170408,11,69.0,3.6,-6.949,-4.715,0
20170408,12,66.0,3.7,-6.485,-3.713,0
20170408,13,75.0,3.2,-4.004,-3.963,0
20170408,14,103.0,2.8,-1.392,-3.285,0
20170408,15,118.0,3.0,-2.72,-1.563,0
20170408,16,121.0,2.8,-0.461,-0.561,0
20170408,17,95.0,2.6,-0.238,0.877,0
20170408,18,113.0,3.2,2.325,0.793,0
20170408,19,182.0,3.1,-1.012,-2.431,0
20170408,20,208.0,3.7,0.016,-1.053,0
20170408,21,174.0,3.1,-0.436,0.161,0
20170408,22,97.0,2.9,2.806,5.543,0
20170408,23,74.0,4.2,1.127,18.697,0
20170409,0,102.0,4.1,0.311,16.069,0
20170409,1,161.0,4.5,1.872,0.636,0
20170409,2,205.0,4.5,-1.55,-0.569,0
20170409,3,195.0,3.8,-5.721,-1.32,0
20170409,4,183.0,2.4,0.458,1.622,0
20170409,5,117.0,1.2,6.594,18.184,0
20170409,6,82.0,6.1,3.519,24.924,0
20170409,7,57.0,7.1,3.47,6.261,0
20170409,8,69.0,7.8,1.932,-0.316,0
20170409,9,81.0,7.0,0.216,-7.206,0
20170409,10,91.0,6.0,-1.721,-1.017,0
20170409,11,85.0,4.8,-0.687,-1.275,0
20170409,12,99.0,5.3,-0.93,-0.82,0
20170409,13,92.0,5.9,-2.426,-0.5,0
20170409,14,100.0,7.3,-1.385,-0.24,0
20170409,15,102.0,6.6,-0.725,-0.222,0
20170409,16,109.0,5.7,-0.2,-0.117,0
20170409,17,118.0,4.1,0.181,0.315,0
20170409,18,110.0,3.9,0.64,0.533,0
20170409,19,95.0,6.9,0.494,0.199,0
20170409,20,98.0,7.6,2.897,0.241,0
20170409,21,89.0,6.4,2.639,4.331,0
20170409,22,84.0,7.8,1.959,4.662,0
20170409,23,114.0,6.8,1.49,0.906,0
20170410,0,144.0,4.5,-0.649,5.92,0
20170410,1,80.0,3.2,-2.615,20.052,0
20170410,2,65.0,6.5,0.509,11.781,0
20170410,3,69.0,7.6,-7.037,6.141,0
20170410,4,69.0,9.7,2.251,0.728,0
20170410,5,70.0,12.0,2.188,0.138,0
20170410,6,67.0,10.7,30.139,0.157,0
20170410,7,60.0,9.7,3.379,0.02,0
20170410,8,56.0,9.4,1.414,-0.105,0
20170410,9,58.0,9.1,-1.362,-0.433,0
20170410,10,58.0,7.4,-0.722,-0.664,0
20170410,11,62.0,7.8,-2.759,-0.254,0
20170410,12,72.0,6.8,-0.231,-0.332,0
20170410,13,78.0,6.0,-1.516,-0.62,0
20170410,14,110.0,4.4,-3.351,-0.525,0
20170410,15,76.0,2.9,-0.226,-1.087,0
20170410,16,47.0,1.6,-0.054,2.176,0
20170410,17,147.0,2.0,-1.968,0.792,0
20170410,18,182.0,1.6,1.657,-1.416,0
20170410,19,252.0,1.5,1.149,-2.348,0
20170410,20,37.0,2.9,12.018,3.274,0
20170410,21,37.0,3.2,75.567,5.443,0
20170410,22,48.0,3.6,2.891,13.439,0
20170410,23,60.0,3.7,-0.885,19.557,0
20170411,0,56.0,3.7,-0.704,22.546,0
20170411,1,65.0,3.8,12.368,17.2,0
20170411,2,86.0,3.0,-2.744,8.181,0
20170411,3,76.0,3.9,1.59,19.919,0
20170411,4,74.0,3.4,8.815,17.056,0
20170411,5,73.0,3.5,-1.651,23.447,0
20170411,6,94.0,1.8,6.073,30.502,0
20170411,7,117.0,2.0,-7.847,14.682,0
20170411,8,114.0,1.8,0.357,11.993,0
20170411,9,99.0,1.1,-0.503,17.503,0
20170411,10,195.0,1.0,0.305,8.684,0
20170411,11,193.0,1.6,-4.075,2.311,0
20170411,12,196.0,1.7,-1.95,0.692,0
20170411,13,203.0,1.9,-1.138,-3.312,0
20170411,14,143.0,2.0,-2.62,-3.996,0
20170411,15,108.0,2.7,-0.638,-4.006,0
20170411,16,124.0,2.3,-2.909,-1.327,0
20170411,17,200.0,2.1,-1.793,-3.468,0
20170411,18,201.0,2.4,-0.084,-0.932,0
20170411,19,251.0,4.8,-1.179,0.352,0
20170411,20,307.0,4.9,0.814,0.578,0
20170411,21,326.0,3.2,2.821,3.658,0
20170411,22,344.0,4.8,1.935,0.667,0
20170411,23,355.0,5.9,1.799,0.331,0
20170412,0,357.0,5.1,-1.484,1.256,0
20170412,1,353.0,2.9,2.302,4.462,0
20170412,2,16.0,2.9,-0.592,2.267,0
20170412,3,39.0,2.3,13.503,8.438,0
20170412,4,42.0,3.2,3.855,3.576,0
20170412,5,85.0,2.5,4.919,1.412,0
20170412,8,58.0,5.2,0.834,2.034,0
20170412,9,53.0,4.6,7.774,1.136,0
20170412,10,87.0,2.1,-1.614,-0.36,0
20170412,11,234.0,2.5,-1.044,0.465,0
20170412,12,238.0,4.3,-1.53,-2.199,0
20170412,13,221.0,5.0,-0.795,-4.941,0
20170412,14,244.0,5.6,-1.052,-5.989,0
20170412,15,243.0,5.6,-1.059,-6.772,0
20170412,16,241.0,4.8,-0.778,-4.338,0
20170412,17,237.0,4.9,-0.479,-3.245,0
20170412,18,278.0,5.1,0.478,-0.33,0
20170412,19,295.0,6.4,-8.209,0.102,0
20170412,20,318.0,4.0,1.073,5.155,0
20170412,21,326.0,2.8,2.313,6.188,0
20170412,22,341.0,3.7,2.696,5.283,0
20170412,23,357.0,0.5,3.904,11.908,0
20170413,0,345.0,1.4,1.155,15.633,0
20170413,1,71.0,0.9,5.919,13.699,0
20170413,2,171.0,1.4,-4.793,10.514,0
20170413,3,89.0,2.1,-15.863,5.296,0
20170413,4,80.0,4.0,0.537,3.611,0
20170413,5,79.0,5.0,1.292,1.021,0
20170413,6,78.0,4.5,3.659,5.252,0
20170413,7,78.0,3.3,-0.694,11.448,0
20170413,8,108.0,1.4,4.667,26.637,0
20170413,9,115.0,1.7,-11.82,17.795,0
20170413,10,200.0,1.6,-0.056,2.82,0
20170413,11,222.0,3.8,-1.382,-3.885,0
20170413,12,207.0,4.8,-1.487,-6.763,0
20170413,13,219.0,6.3,-4.094,-6.55,0
20170413,14,245.0,6.6,-2.305,-8.085,0
20170413,15,260.0,7.9,-0.937,-8.377,0
20170413,16,258.0,7.7,-3.376,-5.641,0
20170413,17,275.0,8.9,-0.839,-2.599,0
20170413,18,273.0,7.5,0.121,-2.447,0
20170413,19,263.0,5.8,0.693,-9.407,0
20170413,20,258.0,3.4,16.668,-11.245,0
20170413,21,77.0,1.0,6.488,21.063,0
20170413,22,24.0,0.6,4.195,50.959,0
20170413,23,210.0,1.5,-5.677,49.261,0
20170414,0,231.0,4.3,52.053,8.156,0
20170414,1,274.0,4.0,-8.315,7.443,0
20170414,2,309.0,2.3,4.873,45.151,0
20170414,3,305.0,1.8,-1.297,67.446,0
20170414,4,35.0,1.5,-2.821,44.411,0
20170414,5,9.0,2.4,1.962,17.473,0
20170414,6,358.0,2.0,1.577,19.423,0
20170414,7,353.0,2.6,1.962,7.748,0
20170414,8,316.0,1.0,0.431,24.33,0
20170414,9,217.0,1.3,-4.403,6.788,0
20170414,10,223.0,2.9,-3.931,-6.074,0
20170414,11,215.0,3.7,-4.427,-6.168,0
20170414,12,225.0,3.8,-0.702,-6.249,0
20170414,13,257.0,6.9,-2.504,-8.595,0
20170414,14,268.0,7.2,-0.865,-11.075,0
20170414,15,268.0,7.8,-1.308,-9.687,0
20170414,16,274.0,7.5,-3.669,-6.463,0
20170414,17,278.0,7.8,-2.055,-2.748,0
20170414,18,281.0,6.7,0.349,-1.072,0
20170414,19,285.0,5.9,1.308,-1.071,0
20170414,20,274.0,4.2,9.261,-8.179,0
20170414,21,277.0,2.8,-1.251,-7.334,0
20170414,22,268.0,2.8,4.519,-1.067,0
20170414,23,282.0,1.4,-3.023,13.411,0
20170415,0,268.0,2.2,4.654,13.223,0
20170415,1,347.0,0.9,1.369,20.551,0
20170415,2,24.0,4.0,3.872,-0.409,0
20170415,3,2.0,5.4,1.234,-0.03,0
20170415,4,18.0,5.9,4.449,0.152,0
20170415,5,24.0,5.5,10.675,0.063,0
20170415,6,14.0,3.6,4.135,0.161,0
20170415,7,16.0,3.7,2.711,0.205,0
20170415,8,17.0,2.8,1.671,-0.641,0
20170415,9,21.0,2.3,-2.429,-1.752,0
20170415,10,54.0,1.9,-21.859,-7.593,0
20170415,11,286.0,1.4,-3.311,-0.742,0
20170415,12,231.0,2.5,-1.658,-4.566,0
20170415,13,228.0,2.7,-7.978,-4.345,0
20170415,14,218.0,3.5,-1.641,-6.079,0
20170415,15,208.0,3.9,-2.83,-6.428,0
20170415,16,265.0,4.5,-1.788,-6.176,0
20170415,17,278.0,5.5,-1.585,-3.791,0
20170415,18,267.0,5.5,-0.799,-3.549,0
20170415,19,263.0,3.8,6.052,-7.498,0
20170415,20,277.0,2.1,2.618,15.212,0
20170415,21,330.0,0.8,-3.995,26.597,0
20170415,22,7.0,0.8,5.359,4.633,0
20170415,23,205.0,1.1,3.249,2.608,0
20170416,0,41.0,2.9,1.091,-0.654,0
20170416,1,56.0,4.2,9.374,0.247,0
20170416,2,54.0,4.5,-5.139,-0.038,0
20170416,3,59.0,5.0,10.492,-0.26,0
20170416,4,52.0,6.4,-1.31,0.166,0
20170416,5,58.0,6.4,30.015,0.162,0
20170416,6,60.0,8.7,12.633,0.16,0
20170416,7,60.0,8.9,-0.55,0.277,0
20170416,8,53.0,8.5,1.162,-6.128,0
20170416,9,55.0,7.3,0.104,-17.557,0
20170416,10,55.0,5.3,-1.047,-10.843,0
20170416,11,56.0,3.1,-6.168,-6.221,0
20170416,12,72.0,2.5,-7.873,-3.522,0
20170416,13,120.0,2.6,-2.162,-5.034,0
20170416,14,186.0,2.5,-1.455,-3.957,0
20170416,15,164.0,2.0,-2.53,-4.039,0
20170416,16,230.0,3.0,-0.997,-4.792,0
20170416,17,229.0,3.2,-2.388,-2.067,0
20170416,18,262.0,5.1,0.026,-1.004,0
20170416,19,274.0,6.5,0.775,-0.053,0
20170416,20,278.0,5.2,1.537,0.484,0
20170416,21,273.0,5.2,1.977,0.766,0
20170416,22,270.0,6.2,15.421,2.571,0
20170416,23,275.0,5.1,-0.72,0.9,0
20170417,0,270.0,6.5,-6.117,0.937,0
20170417,1,275.0,4.0,-4.809,3.235,0
20170417,2,288.0,4.3,-9.226,6.573,0
20170417,3,5.0,1.6,2.836,19.226,0
20170417,4,62.0,2.1,8.124,23.88,0
20170417,5,216.0,0.4,-0.907,47.703,0
20170417,6,99.0,1.3,0.979,39.987,0
20170417,7,22.0,2.6,0.498,25.389,0
20170417,8,39.0,2.3,42.737,18.07,0
20170417,9,30.0,2.3,-1.111,6.86,0
20170417,10,78.0,1.5,-1.576,5.805,0
20170417,11,189.0,1.6,-2.163,-0.924,0
20170417,12,199.0,2.6,-0.983,-4.411,0
20170417,13,219.0,2.3,-1.435,-3.329,0
20170417,14,232.0,3.2,-1.003,-3.781,0
20170417,15,232.0,5.4,-2.382,-5.742,0
20170417,16,218.0,6.3,-0.883,-6.267,0
20170417,17,297.0,6.5,-0.57,-0.377,0
20170417,18,294.0,5.9,0.538,-0.324,0
20170417,19,307.0,5.2,0.502,0.358,0
20170417,20,339.0,5.6,1.486,0.364,0
20170417,21,357.0,8.2,1.76,0.181,0
20170417,22,354.0,8.1,0.439,0.12,0
20170417,23,356.0,6.0,3.249,0.594,0
20170418,0,12.0,7.4,0.822,0.2,0
20170418,1,25.0,8.1,7.638,0.211,0
20170418,2,41.0,7.2,6.569,0.796,0
20170418,3,40.0,7.0,2.173,0.546,0
20170418,4,43.0,6.9,4.293,0.67,0
20170418,5,36.0,8.1,2.414,0.498,0
20170418,6,43.0,10.1,3.209,0.248,0
20170418,7,41.0,9.1,4.121,0.287,0
20170418,8,44.0,6.8,3.209,0.143,0
20170418,9,45.0,6.6,1.721,-0.025,0
20170418,10,314.0,6.0,8.121,-2.366,0
20170418,11,347.0,6.3,8.161,0.645,0
20170418,12,32.0,7.6,2.054,-0.435,0
20170418,13,38.0,6.6,1.563,-0.945,0
20170418,14,39.0,9.0,14.494,-0.171,0
20170418,15,36.0,7.2,0.003,-0.044,0
20170418,16,49.0,6.1,1.728,0.272,0
20170418,17,35.0,6.0,1.091,0.136,0
20170418,18,37.0,9.1,1.126,0.109,0
20170418,19,36.0,10.8,1.294,0.109,0
20170418,20,44.0,12.8,0.796,0.117,0
20170418,21,46.0,13.9,0.798,0.083,0
20170418,22,41.0,13.3,1.182,0.139,0
20170418,23,33.0,10.8,10.672,0.132,0
20170419,0,44.0,14.1,1.969,0.186,0
20170419,1,54.0,13.6,1.334,0.12,0
20170419,2,56.0,14.1,0.821,0.078,0
20170419,3,53.0,13.6,3.282,0.086,0
20170419,4,52.0,13.3,2.055,0.106,0
20170419,5,53.0,12.5,0.942,0.067,0
20170419,6,53.0,14.4,0.44,0.047,0
20170419,7,52.0,14.3,0.8,-0.057,0
20170419,8,48.0,13.6,0.202,-0.306,0
20170419,9,54.0,13.4,0.442,-0.204,0
20170419,10,54.0,12.4,0.133,-0.145,0
20170419,11,64.0,11.3,-0.437,-0.085,0
20170419,12,72.0,8.3,-0.542,-0.255,0
20170419,13,95.0,7.9,-0.461,-0.251,0
20170419,14,124.0,6.4,-1.735,-0.38,0
20170419,15,131.0,6.0,-0.507,-0.324,0
20170419,16,163.0,6.3,-1.497,-0.357,0
20170419,17,195.0,8.6,-0.905,-0.516,0
20170419,18,203.0,7.4,0.039,-0.015,0
20170419,19,214.0,6.5,0.214,-0.117,0
20170419,20,215.0,4.7,0.109,-0.866,0
20170419,21,233.0,1.9,0.112,-2.685,0
20170419,22,183.0,2.3,1.562,2.049,0
20170419,23,205.0,3.2,21.066,1.987,0
20170420,0,120.0,1.9,2.363,3.405,0
20170420,1,49.0,8.1,0.091,0.508,0
20170420,2,64.0,10.9,0.886,-0.079,0
20170420,3,68.0,11.6,0.259,-0.047,0
20170420,4,68.0,12.8,0.337,-0.036,0
20170420,5,64.0,12.8,0.514,-0.023,0
20170420,6,60.0,13.7,0.285,-0.027,0
20170420,7,64.0,13.2,0.203,-0.029,0
20170420,8,63.0,13.3,-0.158,-0.042,0
20170420,9,66.0,13.3,-0.476,-0.073,0
20170420,10,67.0,14.2,-0.726,-0.069,0
20170420,11,65.0,12.6,-0.408,-0.105,0
20170420,12,74.0,11.8,-0.149,-0.112,0
20170420,13,74.0,11.5,-0.14,-0.129,0
20170420,14,71.0,10.5,-0.159,-0.141,0
20170420,15,72.0,9.6,-0.061,-0.11,0
20170420,16,72.0,9.7,-0.052,-0.06,0
20170420,17,82.0,9.2,0.051,-0.02,0
20170420,18,67.0,10.6,0.283,0.014,0
20170420,19,68.0,11.9,0.317,0.012,0
20170420,20,69.0,11.9,0.333,0.007,0
20170420,21,70.0,12.2,0.421,-0.011,0
20170420,22,74.0,11.6,0.214,-0.038,0
20170420,23,75.0,10.8,0.206,-0.072,0
20170421,0,75.0,10.9,0.243,-0.076,0
20170421,1,75.0,12.1,0.187,-0.066,0
20170421,2,71.0,11.4,0.132,-0.048,0
20170421,3,71.0,12.5,0.091,-0.063,0
20170421,4,73.0,12.9,0.1,-0.076,0
20170421,5,72.0,13.4,0.169,-0.067,0
20170421,6,66.0,14.6,0.282,-0.055,0
20170421,7,65.0,14.5,-0.462,-0.038,0
20170421,8,67.0,14.2,-0.241,-0.053,0
20170421,9,64.0,11.5,-0.256,-0.113,0
20170421,10,71.0,10.0,-0.434,-0.162,0
20170421,11,78.0,9.1,-0.376,-0.219,0
20170421,12,71.0,8.9,-0.316,-0.267,0
20170421,13,69.0,7.8,-0.294,-0.344,0
20170421,14,63.0,6.0,-0.933,-0.784,0
20170421,15,65.0,6.4,-0.432,-0.551,0
20170421,16,64.0,7.9,-1.485,-0.151,1
20170421,17,61.0,7.8,-1.318,-0.047,1
20170421,18,61.0,8.4,0.384,-0.026,1
20170421,19,56.0,8.1,0.614,-0.06,1
20170421,20,59.0,9.0,0.909,0.11,1
20170421,21,73.0,9.7,0.657,0.152,1
20170421,22,78.0,9.7,0.711,0.138,1
20170421,23,78.0,10.2,0.759,0.11,1
20170422,0,77.0,8.8,1.637,0.122,1
20170422,1,67.0,8.3,1.162,0.171,1
20170422,2,59.0,9.0,0.699,0.121,1
20170422,3,53.0,11.6,2.897,0.019,1
20170422,4,59.0,12.5,1.232,-0.015,1
20170422,5,56.0,12.5,2.048,-0.095,1
20170422,6,57.0,12.2,0.61,-0.086,1
20170422,7,58.0,9.7,0.451,-0.127,1
20170422,8,61.0,8.1,-0.206,-0.207,1
20170422,9,66.0,7.6,-12.874,-0.277,1
20170422,10,63.0,6.8,-2.061,-0.479,1
20170422,11,69.0,6.6,-7.493,-0.638,1
20170422,12,66.0,5.7,-8.909,-1.189,1
20170422,13,103.0,6.9,-0.15,-0.502,1
20170422,14,94.0,6.9,0.009,-0.25,1
20170422,15,75.0,6.8,2.15,-0.173,1
20170422,16,72.0,5.6,1.374,-0.314,1
20170422,17,59.0,4.6,0.351,-0.599,1
20170422,18,46.0,6.2,19.949,-0.885,1
20170422,19,47.0,8.2,7.342,0.081,1
20170422,20,40.0,9.5,1.163,0.076,1
20170422,21,50.0,9.7,1.967,0.182,1
20170422,22,52.0,7.6,1.753,-0.027,1
20170422,23,53.0,5.3,3.789,-0.024,1
20170423,0,51.0,7.6,-1.474,0.324,1
20170423,1,56.0,8.2,1.456,0.736,1
20170423,2,55.0,8.3,1.431,0.33,1
20170423,3,55.0,7.3,0.206,0.167,1
20170423,4,48.0,7.8,5.437,0.193,1
20170423,5,49.0,8.2,1.253,0.178,1
20170423,6,54.0,10.0,2.033,0.188,1
20170423,7,62.0,8.9,0.566,-0.007,1
20170423,8,53.0,6.8,0.269,-0.452,1
20170423,9,58.0,5.4,-1.513,-0.981,1
20170423,10,63.0,5.3,-2.54,-1.008,1
20170423,11,68.0,3.5,-1.959,-2.376,1
20170423,12,85.0,3.5,-2.747,-3.236,1
20170423,13,87.0,3.0,-0.769,-3.279,1
20170423,14,118.0,2.4,-0.99,-1.453,1
20170423,15,99.0,2.8,-0.739,-3.749,1
20170423,16,158.0,1.9,-3.006,-2.045,1
20170423,17,185.0,2.0,-2.36,-2.412,1
20170423,18,196.0,1.3,-0.134,-0.831,1
20170423,19,200.0,2.1,14.614,-0.739,1
20170423,20,218.0,2.2,0.286,1.035,1
20170423,21,21.0,3.1,1.815,6.474,1
20170423,22,22.0,3.8,6.133,4.755,1
20170423,23,12.0,2.6,2.549,4.183,1
20170424,0,334.0,1.1,-33.34,11.546,1
20170424,1,285.0,0.5,-6.748,31.262,1
20170424,2,193.0,0.9,-4.048,32.975,1
20170424,3,190.0,2.6,-6.091,30.388,1
20170424,4,217.0,4.9,-23.497,0.969,1
20170424,5,217.0,4.0,6.033,2.832,1
20170424,6,222.0,4.9,-11.296,0.165,1
20170424,7,221.0,4.1,-2.746,-1.003,1
20170424,8,213.0,3.9,3.584,-1.777,1
20170424,9,221.0,3.6,-0.407,-6.638,1
20170424,10,213.0,3.9,-1.198,-6.274,1
20170424,11,229.0,5.0,-2.916,-5.104,1
20170424,12,235.0,5.1,-4.881,-6.003,1
20170424,13,212.0,5.5,-1.959,-6.765,1
20170424,14,233.0,5.4,-2.454,-6.817,1
20170424,15,223.0,5.5,-1.048,-6.127,1
20170424,16,233.0,5.9,-2.449,-5.565,1
20170424,17,242.0,5.7,-0.914,-3.803,1
20170424,18,267.0,6.2,0.318,-1.76,1
20170424,19,293.0,5.7,0.342,-0.288,1
20170424,20,293.0,4.4,1.181,-1.704,1
20170424,21,302.0,5.2,8.581,0.237,1
20170424,22,298.0,4.6,3.788,0.216,1
20170424,23,271.0,3.9,3.209,18.347,1
20170425,0,214.0,4.8,3.87,2.675,1
20170425,1,236.0,5.5,-1.952,3.019,1
20170425,2,246.0,5.5,-3.354,1.26,1
20170425,3,264.0,4.7,7.249,12.848,1
20170425,4,230.0,1.6,1.462,41.576,1
20170425,5,72.0,2.4,-2.277,41.259,1
20170425,6,94.0,1.3,-2.895,59.654,1
20170425,7,227.0,3.7,-0.966,10.996,1
20170425,8,218.0,4.0,13.319,-8.213,1
20170425,9,219.0,4.2,-0.389,-13.753,1
20170425,10,233.0,5.0,-2.006,-14.828,1
20170425,11,243.0,6.9,-1.967,-17.389,1
20170425,12,254.0,8.0,-3.513,-17.399,1
20170425,13,267.0,9.3,-1.716,-16.199,1
20170425,14,280.0,10.4,-1.38,-3.274,1
20170425,15,280.0,9.8,-1.284,-4.083,1
20170425,16,280.0,9.7,-35.589,-2.894,1
20170425,17,280.0,8.5,-0.703,-8.3,1
20170425,18,279.0,9.7,-0.184,-1.235,1
20170425,19,279.0,8.4,0.363,-1.645,1
20170425,20,278.0,6.6,0.53,-2.266,1
20170425,21,286.0,3.9,0.891,-3.175,1
20170425,22,329.0,3.0,0.407,-4.461,1
20170425,23,322.0,2.1,0.946,-3.476,1
20170426,0,278.0,2.5,1.218,1.471,1
20170426,1,280.0,3.7,0.173,1.848,1
20170426,2,304.0,4.2,0.396,-1.534,1
20170426,3,317.0,3.0,4.163,0.958,1
20170426,4,337.0,1.2,1.716,-0.51,1
20170426,5,317.0,1.3,1.325,4.624,1
20170426,6,2.0,1.0,-1.451,-6.601,1
20170426,7,58.0,1.6,-0.294,-13.281,1
20170426,8,147.0,0.9,-3.435,2.203,1
20170426,9,274.0,1.4,-0.268,-8.759,1
20170426,10,239.0,2.2,-0.542,-10.592,1
20170426,11,219.0,3.4,-0.651,-11.814,1
20170426,12,221.0,5.7,-5.306,-15.879,1
20170426,13,246.0,6.5,-1.528,-16.171,1
20170426,14,251.0,7.6,-1.144,-16.518,1
20170426,15,255.0,7.5,-0.829,-15.525,1
20170426,16,264.0,7.4,-1.69,-13.851,1
20170426,17,272.0,7.2,-1.112,-9.76,1
20170426,18,267.0,6.6,0.088,-6.024,1
20170426,19,266.0,5.7,0.368,-6.053,1
20170426,20,272.0,4.2,1.097,-11.937,1
20170426,21,350.0,2.8,1.939,-4.846,1
20170426,22,51.0,7.4,0.403,-0.311,1
20170426,23,45.0,9.2,0.484,-0.856,1
20170427,0,37.0,10.8,4.022,-0.145,1
20170427,1,36.0,11.9,1.261,-0.065,1
20170427,2,35.0,13.2,6.148,0.005,1
20170427,3,37.0,13.0,1.989,0.038,1
20170427,4,37.0,13.2,1.889,0.035,1
20170427,5,37.0,13.1,6.922,-0.053,1
20170427,6,36.0,11.8,0.417,-0.331,1
20170427,7,38.0,10.8,-0.207,-0.368,1
20170427,8,35.0,9.3,-0.612,-0.518,1
20170427,9,46.0,8.1,-0.152,-0.633,1
20170427,10,53.0,8.2,-0.699,-4.36,1
20170427,11,55.0,8.3,-0.304,-1.848,0
20170427,12,47.0,7.9,-0.414,-1.086,0
20170427,13,50.0,6.5,-1.216,-0.945,0
20170427,14,66.0,6.3,-0.937,-2.116,1
20170427,15,70.0,7.0,-0.311,-0.497,1
20170427,16,72.0,6.7,-1.256,-0.409,1
20170427,17,64.0,7.8,-0.228,-0.158,1
20170427,18,63.0,8.0,0.05,-0.096,1
20170427,19,51.0,7.1,0.329,-0.509,1
20170427,20,39.0,9.8,0.548,-0.17,1
20170427,21,45.0,10.9,0.221,-0.461,1
20170427,22,43.0,11.1,0.369,-0.391,1
20170427,23,43.0,13.1,1.429,-0.178,1
20170428,0,45.0,13.4,1.102,-0.064,1
20170428,1,52.0,14.6,0.724,0.013,1
20170428,2,52.0,14.4,0.734,-0.013,1
20170428,3,50.0,15.8,1.031,0.019,1
20170428,4,47.0,15.2,0.708,0.043,1
20170428,5,46.0,15.4,0.389,0.028,1
20170428,6,50.0,16.6,0.529,0.038,1
20170428,7,52.0,14.8,0.344,-0.071,1
20170428,8,53.0,13.5,0.007,-0.167,1
20170428,9,52.0,10.9,-0.103,-0.549,0
20170428,16,77.0,6.3,-0.702,-0.497,1
20170428,17,94.0,7.2,-0.212,-0.206,1
20170428,18,100.0,7.2,0.176,-0.153,1
20170428,19,92.0,6.6,0.473,-0.168,1
20170428,20,68.0,6.1,0.079,-0.317,1
20170428,21,64.0,5.9,0.232,-0.183,1
20170428,22,94.0,5.1,0.735,-0.245,1
20170428,23,89.0,6.1,0.737,-0.155,1
20170429,0,62.0,6.7,1.012,-0.272,1
20170429,1,53.0,5.8,1.706,-2.517,1
20170429,2,66.0,5.5,0.247,-1.36,1
20170429,3,62.0,6.0,-0.621,-14.318,1
20170429,4,53.0,5.1,0.99,-2.785,0
20170429,5,54.0,5.6,1.381,-14.395,0
20170429,6,56.0,6.5,-1.341,-1.952,1
20170429,7,69.0,5.3,-5.843,-0.962,0
20170429,8,58.0,4.1,1.838,-2.426,0
20170429,9,61.0,2.8,-1.519,-7.303,1
20170429,10,12.0,1.1,-6.153,-26.596,1
20170429,11,270.0,2.7,-4.767,-15.361,1
20170429,12,269.0,4.8,-4.561,-12.85,1
20170429,13,255.0,7.1,-0.78,-15.066,1
20170429,14,257.0,8.1,-0.627,-15.471,1
20170429,15,253.0,9.6,-0.688,-15.872,1
20170429,16,261.0,10.2,-0.493,-8.971,1
20170429,17,269.0,9.8,-0.283,-6.624,1
20170429,18,265.0,9.9,-0.89,-5.31,1
20170429,19,266.0,10.2,0.03,-2.277,1
20170429,20,267.0,9.2,0.212,-2.859,1
20170429,21,262.0,7.6,0.974,-0.905,1
20170429,22,250.0,7.7,1.385,-0.32,1
20170429,23,240.0,8.0,1.787,-0.254,1
20170430,0,235.0,9.4,1.34,-0.773,1
20170430,1,233.0,9.6,0.312,-2.225,1
20170430,2,230.0,8.8,0.307,-2.071,1
20170430,3,227.0,9.4,0.533,-0.872,1
20170430,4,216.0,11.2,0.426,-0.311,1
20170430,5,217.0,11.3,0.182,-1.672,1
20170430,6,220.0,11.8,-0.194,-4.301,1
20170430,7,237.0,12.3,-0.311,-14.187,1
20170430,8,264.0,9.1,-1.078,-13.173,1
20170430,9,250.0,9.0,-0.045,-18.591,1
20170430,10,280.0,12.1,0.051,-0.116,1
20170430,11,276.0,10.4,-0.927,-7.829,1
20170430,12,278.0,11.6,-0.391,-2.805,1
20170430,13,278.0,11.1,-0.616,-3.417,1
20170430,14,280.0,12.0,-1.481,-1.064,1
20170430,15,277.0,12.7,-5.866,-1.077,1
20170430,16,281.0,11.8,-0.578,-2.312,1
20170430,17,282.0,11.7,-0.59,-0.906,1
20170430,18,293.0,9.5,-0.126,-0.77,1
20170430,19,296.0,8.4,0.67,-0.307,1
20170430,20,309.0,4.5,0.886,-1.244,1
20170430,21,324.0,1.8,8.186,-4.824,1
20170430,22,311.0,2.1,0.878,-3.912,1
20170430,23,313.0,3.5,0.408,-1.245,1
20170501,0,335.0,3.5,0.226,-0.746,1
20170501,1,335.0,3.3,1.87,-0.319,1
20170501,2,333.0,2.1,0.729,-1.798,1
20170501,3,340.0,2.6,0.697,-1.847,1
20170501,4,355.0,5.0,1.117,-0.019,1
20170501,5,1.0,5.2,1.649,0.126,1
20170501,6,28.0,4.6,2.112,-0.02,1
20170501,7,46.0,4.8,32.665,-0.751,1
20170501,8,67.0,3.8,-0.191,-1.497,1
20170501,9,64.0,2.5,-3.473,-11.638,1
20170501,10,41.0,1.6,-2.831,-11.799,1
20170501,11,43.0,1.7,-5.77,-15.945,1
20170501,12,228.0,2.2,-3.789,-11.047,1
20170501,13,225.0,1.9,-5.561,-6.196,1
20170501,14,233.0,3.3,-1.55,-11.957,1
20170501,15,231.0,3.7,-2.199,-9.137,1
20170501,16,268.0,3.6,-3.863,-8.612,1
20170501,17,273.0,3.7,-4.326,-7.721,1
20170501,18,268.0,3.9,-4.905,-7.567,1
20170501,19,274.0,4.2,0.991,-6.116,1
20170501,20,328.0,2.4,-2.965,-3.356,1
20170501,21,5.0,2.4,9.299,-0.708,1
20170501,22,13.0,1.8,2.559,-9.033,1
20170501,23,304.0,0.9,-9.713,-5.99,1
20170502,0,251.0,1.7,-4.768,-6.043,1
20170502,1,259.0,0.8,-6.15,-4.843,1
20170502,2,255.0,0.7,-28.532,-2.931,1
20170502,3,32.0,0.4,-23.225,7.76,1
20170502,4,54.0,2.3,1.187,7.759,1
20170502,5,72.0,3.8,0.349,6.149,1
20170502,6,66.0,6.6,-24.262,2.323,1
20170502,7,63.0,6.1,-4.345,8.623,1
20170502,8,75.0,4.7,-70.846,2.778,1
20170502,9,77.0,3.1,-0.783,-18.11,1
20170502,10,84.0,2.8,-6.125,-6.036,1
20170502,11,117.0,2.3,-1.845,-5.114,1
20170502,12,182.0,2.8,-1.595,-6.151,1
20170502,13,179.0,2.3,-1.184,-2.477,1
20170502,14,235.0,2.0,-1.562,-2.695,1
20170502,15,355.0,1.5,-3.037,-3.473,1
20170502,16,348.0,1.5,-2.826,-1.602,1
20170502,17,52.0,1.5,0.026,2.09,1
20170502,18,105.0,1.9,1.494,5.128,1
20170502,19,121.0,1.6,2.458,-1.529,1
20170502,20,186.0,1.6,6.561,3.341,1
20170502,21,123.0,1.5,7.222,5.832,1
20170502,22,82.0,2.4,4.866,11.299,1
20170502,23,79.0,2.8,4.068,13.643,1
20170503,0,69.0,2.5,-5.146,12.363,1
20170503,1,61.0,3.6,4.377,13.033,1
20170503,2,66.0,5.2,1.197,17.984,1
20170503,3,69.0,7.3,-9.503,6.373,1
20170503,4,73.0,7.1,4.608,39.816,1
20170503,5,69.0,6.4,-19.333,43.769,1
20170503,6,61.0,6.9,0.889,27.297,1
20170503,7,80.0,7.4,-241.343,44.241,1
20170503,8,75.0,6.4,-3.079,3.266,1
20170503,9,73.0,4.7,-0.215,-2.638,1
20170503,10,66.0,5.1,-1.982,-0.808,1
20170503,11,88.0,4.9,-0.613,-1.789,1
20170503,12,71.0,4.1,-1.441,-1.537,1
20170503,13,104.0,3.3,-1.285,-3.706,1
20170503,14,75.0,2.6,-0.886,-5.239,1
20170503,15,113.0,3.1,-0.622,-3.274,1
20170503,16,107.0,2.5,0.106,-2.439,1
20170503,17,167.0,3.1,-2.104,-1.326,1
20170503,18,183.0,4.1,1.128,0.044,1
20170503,19,181.0,5.0,-5.531,0.203,1
20170503,20,158.0,4.9,2.468,0.337,1
20170503,21,137.0,5.5,0.674,0.74,1
20170503,22,195.0,7.3,-2.963,0.258,1
20170503,23,205.0,4.9,0.307,0.871,1
20170504,0,205.0,4.3,-14.643,1.043,1
20170504,1,200.0,3.3,0.725,4.077,1
20170504,2,181.0,2.0,-4.957,12.824,1
20170504,3,182.0,1.1,2.067,29.479,1
20170504,4,207.0,1.2,-1.668,18.339,1
20170504,5,169.0,1.9,1.174,7.427,1
20170504,6,197.0,3.5,0.141,0.084,1
20170504,7,173.0,2.7,2.567,6.374,1
20170504,8,73.0,2.5,-23.2,18.228,1
20170504,9,64.0,3.8,1.461,-4.062,1
20170504,10,99.0,3.3,-0.749,-5.728,1
20170504,11,106.0,3.1,-6.506,-2.862,1
20170504,12,158.0,4.6,-1.23,-1.037,1
20170504,13,174.0,6.4,-2.322,-0.511,1
20170504,14,176.0,6.2,-3.74,-0.704,1
20170504,15,178.0,7.5,-0.957,-0.336,1
20170504,16,178.0,7.4,-0.641,-0.241,1
20170504,17,187.0,7.7,-0.334,-0.192,1
20170504,18,193.0,8.6,-0.539,-0.123,1
20170504,19,202.0,8.9,0.17,-1.048,1
20170504,20,239.0,6.2,0.037,-9.411,1
20170504,21,238.0,6.2,-0.063,-11.094,1
20170504,22,225.0,5.8,-0.025,-9.759,1
20170504,23,218.0,8.4,0.034,-6.702,1
20170505,0,207.0,7.0,0.857,-5.606,1
20170505,1,196.0,7.7,0.423,-0.874,1
20170505,2,203.0,10.0,0.135,-1.756,1
20170505,3,226.0,6.7,-0.609,-40.087,1
20170505,4,215.0,5.8,10.901,-11.562,1
20170505,5,213.0,7.0,0.094,-20.833,1
20170505,6,214.0,9.0,-0.247,-6.537,1
20170505,7,222.0,8.1,-0.325,18.975,1
20170505,8,227.0,6.8,-0.421,-39.372,1
20170505,9,213.0,6.4,-0.494,-4.121,1
20170505,10,218.0,9.9,-0.182,-6.076,1
20170505,11,233.0,6.0,-3.304,-58.494,1
20170505,12,229.0,6.7,0.018,-31.262,1
20170505,13,231.0,7.5,-0.707,-16.539,1
20170505,14,223.0,8.0,-1.535,-5.678,1
20170505,15,235.0,9.1,-0.331,-15.614,1
20170505,16,245.0,9.4,-0.337,-11.802,1
20170505,17,246.0,8.8,0.215,-4.566,1
20170505,18,267.0,8.3,0.019,-4.809,1
20170505,19,270.0,8.1,0.535,-1.61,1
20170505,20,266.0,8.2,2.976,-0.174,1
20170505,21,267.0,7.2,-0.109,-0.164,1
20170505,22,267.0,6.9,0.827,-0.354,1
20170505,23,257.0,6.1,-0.904,-0.324,1
20170506,0,250.0,5.8,-0.38,-0.779,1
20170506,1,234.0,4.2,15.522,-0.742,1
20170506,2,223.0,4.0,-0.058,-0.649,1
20170506,3,221.0,5.0,-6.326,-0.301,1
20170506,4,227.0,5.1,-25.009,-0.204,1
20170506,5,214.0,5.0,-15.546,-0.046,1
20170506,6,183.0,4.7,-2.038,0.025,1
20170506,7,153.0,4.1,-0.309,-3.675,1
20170506,8,154.0,2.2,-1.32,-6.483,1
20170506,9,200.0,2.9,-0.533,-12.158,1
20170506,10,192.0,3.0,-1.133,-8.665,1
20170506,11,168.0,2.9,-1.395,-2.917,1
20170506,12,129.0,1.1,0.35,-11.12,1
20170506,13,103.0,1.6,-1.66,-9.166,1
20170506,14,200.0,1.9,-3.195,-6.523,1
20170506,15,178.0,2.1,-1.539,-6.295,1
20170506,16,178.0,2.1,-1.903,-3.651,1
20170506,17,178.0,0.9,-0.313,-5.873,1
20170506,18,93.0,1.1,2.233,-4.093,1
20170506,19,37.0,3.6,-2.711,-3.44,1
20170506,20,47.0,5.0,1.868,-0.178,1
20170506,21,48.0,5.9,21.563,0.394,1
20170506,22,56.0,7.1,5.816,0.444,1
20170506,23,59.0,7.7,3.105,0.479,1
20170507,0,64.0,8.6,2.068,0.618,1
20170507,1,71.0,7.3,-0.195,3.809,1
20170507,2,74.0,6.3,0.862,4.674,1
20170507,3,65.0,6.3,-1.737,1.189,1
20170507,4,51.0,8.4,3.848,0.397,1
20170507,5,66.0,8.1,1.571,0.175,1
20170507,6,65.0,7.4,6.095,0.065,1
20170507,7,61.0,6.9,1.026,-0.158,1
20170507,8,52.0,6.3,1.73,-1.494,1
20170507,9,51.0,4.7,-0.671,-2.704,1
20170507,10,65.0,6.6,-1.15,-0.434,1
20170507,11,71.0,5.6,-0.527,-1.143,1
20170507,12,79.0,4.8,-1.441,-1.069,1
20170507,13,83.0,4.2,-2.951,-2.312,1
20170507,14,89.0,4.2,-1.46,-1.564,1
20170507,15,107.0,4.0,4.719,-1.62,1
20170507,16,91.0,3.1,-0.824,-1.489,1
20170507,17,97.0,3.3,0.056,0.526,1
20170507,18,22.0,3.0,0.171,1.324,1
20170507,19,63.0,3.4,0.228,2.437,1
20170507,20,161.0,1.7,0.026,0.512,1
20170507,21,47.0,3.0,0.974,5.328,1
20170507,22,66.0,4.3,-2.552,19.932,1
20170507,23,81.0,5.0,0.029,31.354,1
20170508,0,83.0,5.7,-0.539,40.778,1
20170508,1,92.0,5.4,5.407,27.767,1
20170508,2,97.0,4.3,3.575,8.049,1
20170508,3,137.0,3.6,0.605,16.91,1
20170508,4,104.0,3.1,-44.744,20.449,1
20170508,5,55.0,2.4,-2.253,15.478,1
20170508,6,147.0,1.5,-1.226,26.638,1
20170508,7,120.0,1.3,-1.39,21.198,1
20170508,8,48.0,2.4,-31.035,7.272,1
20170508,9,59.0,2.0,-0.775,-2.715,1
20170508,10,175.0,1.8,-1.876,0.6,1
20170508,11,176.0,2.2,-3.293,-0.075,1
20170508,12,157.0,3.1,-7.052,-3.278,1
20170508,13,179.0,3.4,-1.136,-3.835,1
20170508,14,165.0,3.1,-7.967,-3.703,1
20170508,15,208.0,3.8,-4.634,-3.979,1
20170508,16,190.0,3.5,-1.512,-2.823,1
20170508,17,225.0,3.5,-6.383,-3.025,1
20170508,18,241.0,3.1,-0.91,-1.51,1
20170508,19,262.0,3.6,0.875,0.146,1
20170508,20,334.0,1.8,1.498,7.286,1
20170508,21,25.0,2.5,3.614,10.427,1
20170508,22,47.0,2.7,-0.336,13.188,1
20170508,23,82.0,2.3,0.248,15.724,1
20170509,0,93.0,2.2,2.421,9.888,1
20170509,1,158.0,3.5,2.567,3.138,1
20170509,2,200.0,4.7,1.163,0.532,1
20170509,3,208.0,4.9,3.155,0.043,1
20170509,4,209.0,5.2,0.889,-1.12,1
20170509,5,228.0,5.5,3.194,-0.301,1
20170509,6,237.0,3.2,1.964,-1.494,1
20170509,7,184.0,1.8,0.537,-3.849,1
20170509,8,179.0,2.1,0.574,-6.792,1
20170509,9,182.0,2.9,-2.508,-9.103,1
20170509,10,222.0,6.9,-1.169,-12.212,1
20170509,11,241.0,8.5,-0.518,-18.865,1
20170509,12,243.0,7.6,-0.421,-16.894,1
20170509,13,235.0,7.3,-1.125,-16.269,1
20170509,14,236.0,8.5,-2.124,-14.436,1
20170509,15,243.0,7.6,-0.51,-12.147,1
20170509,16,246.0,9.0,-0.262,-8.442,1
20170509,17,247.0,8.4,-0.121,-13.096,1
20170509,18,235.0,6.0,-0.085,-13.981,1
20170509,19,234.0,8.6,0.049,-12.515,1
20170509,20,248.0,8.2,0.073,-12.26,1
20170509,21,238.0,7.0,0.545,-12.183,1
20170509,22,227.0,7.3,0.131,-8.994,1
20170509,23,233.0,6.9,0.078,-8.605,1
20170510,0,233.0,6.3,0.173,-7.936,1
20170510,1,230.0,5.7,0.581,-2.997,1
20170510,2,242.0,4.1,0.722,-4.057,1
20170510,3,219.0,3.8,2.718,-1.01,1
20170510,4,215.0,4.9,0.077,-0.269,1
20170510,5,214.0,4.4,0.118,-0.221,1
20170510,6,202.0,6.2,-0.258,-0.314,1
20170510,7,201.0,6.0,0.657,-1.046,1
20170510,8,190.0,6.3,-0.613,-1.511,1
20170510,9,185.0,7.7,-0.49,-1.246,1
20170510,10,188.0,7.8,-0.146,-0.614,1
20170510,11,203.0,7.3,2.585,-0.184,1
20170510,12,215.0,6.4,1.676,-5.439,1
20170510,13,216.0,5.3,0.151,-2.515,1
20170510,14,212.0,9.8,0.145,-2.454,0
20170510,15,232.0,10.1,-0.029,-10.887,1
20170510,16,233.0,7.2,0.013,-29.423,0
20170510,17,212.0,7.5,-0.185,-7.372,1
20170510,18,207.0,9.1,0.44,-3.252,1
20170510,19,225.0,9.0,0.224,-4.468,1
20170510,20,240.0,8.3,-0.451,-2.53,1
20170510,21,227.0,9.3,0.296,-0.28,1
20170510,22,223.0,9.4,0.322,24.64,1
20170510,23,223.0,10.2,0.019,37.651,1
20170511,0,223.0,9.9,0.004,-3.479,1
20170511,1,226.0,10.8,0.003,12.742,1
20170511,2,232.0,12.0,0.089,-12.017,1
20170511,3,228.0,10.7,0.096,-21.971,1
20170511,4,226.0,10.3,-0.006,-50.143,1
20170511,5,222.0,9.8,-0.085,-11.936,1
20170511,6,216.0,10.2,-0.067,0.483,1
20170511,7,228.0,9.7,-0.094,-69.061,1
20170511,8,221.0,9.0,-0.232,-21.944,1
20170511,9,214.0,8.7,-0.118,-5.896,1
20170511,10,216.0,8.8,-0.14,0.075,1
20170511,11,224.0,8.7,-0.116,-32.164,1
20170511,12,231.0,9.1,0.038,-21.197,1
20170511,13,231.0,8.4,0.234,-8.239,1
20170512,12,250.0,8.2,0.102,-11.978,1
20170512,13,250.0,9.5,-0.194,-14.808,1
20170512,14,250.0,9.6,-0.442,-10.957,1
20170512,15,268.0,10.1,1.675,-1.732,1
20170512,16,269.0,10.1,-0.424,-7.423,1
20170512,17,272.0,8.8,-0.455,-5.589,1
20170512,18,277.0,7.5,-0.114,-3.311,1
20170512,19,285.0,4.6,0.832,-1.421,1
20170512,20,278.0,4.0,1.31,-2.208,1
20170512,21,274.0,4.1,4.661,-2.1,1
20170512,22,268.0,4.6,3.774,-1.691,1
20170512,23,249.0,4.3,0.589,-3.481,1
20170513,0,251.0,4.2,0.725,-1.139,1
20170513,1,242.0,4.3,4.873,-1.099,1
20170513,2,256.0,5.4,6.997,-1.629,1
20170513,3,243.0,4.9,-2.404,-1.022,1
20170513,4,251.0,3.5,-2.086,-3.411,1
20170513,5,255.0,4.4,-0.191,-2.084,1
20170513,6,262.0,4.8,-11.199,-0.396,1
20170513,7,247.0,3.6,-54.874,-1.321,1
20170513,8,229.0,3.3,-1.712,-12.213,1
20170513,9,228.0,5.3,-1.164,-10.784,1
20170513,10,237.0,4.9,-1.066,-10.319,1
20170513,11,227.0,5.4,-1.07,-15.636,1
20170513,12,231.0,5.8,-0.41,-16.29,1
20170513,13,243.0,6.9,-0.402,-13.17,1
20170513,14,222.0,6.0,-1.606,-10.57,1
20170513,15,229.0,6.0,-0.727,-12.537,1
20170513,16,221.0,8.0,-0.707,-4.584,1
20170513,17,270.0,6.3,0.585,-15.561,1
20170513,18,249.0,6.1,0.319,-16.07,1
20170513,19,259.0,5.7,-1.156,-6.915,1
20170513,20,273.0,6.1,2.718,-0.257,1
20170513,21,271.0,4.5,9.567,-1.787,1
20170513,22,273.0,4.5,20.433,-0.292,1
20170513,23,270.0,3.6,-6.01,-0.214,1
20170514,0,245.0,3.4,0.029,-0.525,1
20170514,1,211.0,3.7,4.857,-0.575,1
20170514,2,226.0,4.1,-1.263,-1.27,1
20170514,3,223.0,3.3,-0.178,-1.81,1
20170514,4,212.0,2.8,0.446,-4.173,1
20170514,5,186.0,2.2,0.718,-2.68,1
20170514,6,168.0,2.6,17.954,-1.535,1
20170514,7,162.0,2.8,0.309,-2.527,1
20170514,8,159.0,2.3,0.785,-10.563,1
20170514,9,204.0,2.1,0.174,-1.183,1
20170514,10,190.0,1.8,-1.407,-9.337,1
20170514,11,157.0,2.3,-2.112,-8.588,1
20170514,12,183.0,2.9,-6.981,-7.37,1
20170514,13,189.0,2.5,-2.249,-8.073,1
20170514,14,187.0,3.1,-1.075,-4.174,1
20170514,15,239.0,4.0,-0.764,-5.155,1
20170514,16,261.0,3.2,-1.14,-4.578,1
20170514,17,241.0,3.5,-3.686,-4.194,1
20170514,18,252.0,3.1,-1.037,-3.943,1
20170514,19,277.0,3.2,0.083,-3.304,1
20170514,20,302.0,3.4,0.903,-1.002,1
20170514,21,300.0,2.0,-8.946,-6.012,1
20170514,22,286.0,1.4,5.933,-6.541,1
20170514,23,295.0,1.6,3.079,-4.842,1
20170515,0,312.0,1.5,0.905,-6.021,1
20170515,1,341.0,1.1,-0.687,-4.816,1
20170515,2,59.0,2.5,-1.803,2.272,1
20170515,3,65.0,4.1,-0.499,11.454,1
20170515,4,57.0,5.2,5.775,21.969,1
20170515,5,62.0,5.9,27.846,23.448,1
20170515,6,73.0,6.8,0.644,19.713,1
20170515,7,62.0,6.7,9.17,2.699,1
20170515,8,68.0,6.2,1.899,0.16,1
20170515,9,68.0,5.4,3.302,-9.085,1
20170515,10,63.0,4.3,-0.479,-8.922,1
20170515,11,76.0,3.7,-1.068,-3.865,1
20170515,12,87.0,2.4,-2.489,-1.39,1
20170515,13,60.0,1.9,-1.244,-3.039,1
20170515,14,60.0,2.3,-1.433,-3.013,1
20170515,15,55.0,1.8,-0.786,-2.407,1
20170515,16,42.0,1.8,-0.428,0.02,1
20170515,17,355.0,1.7,0.329,-0.202,1
20170515,18,10.0,3.4,3.056,0.091,1
20170515,19,21.0,5.2,-0.3,0.322,1
20170515,20,29.0,5.5,-0.641,0.955,1
20170515,21,27.0,7.2,5.298,0.38,1
20170515,22,36.0,6.4,-6.44,1.15,1
20170515,23,46.0,5.2,-0.489,9.039,1
20170516,0,46.0,5.6,12.394,1.998,1
20170516,1,44.0,6.6,3.719,0.531,1
20170516,2,44.0,7.1,20.67,0.602,1
20170516,3,47.0,7.8,8.224,0.82,1
20170516,4,49.0,8.4,250.173,0.525,1
20170516,5,46.0,8.7,3.31,0.379,1
20170516,6,47.0,7.6,13.449,0.377,1
20170516,7,48.0,6.6,7.136,0.336,1
20170516,8,53.0,4.8,0.794,-0.669,1
20170516,9,54.0,3.7,-0.099,-3.593,1
20170516,10,66.0,3.7,-2.806,-3.531,1
20170516,11,88.0,2.9,-11.271,-3.652,1
20170516,12,105.0,2.7,-1.905,-5.259,1
20170516,13,113.0,2.1,-0.248,-1.834,1
20170516,14,102.0,1.9,-0.948,-3.449,1
20170516,15,153.0,2.0,-1.571,-1.758,1
20170516,16,162.0,1.0,-3.245,0.831,1
20170516,17,168.0,0.7,0.046,0.869,1
20170516,18,262.0,2.6,7.228,0.528,1
20170516,19,310.0,3.7,2.697,1.864,1
20170516,20,353.0,4.1,2.708,0.81,1
20170516,21,351.0,3.6,1.059,1.024,1
20170516,22,0.0,6.2,7.019,2.648,1
20170516,23,8.0,4.8,-1.228,7.466,1
20170517,0,9.0,4.3,1.291,1.115,1
20170517,1,11.0,4.0,7.276,1.279,1
20170517,2,32.0,3.4,6.582,3.091,1
20170517,3,61.0,2.1,2.604,8.037,1
20170517,4,57.0,1.5,2.448,8.609,1
20170517,5,343.0,1.2,2.169,15.273,1
20170517,6,341.0,1.4,1.772,18.954,1
20170517,7,359.0,4.2,-13.633,5.334,1
20170517,8,9.0,6.6,0.99,0.053,1
20170517,9,25.0,8.4,0.684,0.028,1
20170517,10,46.0,7.5,0.913,-0.126,1
20170517,11,35.0,4.1,-0.985,-3.61,1
20170517,12,20.0,1.8,-1.519,-4.615,1
20170517,13,352.0,1.7,-1.756,-1.25,1
20170517,14,270.0,4.7,-2.342,-5.454,1
20170517,15,289.0,7.5,-0.584,-3.64,1
20170517,16,281.0,8.7,-2.453,-2.319,0
20170517,17,295.0,7.7,-1.084,-1.016,0
20170517,18,287.0,5.8,-0.432,-3.033,0
20170517,19,333.0,4.2,0.49,-1.785,0
20170517,20,338.0,3.2,1.504,-1.593,0
20170517,21,338.0,3.8,1.4,-2.369,0
20170517,22,305.0,3.8,2.245,-1.73,0
20170517,23,319.0,3.2,0.936,2.08,0
20170518,0,309.0,3.5,-0.744,-0.581,1
20170518,1,321.0,3.0,1.193,-3.963,1
20170518,2,332.0,4.9,0.12,-1.121,1
20170518,3,329.0,4.3,0.361,-1.462,1
20170518,4,346.0,6.2,0.479,-0.304,1
20170518,5,344.0,8.1,0.295,-0.292,1
20170518,6,348.0,9.8,0.143,-0.085,1
20170518,7,350.0,6.1,-0.137,-0.554,1
20170518,8,339.0,6.6,-0.231,-0.586,1
20170518,9,328.0,5.6,-0.592,-1.409,1
20170518,10,339.0,6.6,-1.605,-1.702,1
20170518,11,338.0,5.1,-0.978,-2.014,1
20170518,12,337.0,5.2,-1.969,-4.915,1
20170518,13,331.0,4.7,-1.321,-3.228,1
20170518,14,347.0,6.5,-1.645,-1.25,1
20170518,15,343.0,5.5,-0.81,-1.813,1
20170518,16,345.0,5.5,-0.427,-0.777,1
20170518,17,346.0,6.8,-0.465,-0.52,1
20170518,18,342.0,6.4,0.049,-0.629,1
20170518,19,329.0,4.1,0.283,-5.423,1
20170518,20,324.0,4.0,0.188,-6.074,1
20170518,21,337.0,4.9,0.176,-1.263,1
20170518,22,347.0,4.6,0.695,-0.431,1
20170518,23,359.0,7.4,0.81,-0.147,1
20170519,0,10.0,8.4,0.631,-0.029,1
20170519,1,8.0,6.6,0.942,-0.068,1
20170519,2,6.0,7.6,0.57,-0.041,1
20170519,3,12.0,7.7,4.348,0.017,1
20170519,4,17.0,8.5,0.64,0.004,1
20170519,5,26.0,10.4,1.397,0.009,1
20170519,6,33.0,9.0,0.414,-0.137,1
20170519,7,32.0,7.1,0.219,-0.973,1
20170519,8,30.0,6.0,-0.405,-0.758,1
20170519,9,8.0,5.1,-2.998,-2.58,1
20170519,10,11.0,3.2,-2.274,-2.9,1
20170519,11,20.0,2.7,-2.053,-5.833,1
20170519,12,13.0,3.4,-1.095,-4.275,1
20170519,13,10.0,2.7,-1.384,-1.736,1
20170519,14,17.0,3.3,-4.151,-2.378,1
20170519,15,6.0,3.3,-1.984,-2.055,1
20170519,16,356.0,2.9,-0.593,-1.093,1
20170519,17,346.0,3.2,-0.652,-1.036,1
20170519,18,4.0,4.6,0.417,0.011,1
20170519,19,12.0,6.8,1.036,0.037,1
20170519,20,22.0,8.1,0.496,0.093,1
20170519,21,29.0,8.8,8.909,0.249,1
20170519,22,35.0,9.2,-7.154,0.19,1
20170519,23,41.0,11.4,2.611,0.058,1
20170520,0,43.0,11.6,1.561,-0.101,1
20170520,1,41.0,11.1,0.261,-0.038,1
20170520,2,40.0,13.4,3.638,0.054,1
20170520,3,41.0,12.3,3.594,0.206,1
20170520,4,40.0,11.7,1.865,0.101,1
20170520,5,44.0,10.8,2.699,0.081,1
20170520,6,47.0,10.2,0.38,0.03,1
20170520,7,53.0,9.7,1.099,-0.071,1
20170520,8,54.0,7.4,0.798,-0.303,1
20170520,9,63.0,6.1,-1.347,-0.617,1
20170520,10,65.0,6.8,2.645,-0.659,1
20170520,11,65.0,6.7,-1.047,-0.363,1
20170520,12,65.0,5.9,-1.725,-0.724,1
20170520,13,69.0,5.7,-0.834,-0.524,1
20170520,14,66.0,5.8,-1.587,-0.515,1
20170520,15,76.0,4.8,-0.394,-0.742,1
20170520,16,63.0,5.0,-1.567,0.006,1
20170520,17,62.0,5.7,-0.14,0.685,1
20170520,18,61.0,6.8,0.754,0.118,1
20170520,19,54.0,8.9,0.747,0.242,1
20170520,20,59.0,11.5,1.482,0.141,1
20170520,21,64.0,12.1,2.243,0.219,1
20170520,22,67.0,11.9,2.432,0.29,1
20170520,23,66.0,11.3,3.362,0.229,1
20170521,0,62.0,11.4,1.708,0.241,1
20170521,1,64.0,11.7,1.359,0.115,1
20170521,2,73.0,8.6,1.11,3.554,1
20170521,3,69.0,10.1,0.769,1.231,1
20170521,4,60.0,11.7,2.531,0.193,1
20170521,5,62.0,15.0,2.434,0.109,1
20170521,6,64.0,10.0,0.985,0.073,1
20170521,7,65.0,11.8,1.184,0.062,1
20170521,8,68.0,10.9,1.143,0.037,1
20170521,9,71.0,12.2,3.165,0.014,1
20170521,10,79.0,9.5,0.042,-0.059,1
20170521,11,86.0,8.0,0.027,-0.065,1
20170521,12,101.0,6.8,0.1,-0.088,1
20170521,13,141.0,5.6,-0.825,-0.215,1
20170521,14,156.0,6.0,-0.749,-0.354,1
20170521,15,180.0,6.8,-0.585,-1.083,1
20170521,16,183.0,7.2,-0.954,-1.383,1
20170521,17,184.0,6.9,-0.714,-0.699,1
20170521,18,187.0,7.5,-0.155,-0.131,1
20170521,19,188.0,7.7,0.191,-0.005,1
20170521,20,198.0,8.4,0.595,0.009,1
20170521,21,200.0,9.4,0.374,-0.088,1
20170521,22,223.0,5.6,4.143,0.662,1
20170521,23,218.0,5.6,10.869,0.447,1
20170522,0,219.0,5.4,0.177,-2.737,1
20170522,1,228.0,6.5,-0.299,-1.428,1
20170522,2,221.0,6.0,1.44,-1.92,1
20170522,3,232.0,5.9,5.018,-4.642,1
20170522,4,247.0,5.7,1.888,-0.612,1
20170522,5,248.0,4.9,2.164,-0.519,1
20170522,6,248.0,2.4,-22.202,-2.122,1
20170522,7,230.0,1.8,2.377,0.91,1
20170522,8,67.0,1.1,-1.603,6.483,1
20170522,9,47.0,2.0,-1.573,-3.984,1
20170522,10,49.0,2.1,-6.77,1.359,1
20170522,11,64.0,3.1,-9.834,-7.8,0
20170522,12,44.0,2.3,-1.586,-5.492,0
20170522,13,64.0,3.2,-1.058,-3.726,0
20170522,14,64.0,3.3,-0.885,-5.244,0
20170522,15,43.0,3.7,-0.646,-2.047,0
20170522,16,71.0,2.8,-1.574,-2.391,1
20170522,17,112.0,1.5,-0.663,-0.949,1
20170522,18,245.0,2.4,-0.646,-1.308,1
20170522,19,335.0,3.2,0.632,0.176,1
20170522,20,350.0,3.5,0.938,0.332,1
20170522,21,358.0,5.1,2.291,0.206,1
20170522,22,18.0,6.2,0.313,0.581,1
20170522,23,29.0,6.3,-6.239,0.479,1
20170523,0,47.0,7.2,3.525,0.354,1
20170523,1,46.0,8.7,-4.871,0.301,1
20170523,2,39.0,10.2,6.51,0.327,1
20170523,3,40.0,9.8,5.743,0.196,1
20170523,4,49.0,8.2,7.713,0.241,1
20170523,5,51.0,10.5,1.749,0.131,1
20170523,6,49.0,11.7,4.064,0.144,1
20170523,7,59.0,10.3,1.666,0.033,1
20170523,8,53.0,9.1,0.241,-0.258,1
20170523,9,61.0,9.5,-0.175,-0.166,1
20170523,10,59.0,7.2,-1.084,-0.316,1
20170523,11,67.0,6.5,-1.91,-0.545,1
20170523,12,66.0,6.0,-1.666,-0.57,1
20170523,13,69.0,6.0,-0.525,-0.51,1
20170523,14,66.0,6.3,-2.142,-0.367,1
20170523,15,59.0,5.3,-1.029,-0.339,1
20170523,16,63.0,5.3,-0.16,-0.29,1
20170523,17,59.0,5.3,0.066,0.088,1
20170523,18,42.0,4.7,0.214,1.679,1
20170523,19,43.0,6.4,1.691,0.471,1
20170523,20,51.0,7.5,1.668,0.514,1
20170523,21,60.0,8.5,10.74,0.646,1
20170523,22,65.0,10.0,4.103,0.569,1
20170523,23,65.0,9.2,3.507,0.794,1
20170524,0,67.0,7.8,7.119,0.696,1
20170524,1,71.0,7.5,8.665,0.388,1
20170524,2,70.0,9.2,1.146,0.454,1
20170524,3,62.0,8.4,0.831,9.196,1
20170524,4,70.0,8.3,1.141,3.887,1
20170524,5,61.0,7.4,0.479,3.454,1
20170524,6,50.0,10.3,3.464,0.116,1
20170524,7,56.0,10.7,1.339,0.003,1
20170524,8,56.0,6.0,-0.155,-0.362,1
20170524,9,66.0,6.6,-0.884,-0.185,1
20170524,10,69.0,6.3,-1.08,-0.338,1
20170524,11,65.0,5.9,-2.994,-0.504,1
20170524,12,89.0,4.1,-0.719,-1.307,1
20170524,13,92.0,5.2,-1.499,-0.754,1
20170524,14,85.0,4.6,-0.898,-0.813,1
20170524,15,108.0,3.9,-0.932,-1.265,1
20170524,16,118.0,3.0,-0.907,-1.641,1
20170524,17,105.0,1.6,-0.895,0.377,1
20170524,18,26.0,3.1,0.847,0.772,1
20170524,19,323.0,2.7,-0.07,8.013,1
20170524,20,16.0,2.7,1.388,5.75,1
20170524,21,53.0,5.2,4.154,0.454,1
20170524,22,212.0,8.0,1.464,0.568,1
20170525,16,255.0,2.7,-1.441,-1.79,1
20170525,17,268.0,2.4,-1.609,-0.27,1
20170525,18,319.0,1.7,-1.192,1.115,1
20170525,19,16.0,2.9,0.749,2.907,1
20170525,20,289.0,2.0,2.452,9.811,1
20170525,21,3.0,2.1,-1.796,24.153,1
20170525,22,357.0,2.6,-8.518,14.517,1
20170525,23,273.0,1.8,-1.319,38.287,1
20170526,0,219.0,2.4,1.305,22.687,1
20170526,1,242.0,1.6,-5.464,67.977,1
20170526,2,213.0,2.8,-1.12,36.825,1
20170526,3,220.0,5.9,-1.613,-1.532,1
20170526,4,224.0,6.5,28.381,0.379,1
20170526,5,223.0,6.4,2.125,-5.06,1
20170526,6,237.0,6.0,2.106,-7.722,1
20170526,7,242.0,5.4,-2.559,-3.281,1
20170526,8,223.0,5.1,0.123,-11.355,1
20170526,9,215.0,5.8,-1.648,-10.77,1
20170526,10,206.0,6.4,-1.934,-8.966,1
20170526,11,217.0,5.6,-8.768,-11.042,1
20170526,12,211.0,5.1,-47.275,-11.38,1
20170526,13,224.0,5.9,-1.12,-9.682,1
20170526,14,237.0,5.9,-4.899,-6.794,1
20170526,15,246.0,5.8,-2.216,-5.86,1
20170526,16,252.0,5.4,-2.443,-5.726,1
20170526,17,260.0,6.4,-2.003,-5.599,1
20170526,18,259.0,7.0,-0.323,-6.533,1
20170526,19,255.0,7.5,1.298,-7.97,1
20170526,20,252.0,6.7,2.551,-9.263,1
20170526,21,252.0,6.6,7.765,0.243,1
20170526,22,235.0,6.0,16.578,7.875,1
20170526,23,247.0,6.1,7.12,1.827,1
20170527,0,234.0,5.4,11.328,2.438,1
20170527,1,229.0,5.7,7.106,1.372,1
20170527,2,237.0,5.1,7.724,0.845,1
20170527,3,230.0,4.1,4.02,0.677,1
20170527,4,212.0,3.3,-4.201,0.783,1
20170527,5,193.0,2.9,-1.903,1.88,1
20170527,6,198.0,1.6,1.989,18.102,1
20170527,7,148.0,2.3,-13.582,20.473,1
20170527,8,129.0,3.1,-2.096,2.045,1
20170527,9,172.0,1.5,-1.748,-0.912,1
20170527,10,146.0,2.0,-1.854,-1.611,1
20170527,11,164.0,4.1,-2.48,-0.672,1
20170527,12,163.0,5.3,-2.021,-0.774,1
20170527,13,186.0,4.8,-1.692,-2.772,1
20170527,14,188.0,4.4,-1.724,-3.68,1
20170527,15,201.0,5.5,-0.708,-4.13,1
20170527,16,188.0,5.6,-0.614,-1.535,1
20170527,17,231.0,4.9,-0.741,-2.883,1
20170527,18,260.0,4.2,-0.118,-4.271,1
20170527,19,255.0,2.3,-0.294,-3.56,1
20170527,20,129.0,2.5,-0.191,0.906,1
20170527,21,151.0,3.4,-5.651,2.042,1
20170527,22,240.0,4.9,-3.495,-0.868,1
20170527,23,266.0,4.9,2.603,-2.977,1
20170528,0,251.0,4.2,3.728,-3.069,1
20170528,1,219.0,3.9,0.686,-4.181,1
20170528,2,192.0,4.5,-3.803,-0.931,1
20170528,3,209.0,4.0,1.371,-1.755,1
20170528,4,202.0,5.0,0.196,-1.388,1
20170528,16,214.0,5.5,-0.791,-6.391,1
20170528,17,211.0,6.1,-1.512,-4.377,1
20170528,18,246.0,5.9,-0.216,-4.914,1
20170528,19,260.0,7.2,-0.271,-4.052,1
20170528,20,263.0,7.4,-1.448,-8.961,1
20170528,21,256.0,7.3,0.103,-9.711,1
20170528,22,251.0,5.8,3.442,1.641,1
20170528,23,232.0,5.3,3.825,1.648,1
20170529,0,232.0,5.6,-2.343,1.107,1
20170529,1,233.0,5.2,-0.184,1.205,1
20170529,2,237.0,4.6,-1.976,6.117,1
20170529,3,234.0,4.7,9.586,1.634,1
20170529,4,250.0,3.8,9.509,3.511,1
20170529,5,250.0,2.9,3.546,10.226,1
20170529,6,235.0,2.8,1.07,9.734,1
20170529,7,221.0,3.2,-0.323,4.503,1
20170529,8,229.0,1.9,-0.74,-6.466,1
20170529,9,218.0,1.6,-5.091,-8.282,1
20170529,10,214.0,2.5,-3.298,-7.171,1
20170529,11,256.0,2.5,-1.027,-3.381,1
20170529,12,283.0,2.0,-1.907,-2.055,1
20170529,13,290.0,2.2,-1.333,-0.657,1
20170529,14,301.0,1.9,-1.871,-1.876,1
20170529,15,250.0,2.1,-1.703,-1.814,1
20170529,16,264.0,5.2,-38.876,-3.307,1
20170529,17,279.0,6.3,-1.22,-2.634,1
20170529,18,286.0,6.4,-0.545,-2.321,1
20170529,19,300.0,5.8,0.257,-0.359,1
20170529,20,289.0,4.3,0.335,-1.965,1
20170529,21,319.0,2.7,-0.1,-2.732,1
20170529,22,12.0,1.5,1.45,-2.932,1
20170529,23,161.0,1.2,0.948,-5.339,1
20170530,0,57.0,1.5,2.153,0.282,1
20170530,1,26.0,0.9,1.451,5.144,1
20170530,2,346.0,1.2,4.984,-3.507,1
20170530,3,10.0,4.2,3.516,0.042,1
20170530,4,22.0,4.8,6.975,0.2,1
20170530,5,28.0,3.9,1.408,0.221,1
20170530,6,21.0,3.6,7.303,0.408,1
20170530,7,1.0,2.2,-0.172,9.326,1
20170530,8,354.0,1.3,0.201,19.963,1
20170530,9,287.0,1.7,-5.361,4.126,1
20170530,10,276.0,2.3,-2.749,-0.695,1
20170530,11,253.0,3.3,-1.153,-2.505,1
20170530,12,252.0,3.6,-1.764,-3.139,1
20170530,13,262.0,3.8,-2.093,-5.702,1
20170530,14,283.0,4.1,-1.12,-6.439,1
20170530,15,269.0,4.2,-0.866,-5.152,1
20170530,16,266.0,6.3,-1.748,-6.607,1
20170530,17,278.0,7.0,-3.181,-5.501,1
20170530,18,283.0,6.6,-0.797,-2.405,1
20170530,19,278.0,4.6,1.175,-3.738,1
20170530,20,292.0,3.2,-4.785,-0.02,1
20170530,21,15.0,3.0,2429.847,2.848,1
20170530,22,350.0,3.6,4.563,2.586,1
20170530,23,338.0,1.3,15.818,43.064,1
20170531,0,15.0,2.7,3.448,6.01,1
20170531,1,20.0,3.1,-0.555,1.089,1
20170531,2,45.0,2.9,21.325,5.478,1
20170531,3,35.0,2.5,21.632,6.559,1
20170531,4,33.0,3.2,4.547,1.912,1
20170531,5,42.0,5.0,0.892,1.126,1
20170531,6,46.0,6.5,131.468,0.397,1
20170531,7,45.0,5.9,2.419,-0.064,1
20170531,8,63.0,4.0,-1.187,-3.31,1
20170531,9,53.0,2.4,-2.947,-0.908,1
20170531,10,214.0,1.7,-1.277,1.845,1
20170531,11,242.0,2.9,-2.479,-2.878,1
20170531,12,229.0,5.1,-1.97,-5.718,1
20170531,13,225.0,5.6,-6.46,-5.171,1
20170531,14,232.0,5.4,-2.093,-6.256,1
20170531,15,242.0,5.4,-1.847,-5.504,1
20170531,16,241.0,5.3,-0.911,-4.355,1
20170531,17,282.0,7.8,-5.784,-2.286,1
20170531,18,280.0,7.2,-0.446,-3.216,1
20170531,19,273.0,5.0,1.585,-1.681,1
20170531,20,289.0,2.7,4.979,3.526,1
20170531,21,324.0,1.9,4.508,9.573,1
20170531,22,6.0,2.9,-3.447,20.463,1
20170531,23,19.0,5.3,4.882,5.627,1
20170601,0,40.0,4.0,1.61,1.623,1
20170601,1,70.0,4.2,-2.872,1.336,1
20170601,2,66.0,5.1,3.019,0.757,1
20170601,3,54.0,5.9,11.557,0.453,1
20170601,4,38.0,5.0,-2.357,0.703,1
20170601,5,46.0,5.5,11.428,0.677,1
20170601,6,59.0,5.9,8.287,0.406,1
20170601,7,54.0,6.0,6.956,0.389,1
20170601,8,66.0,4.3,0.265,-3.948,1
20170601,9,62.0,3.0,-4.238,-6.038,1
20170601,10,158.0,1.7,-8.61,-0.453,1
20170601,11,235.0,3.8,-0.922,-2.931,1
20170601,12,239.0,4.8,-3.105,-5.287,1
20170601,13,245.0,6.2,-1.879,-6.175,1
20170601,14,260.0,6.7,-0.72,-6.035,1
20170601,15,274.0,7.6,-1.64,-6.218,1
20170601,16,284.0,7.4,-2.88,-4.018,1
20170601,17,277.0,7.5,-1.179,-4.47,1
20170601,18,282.0,5.1,0.2,-2.949,1
20170601,19,273.0,3.6,1.327,-0.461,1
20170601,20,318.0,2.4,4.068,24.563,1
20170601,21,343.0,3.9,-0.101,3.339,1
20170601,22,10.0,3.6,2.092,1.558,1
20170601,23,20.0,2.9,0.959,14.302,1
20170602,0,24.0,2.5,-7.357,17.915,1
20170602,1,10.0,5.1,0.654,0.437,1
20170602,2,19.0,3.8,7.204,0.856,1
20170602,3,26.0,2.9,3.429,5.465,1
20170602,4,14.0,2.4,-1.734,28.252,1
20170602,5,19.0,1.3,0.607,34.089,1
20170602,6,347.0,0.6,1.523,79.537,1
20170602,7,240.0,1.4,-12.556,87.136,1
20170602,8,241.0,2.8,-8.986,17.398,1
20170602,9,242.0,2.9,3.896,18.065,1
20170602,10,226.0,3.9,-0.934,-0.823,1
20170602,11,238.0,4.7,-4.353,-4.257,1
20170602,12,235.0,5.5,-1.054,-5.859,1
20170602,13,249.0,6.0,-1.071,-4.658,1
20170602,14,263.0,7.0,-2.032,-6.838,1
20170602,15,276.0,7.7,-3.598,-6.688,1
20170602,16,280.0,8.9,-5.631,-4.096,1
20170602,17,283.0,7.8,-0.528,-3.337,1
20170602,18,285.0,6.6,0.296,-2.095,1
20170602,19,285.0,4.8,1.376,-0.954,1
20170602,20,294.0,3.7,1.823,0.837,1
20170602,21,319.0,1.6,1.409,4.496,1
20170602,22,301.0,2.7,-2.0,3.221,1
20170602,23,308.0,3.1,0.441,0.637,1
20170603,0,293.0,2.1,-1.607,10.508,1
20170603,1,296.0,2.2,8.166,19.236,1
20170603,2,342.0,3.7,0.473,7.169,1
20170603,3,333.0,3.0,0.927,4.067,1
20170603,4,308.0,1.9,4.529,8.077,1
20170603,5,292.0,2.7,0.315,4.78,1
20170603,6,281.0,4.8,4.097,1.111,1
20170603,7,295.0,3.3,0.988,3.828,1
20170603,8,342.0,2.1,-4.349,0.676,1
20170603,9,358.0,2.0,-11.666,-3.516,1
20170603,10,354.0,1.9,-4.8,-1.584,1
20170603,11,262.0,2.4,-1.247,-3.549,1
20170603,12,276.0,4.2,-2.247,-6.913,1
20170603,13,280.0,5.5,-3.883,-7.691,1
20170603,14,277.0,7.7,-27.485,-7.426,1
20170603,15,279.0,8.7,-2.79,-4.209,1
20170603,16,282.0,7.5,-3.5,-2.319,1
20170603,17,282.0,5.4,-5.513,-4.323,1
20170603,18,275.0,4.2,-1.046,-5.717,1
20170603,19,283.0,3.1,3.314,-7.042,1
20170603,20,282.0,2.3,3.701,-8.967,1
20170603,21,1.0,2.4,7.697,0.002,1
20170603,22,355.0,3.7,2.063,0.097,1
20170603,23,341.0,2.7,3.529,1.356,1
20170604,0,1.0,4.1,2.113,0.004,1
20170604,1,2.0,5.0,1.152,0.025,1
20170604,2,1.0,6.3,-1.977,-0.02,1
20170604,3,8.0,6.2,1.054,-0.01,1
20170604,4,351.0,4.3,3.279,-0.657,1
20170604,5,316.0,0.9,-0.501,3.847,1
20170604,6,1.0,2.3,3.271,2.136,1
20170604,7,11.0,4.9,0.177,-0.637,1
20170604,8,353.0,4.2,-2.942,1.259,1
20170604,9,343.0,1.9,-2.622,2.414,1
20170604,10,300.0,2.2,-3.673,-0.855,1
20170604,11,342.0,4.0,-1.967,-3.004,1
20170604,12,328.0,4.2,-2.384,-2.829,1
20170604,13,335.0,4.7,-3.244,-4.842,1
20170604,14,335.0,4.4,-2.462,-1.899,1
20170604,15,319.0,4.9,-2.022,-6.03,1
20170604,16,330.0,3.8,-1.866,-2.834,1
20170604,17,312.0,4.6,-0.593,-2.287,1
20170604,18,338.0,5.3,-0.913,-0.562,1
20170604,19,342.0,5.2,0.402,-0.593,1
20170604,20,339.0,5.4,0.252,-0.625,1
20170604,21,347.0,9.2,0.637,-0.034,1
20170604,22,329.0,3.2,0.541,-2.977,1
20170604,23,352.0,6.9,0.632,-0.087,1
20170605,0,348.0,5.6,-1.177,0.087,1
20170605,1,335.0,3.3,1.227,-1.527,1
20170605,2,357.0,5.2,-0.174,0.002,1
20170605,3,6.0,7.7,1.501,0.045,1
20170605,4,1.0,5.0,-15.177,0.101,1
20170605,5,357.0,6.3,2.631,0.093,1
20170605,6,359.0,5.8,2.686,-0.011,1
20170605,7,5.0,4.9,8.7,-0.165,1
20170605,8,9.0,3.9,-1.661,-0.76,1
20170605,9,8.0,2.4,-3.826,-1.418,1
20170605,10,275.0,2.6,-0.837,-1.543,1
20170605,11,245.0,4.6,-4.103,-4.271,1
20170605,12,258.0,5.1,-1.798,-6.318,1
20170605,13,278.0,7.3,-4.882,-6.397,1
20170605,14,273.0,8.4,-2.98,-8.255,1
20170605,15,276.0,8.9,-4.33,-4.71,1
20170605,16,279.0,9.0,-2.19,-3.693,1
20170605,17,275.0,9.6,-1.322,-2.99,1
20170605,18,288.0,8.8,-0.379,-0.69,1
20170605,19,292.0,6.0,-0.104,-1.797,1
20170605,20,279.0,5.1,2.38,-2.149,1
20170605,21,285.0,6.0,3.768,-2.291,1
20170605,22,278.0,6.9,0.519,-1.168,1
20170605,23,272.0,8.0,2.093,-1.75,1
20170606,0,266.0,5.6,1.504,-6.244,1
20170606,1,261.0,4.8,1.015,-8.959,1
20170606,2,286.0,3.3,1.763,-5.616,1
20170606,3,261.0,4.7,11.974,-4.694,1
20170606,4,282.0,5.6,-2.997,-0.389,1
20170606,5,286.0,5.6,1.255,-0.367,1
20170606,6,297.0,4.5,0.639,-0.186,1
20170606,7,329.0,2.4,-0.17,-2.893,1
20170606,8,340.0,4.5,-1.947,-0.88,1
20170606,9,347.0,3.8,-1.858,-1.261,1
20170606,10,6.0,3.8,-1.376,-1.17,1
20170606,11,9.0,3.1,-1.245,-2.982,1
20170606,12,359.0,2.9,-55.333,-4.021,1
20170606,13,339.0,2.8,-1.044,-4.304,1
20170606,14,338.0,3.3,-1.369,-4.963,1
20170606,15,336.0,3.6,-1.387,-5.225,1
20170606,16,331.0,3.3,-1.251,-4.523,1
20170606,17,343.0,4.1,-5.733,-1.262,1
20170606,18,352.0,5.3,0.404,-0.172,1
20170606,19,341.0,3.3,0.379,-0.549,1
20170606,20,356.0,4.9,2.702,0.148,1
20170606,21,356.0,5.6,-17.043,0.244,1
20170606,22,1.0,5.4,6.697,0.742,1
20170606,23,358.0,6.0,1.019,0.322,1
20170607,0,18.0,5.3,1.691,0.611,1
20170607,1,32.0,4.5,9.085,2.113,1
20170607,2,33.0,4.7,6.674,1.266,1
20170607,3,26.0,6.1,-2.832,0.494,1
20170607,4,28.0,7.9,1.811,0.204,1
20170607,5,34.0,8.8,-5.581,0.228,1
20170607,6,39.0,9.5,4.382,0.183,1
20170607,7,42.0,9.1,1.937,0.082,1
20170607,8,41.0,5.9,0.449,-0.699,1
20170607,9,48.0,4.6,-2.041,-1.616,1
20170607,10,49.0,4.3,-4.38,-2.944,1
20170607,11,33.0,3.2,-1.661,-3.298,1
20170607,12,30.0,2.5,-5.429,-5.554,1
20170607,13,41.0,2.9,-0.726,-3.408,1
20170607,14,28.0,3.4,-1.323,-2.281,1
20170607,15,22.0,2.4,-0.806,-4.883,1
20170607,16,13.0,3.2,-0.441,-0.81,1
20170607,17,20.0,2.9,-0.544,-0.488,1
20170607,18,35.0,4.0,0.27,1.32,1
20170607,19,39.0,4.9,2.573,0.621,1
20170607,20,30.0,6.8,3.38,0.336,1
20170607,21,25.0,8.0,2.413,0.25,1
20170607,22,30.0,8.7,4.803,0.283,1
20170607,23,35.0,8.6,2.654,0.3,1
20170608,0,37.0,8.9,0.33,0.287,1
20170608,1,43.0,9.2,3.474,0.242,1
20170608,2,47.0,8.8,5.668,0.25,1
20170608,3,49.0,8.3,2.13,0.178,1
20170608,4,54.0,7.6,6.688,0.442,1
20170608,5,66.0,7.6,3.213,0.279,1
20170608,6,57.0,6.6,3.986,0.652,1
20170608,7,57.0,5.6,16.509,1.309,1
20170608,8,59.0,4.4,-2.326,-6.305,1
20170608,9,53.0,4.4,-1.584,-6.396,1
20170608,10,84.0,2.5,-3.138,-5.91,1
20170608,11,190.0,2.4,-4.31,-0.668,1
20170608,12,245.0,3.5,-1.269,-2.707,1
20170608,13,248.0,5.1,-10.192,-3.481,1
20170608,14,258.0,7.3,-3.426,-4.281,1
20170608,15,253.0,6.8,-0.809,-3.48,1
20170608,16,265.0,7.0,-0.426,-2.528,1
20170608,17,265.0,5.5,-0.251,-3.651,1
20170608,18,253.0,3.6,1.3,-2.617,1
20170608,19,246.0,2.1,1.012,1.971,1
20170608,20,274.0,2.7,5.628,2.959,1
20170608,21,285.0,3.9,16.49,3.262,1
20170608,22,359.0,2.2,3.917,45.439,1
20170608,23,47.0,1.9,6.666,35.93,1
20170609,0,25.0,2.9,3.293,7.519,1
20170609,1,327.0,1.5,0.797,43.266,1
20170609,2,221.0,3.3,6.02,24.093,1
20170609,3,286.0,2.4,5.887,25.185,1
20170609,4,20.0,3.3,5.987,2.148,1
20170609,5,343.0,2.6,-0.845,5.235,1
20170609,6,335.0,1.6,-0.018,21.343,1
20170609,7,56.0,0.7,0.237,26.086,1
20170609,8,9.0,1.3,-0.068,22.282,1
20170609,9,235.0,3.2,-0.323,-0.363,1
20170609,10,245.0,4.0,-1.059,-2.089,1
20170609,11,265.0,4.5,-1.197,-5.077,1
20170609,12,260.0,5.9,-16.707,-6.301,1
20170609,13,280.0,5.0,-1.819,-5.189,1
20170609,14,276.0,6.4,-2.439,-8.261,1
20170609,15,278.0,7.7,-2.191,-7.226,1
20170609,16,276.0,7.9,-2.149,-7.247,1
20170609,17,274.0,7.8,-3.159,-5.23,1
20170609,18,280.0,5.7,0.987,-2.41,1
20170609,19,260.0,2.8,0.573,-1.044,1
20170609,20,260.0,2.3,2.948,3.366,1
20170609,21,221.0,1.5,-2.669,23.536,1
20170609,22,41.0,1.4,-1.174,16.35,1
20170609,23,351.0,3.7,4.649,0.743,1
20170610,0,20.0,3.3,3.876,2.708,1
20170610,1,14.0,3.3,0.488,2.911,1
20170610,2,9.0,4.9,4.411,0.703,1
20170610,3,12.0,5.6,3.959,0.722,1
20170610,4,22.0,5.4,12.113,0.821,1
20170610,5,32.0,5.7,12.467,1.101,1
20170610,6,52.0,4.4,-0.598,1.699,1
20170610,7,43.0,5.4,8.386,0.955,1
20170610,8,48.0,4.5,-0.029,-4.286,1
20170610,9,136.0,1.8,-1.3,0.199,1
20170610,10,115.0,1.6,-4.499,0.683,1
20170610,11,190.0,2.2,-1.369,-1.679,1
20170610,12,253.0,3.5,-1.296,-2.628,1
20170610,13,232.0,3.6,-2.491,-4.729,1
20170610,14,244.0,4.5,-1.127,-4.653,1
20170610,15,252.0,5.4,-2.028,-5.185,1
20170610,16,272.0,6.4,-2.796,-5.71,1
20170610,17,277.0,5.7,-2.501,-4.074,1
20170610,18,276.0,5.3,-1.478,-2.455,1
20170610,19,273.0,4.6,2.639,0.098,1
20170610,20,278.0,2.8,0.196,13.005,1
20170610,21,293.0,1.9,0.382,11.765,1
20170610,22,60.0,1.5,1.568,30.264,1
20170610,23,31.0,1.7,4.989,49.301,1
20170611,0,23.0,0.7,-0.37,72.502,1
20170611,1,23.0,0.7,38.495,58.684,1
20170611,2,79.0,0.9,-1.532,36.588,1
20170611,3,44.0,3.2,4.736,24.231,1
20170611,4,9.0,3.1,3.671,3.447,1
20170611,5,23.0,2.9,2.237,1.765,1
20170611,6,11.0,1.8,3.121,34.901,1
20170611,7,14.0,0.9,-7.67,67.701,1
20170611,8,240.0,0.7,-27.586,66.027,1
20170611,9,180.0,0.9,-0.048,23.985,1
20170611,10,217.0,1.5,1.237,5.551,1
20170611,11,219.0,2.8,-2.573,0.334,1
20170611,12,234.0,4.1,-2.62,-2.524,1
20170611,13,229.0,4.9,-4.597,-4.086,1
20170611,14,240.0,5.7,-9.45,-5.098,1
20170611,15,249.0,5.9,-1.174,-5.734,1
20170611,16,276.0,7.1,-1.644,-5.661,1
20170611,17,278.0,6.3,-8.918,-4.946,1
20170611,18,272.0,5.3,-1.964,-2.81,1
20170611,19,255.0,3.4,2.0,1.825,1
20170611,20,271.0,1.2,4.514,23.417,1
20170611,21,177.0,0.8,9.37,43.086,1
20170611,22,42.0,0.8,2.564,17.406,1
20170611,23,39.0,2.7,-0.567,18.053,1
20170612,0,61.0,4.1,65.465,2.823,1
20170612,1,61.0,5.5,13.656,0.626,1
20170612,2,42.0,5.2,3.986,0.988,1
20170612,3,36.0,5.8,11.733,0.991,1
20170612,4,48.0,6.7,9.398,1.225,1
20170612,5,46.0,7.3,4.784,1.431,1
20170612,6,58.0,6.4,3.815,3.429,1
20170612,7,52.0,4.9,3.29,0.709,1
20170612,8,48.0,2.6,-2.54,-1.051,1
20170612,9,123.0,1.6,-3.05,13.373,1
20170612,10,187.0,2.2,-1.518,1.832,1
20170612,11,231.0,3.3,-2.005,-0.305,1
20170612,12,226.0,3.9,-0.678,-0.649,1
20170612,13,236.0,4.1,-6.627,-2.181,1
20170612,14,231.0,4.2,-1.413,-2.731,1
20170612,15,250.0,3.3,-2.271,-1.324,1
20170612,16,228.0,3.8,-1.819,-2.078,1
20170612,17,245.0,4.7,-2.87,-0.987,1
20170612,18,286.0,6.4,-12.482,0.874,1
20170612,19,281.0,3.9,1.978,4.596,1
20170612,20,26.0,3.7,1.255,1.499,1
20170612,21,340.0,2.4,4.876,18.407,1
20170612,22,5.0,6.4,0.774,4.287,1
20170612,23,25.0,7.5,2.526,0.348,1
20170613,0,33.0,7.1,1.854,0.244,1
20170613,1,44.0,10.3,1.936,0.227,1
20170613,2,49.0,7.9,0.814,0.306,1
20170613,3,64.0,2.2,-0.408,41.185,1
20170613,4,182.0,4.6,1.7,15.15,1
20170613,5,219.0,6.2,8.234,-1.275,1
20170613,6,226.0,5.1,6.433,-0.389,1
20170613,7,139.0,1.8,-0.614,-7.922,1
20170613,8,71.0,1.9,-6.22,-0.197,1
20170613,9,55.0,2.2,-5.503,-7.834,1
20170613,10,58.0,3.0,-1.197,-7.682,1
20170613,11,15.0,2.2,-1.411,-3.512,1
20170613,12,239.0,3.5,-1.217,-2.742,1
20170613,13,223.0,3.6,-2.759,-1.986,1
20170613,14,238.0,4.1,-1.136,-1.738,1
20170613,15,263.0,3.9,-0.534,-2.245,1
20170613,16,244.0,4.0,-2.386,-2.811,1
20170613,17,249.0,2.8,-0.419,0.544,1
20170613,18,210.0,3.8,-2.19,-0.149,1
20170613,19,308.0,4.1,0.246,0.765,1
20170613,20,345.0,3.9,0.449,0.671,1
20170613,21,354.0,5.3,0.967,0.249,1
20170613,22,214.0,3.4,-0.69,9.507,1
20170613,23,214.0,4.1,27.753,14.447,1
20170614,0,218.0,5.1,0.808,5.414,1
20170614,1,228.0,4.8,-30.574,10.752,1
20170614,2,222.0,5.7,-0.303,3.19,1
20170614,3,213.0,5.7,-17.97,7.021,1
20170614,4,203.0,7.2,4.342,2.306,1
20170614,5,217.0,6.1,10.642,1.581,1
20170614,6,221.0,5.3,-13.747,2.12,1
20170614,7,217.0,4.2,1.078,1.696,1
20170614,8,213.0,3.0,-1.181,2.742,1
20170614,9,206.0,2.2,-0.694,0.952,1
20170614,10,207.0,3.6,-5.335,-2.771,1
20170614,11,206.0,4.4,-2.855,-2.704,1
20170614,12,216.0,4.2,-1.854,-4.376,1
20170614,13,192.0,4.0,-0.891,-6.026,1
20170614,14,214.0,4.6,-2.431,-5.046,1
20170614,15,229.0,5.3,-1.91,-5.557,1
20170614,16,227.0,4.9,-1.246,-2.567,1
20170614,17,270.0,7.4,-1.496,-3.168,1
20170614,18,275.0,6.8,-0.914,-2.727,1
20170614,19,268.0,5.7,0.177,-1.718,1
20170614,20,279.0,4.2,1.528,-0.459,1
20170614,21,313.0,3.2,-2.478,3.836,1
20170614,22,328.0,1.6,2.184,29.903,1
20170614,23,336.0,0.8,-8.113,30.3,1
20170615,0,12.0,1.2,5.718,17.886,1
20170615,1,5.0,2.4,3.259,1.765,1
20170615,2,29.0,2.9,5.723,4.131,1
20170615,3,36.0,2.5,9.159,9.335,1
20170615,4,28.0,2.5,-10.919,16.236,1
20170615,5,81.0,2.3,5.314,22.693,1
20170615,6,131.0,2.2,2.639,46.979,1
20170615,7,141.0,2.7,-5.731,4.988,1
20170615,8,129.0,2.0,5.12,24.771,1
20170615,9,150.0,1.9,2.406,16.217,1
20170615,10,205.0,2.4,-0.624,1.486,1
20170615,11,188.0,2.8,-3.079,-1.787,1
20170615,12,200.0,3.1,-1.019,-3.583,1
20170615,13,215.0,4.4,-1.388,-2.418,1
20170615,14,231.0,4.0,-3.136,-2.041,1
20170615,15,235.0,4.8,-2.186,-3.915,1
20170615,16,251.0,6.3,-0.967,-4.892,1
20170615,17,263.0,6.8,-1.729,-3.148,1
20170615,18,272.0,6.7,-0.608,-1.359,1
20170615,19,261.0,4.4,2.23,2.335,1
20170615,20,282.0,2.2,-4.946,16.679,1
20170615,21,325.0,1.3,2.544,22.073,1
20170615,22,331.0,0.9,-0.258,15.463,1
20170615,23,349.0,1.3,-0.168,16.056,1
20170616,0,41.0,1.9,-3.902,17.57,1
20170616,1,38.0,2.3,12.828,25.975,1
20170616,2,74.0,4.5,-1.512,10.822,1
20170616,3,69.0,6.5,0.755,6.555,1
20170616,4,64.0,7.4,0.922,12.851,1
20170616,5,60.0,7.8,3.495,18.705,1
20170616,6,60.0,8.1,0.69,6.756,1
20170616,7,51.0,7.3,2.857,-0.178,1
20170616,8,52.0,5.8,0.105,-3.917,1
20170616,9,51.0,4.1,-2.193,-5.798,1
20170616,10,59.0,2.2,-2.322,-6.92,1
20170616,11,184.0,2.3,-1.351,-0.015,1
20170616,12,227.0,5.3,-1.03,-1.956,1
20170616,13,223.0,5.0,-1.774,-2.101,1
20170616,14,249.0,5.6,-1.498,-3.401,1
20170616,15,256.0,5.8,-0.826,-3.026,1
20170616,16,273.0,6.3,-3.751,-2.646,1
20170616,17,271.0,6.4,-1.383,-0.727,1
20170616,18,282.0,6.0,-1.593,1.174,1
20170616,19,271.0,6.0,0.405,3.502,1
20170616,20,285.0,6.3,-9.857,1.154,1
20170616,21,309.0,2.5,1.949,7.505,1
20170616,22,190.0,6.1,-1.105,5.76,1
20170616,23,223.0,4.3,-6.044,6.429,1
20170617,0,258.0,2.7,-1.57,9.73,1
20170617,1,289.0,4.2,0.932,3.4,1
20170617,2,284.0,4.2,6.218,5.973,1
20170617,3,168.0,5.7,-2.514,0.664,1
20170617,4,214.0,3.6,5.632,5.605,1
20170617,5,270.0,2.5,2.147,16.677,1
20170617,6,291.0,1.7,0.562,24.024,1
20170617,7,28.0,3.1,-1.967,27.933,1
20170617,8,51.0,2.8,-1.697,1.95,1
20170617,9,122.0,1.2,-1.847,5.126,1
20170617,10,204.0,1.4,-0.508,5.085,1
20170617,11,160.0,1.6,-2.881,0.06,1
20170617,12,63.0,2.5,-1.64,-6.839,1
20170617,13,75.0,2.6,-1.184,-8.166,1
20170617,14,4.0,3.7,-0.94,-0.996,1
20170625,12,227.0,8.1,-0.451,0.618,0
20170625,13,272.0,3.1,-0.268,-0.388,0
20170625,14,165.0,2.9,-1.09,-1.058,0
20170625,15,212.0,8.6,-0.402,-1.89,0
20170625,16,250.0,3.6,1.192,-0.011,0
20170625,17,197.0,2.2,-1.633,-5.155,0
20170625,18,233.0,2.0,3.442,-3.693,0
20170625,19,233.0,3.5,1.038,-0.615,0
20170625,20,261.0,3.9,2.561,-0.337,0
20170625,21,259.0,3.7,11.098,-3.486,0
20170625,22,248.0,5.3,4.223,-7.705,0
20170625,23,275.0,6.5,21.343,-0.145,0
20170626,0,258.0,5.6,11.306,-2.228,0
20170626,1,277.0,5.0,1.805,5.533,0
20170626,2,236.0,2.2,-2.004,18.235,0
20170626,3,92.0,1.6,-2.917,20.959,0
20170626,4,253.0,1.6,4.632,20.708,0
20170626,5,266.0,2.8,3.105,18.688,0
20170626,6,288.0,3.1,3.258,11.44,0
20170626,7,293.0,2.7,0.664,7.271,0
20170626,8,246.0,2.2,-2.126,4.219,0
20170626,9,234.0,3.9,-0.773,-3.153,0
20170626,10,261.0,4.6,-2.075,-4.342,0
20170626,11,245.0,6.5,-1.768,-6.939,0
20170626,12,251.0,7.6,-1.469,-8.175,0
20170626,13,245.0,6.9,-2.59,-7.477,0
20170626,14,244.0,7.4,-4.168,-8.515,0
20170626,15,251.0,7.7,-1.493,-10.548,0
20170626,16,256.0,7.9,-2.035,-10.666,0
20170626,17,259.0,8.8,-3.746,-7.133,0
20170626,18,267.0,9.3,-0.96,-6.422,0
20170626,19,273.0,8.9,-0.151,-2.646,0
20170626,20,272.0,8.4,0.818,-2.813,0
20170626,21,281.0,7.4,1.045,-1.683,0
20170626,22,283.0,5.1,1.85,-1.854,0
20170626,23,279.0,4.7,2.045,-4.22,0
20170627,0,278.0,4.6,2.111,-4.973,0
20170627,1,279.0,4.8,3.69,-1.388,0
20170627,2,277.0,5.1,0.384,-0.681,0
20170627,3,275.0,6.0,3.636,-0.628,0
20170627,4,271.0,5.5,2.4,-1.149,0
20170627,5,277.0,5.2,3.172,-1.004,0
20170627,6,274.0,4.7,1.734,-3.174,0
20170627,7,276.0,5.0,0.252,-3.666,0
20170627,8,293.0,3.4,-3.34,-5.069,0
20170627,9,316.0,2.8,-1.62,-1.659,0
20170627,10,289.0,4.5,-3.339,-4.708,0
20170627,11,280.0,8.3,-2.573,-5.591,0
20170627,12,281.0,9.1,-4.884,-3.229,0
20170627,13,283.0,10.3,-1.869,-2.499,0
20170627,14,281.0,10.0,-1.115,-2.873,0
20170627,15,279.0,9.5,-1.889,-4.963,0
20170627,16,275.0,10.1,-2.024,-3.777,0
20170627,17,283.0,11.6,-0.835,-0.62,0
20170627,18,282.0,10.8,-2.285,-1.162,0
20170627,19,278.0,9.4,0.203,-1.46,0
20170627,20,280.0,8.7,0.212,-0.662,0
20170627,21,272.0,6.2,0.594,-2.626,0
20170627,22,264.0,6.9,-0.093,-3.762,0
20170627,23,249.0,6.0,0.409,-7.234,0
20170628,0,247.0,7.0,2.45,-10.818,0
20170628,1,254.0,7.9,0.619,-1.32,0
20170628,2,249.0,7.5,0.784,-1.347,0
20170628,3,244.0,7.4,1.712,-1.627,0
20170628,4,241.0,7.3,0.58,-3.31,0
20170628,5,239.0,7.7,0.544,-1.86,0
20170628,6,233.0,9.2,0.129,-12.251,0
20170628,7,238.0,9.8,-0.204,-19.175,0
20170628,8,251.0,8.9,-0.39,-19.64,0
20170628,9,277.0,9.0,1.095,-5.99,0
20170628,10,285.0,9.5,-0.097,-6.853,0
