tower_no,name,terrain_elev_asl_m,boom_azimuth_deg,sonic_easting_m,sonic_northing_m
01,tnw01,297.85,142.52,32611.28,4623.17
02,tnw02,392.38,185.88,32804.82,4749.86
02a,tnw02a,392.38,305.19,32802.56,4751.43
02b,tnw02b,392.39,126.22,32805.95,4749.08
03,tnw03,486.77,110.95,32917.67,4860.89
04,tnw04,395.17,177.37,33159.50,4963.65
04a,tnw04a,395.21,126.12,33160.43,4962.96
04b,tnw04b,395.07,305.50,33157.17,4965.38
05,tnw05,367.95,291.32,33202.57,5042.21
05a,tnw05a,367.86,317.10,33202.17,5042.63
05b,tnw05b,368.54,136.67,33205.01,5039.67
08,tnw08,339.41,126.18,33749.53,5479.08
09,tnw09,388.22,107.80,33864.06,5587.77
10,tnw10,413.51,116.13,33952.07,5628.10
11,tnw11,437.00,151.80,34043.02,5696.25
12,tnw12,421.35,91.21,34095.80,5717.10
13,tnw13,384.55,270.47,34140.92,5777.09
14,tnw14,349.00,110.23,34222.77,5816.64
14a,tnw14a,348.98,138.96,34222.96,5816.54
14b,tnw14b,349.00,106.13,34222.74,5816.66
15,tnw15,330.36,79.71,34272.97,5843.29
16,tnw16,306.65,87.97,34349.78,5868.89
17,tse01,252.69,116.72,32960.86,3942.30
18,tse02,372.33,111.93,33260.11,4138.28
20,tse04,473.02,135.57,33394.18,4258.87
21,tse05,422.46,135.43,33497.76,4425.85
22,tse06,387.90,146.54,33636.59,4487.36
23,tse07,348.76,197.08,33821.93,4564.96
23a,tse07a,348.30,286.70,33818.24,4566.09
23b,tse07b,349.22,107.46,33821.93,4564.96
24,tse08,341.45,124.17,33977.69,4634.04
25,tse09,305.33,156.22,34153.02,4844.78
26,tse10,332.90,136.92,34274.35,4922.95
27,tse11,355.10,132.86,34334.33,4973.22
28,tse12,414.65,247.65,34448.07,5044.25
28a,tse12a,414.65,337.88,34446.38,5048.37
28b,tse12b,414.65,157.42,34448.07,5044.25
29,tse13,452.88,132.70,34535.99,5111.58
32,rsw01,472.10,136.28,33730.49,3803.31
33,rsw02,478.17,144.51,33633.50,3901.20
34,rsw03,472.90,143.87,33569.86,4006.84
35,rsw04,473.74,164.17,33453.60,4169.17
36,rsw05,479.11,147.49,33195.80,4548.30
37,rsw06,482.49,146.37,33087.97,4686.07
38,rsw07,490.47,124.75,32822.82,5000.93
39,rsw08,488.88,151.66,32734.37,5141.90
40,rne01,453.56,108.86,34886.81,4772.73
41,rne02,458.26,165.72,34737.46,4877.19
42,rne03,461.66,122.83,34630.65,5025.52
43,rne04,454.01,130.34,34414.87,5281.94
45,rne06,451.11,167.51,34178.28,5565.25
46,rne07,466.90,160.77,33886.57,5852.00
47,v01,330.60,134.85,34575.06,4503.58
49,v03,307.67,127.91,34235.98,4696.84
50,v04,295.68,123.78,33951.14,4978.78
51a,v05a,291.59,319.33,33811.59,5125.80
51b,v05b,291.59,133.74,33814.75,5122.55
52,v06,288.62,126.84,33704.27,5238.11
53,v07,281.52,113.16,33388.58,5457.11
54,?,0.00,0.00,31630.72,3670.69
55,?,260.27,172.00,34643.46,6174.68
