case,seed,a,agl,fixed_U,fixed_su,fixed_sv,fixed_sw,fixed_wm,fixed_sth,fixed_thmax,fixed_dU,fixed_rev,idle_U,idle_su,idle_sv,idle_sw,idle_wm,idle_sth,idle_thmax,idle_dU,idle_rev,th_ustar,th_L,th_zl,th_sw,th_su,th_sv,th_sth,uf,u10,w_field,w_slope,T_USTAR,lS,wstar,zi,lee_f,du,rev_ms,s_u,s_w,L_u,L_w,su_mech,sw_mech,su_conv,sw_conv,su_sep,sw_sep,advect,s_v
ongudai/kayancha_south:10.8,0,1,2.204,3.936,0.4445,0.6581,0.3387,0.1037,9.175,19.08,0.6296,0,3.938,0.4443,0.6575,0.3372,0.1014,9.152,19.14,0.6296,0,0.2886,-8.252,-0.2671,0.4389,1.352,1.329,34.12,2.231,3.235,0.225,0.6902,0.3122,0.2796,2.218,1498,0,0,0,1.395,0.3616,23.05,3.048,0.7116,0.3607,1.2,0.02568,0,0,4.213,1.363
ongudai/kayancha_south:10.8,1500,1,2.204,2.37,0.2989,0.4842,0.3051,0.3631,11.84,30.34,0.4863,0,2.369,0.2976,0.4871,0.3152,0.3625,11.91,30.47,0.4887,0,0.2886,-8.252,-0.2671,0.4389,1.352,1.329,34.12,2.231,3.235,0.225,0.6902,0.3122,0.2796,2.218,1498,0,0,0,1.395,0.3616,23.05,3.048,0.7116,0.3607,1.2,0.02568,0,0,4.213,1.363
ongudai/kayancha_south:10.8,3000,1,2.204,2.227,0.4569,0.6532,0.272,0.2653,16.01,27.4,0.4582,0,2.226,0.4562,0.6521,0.2594,0.2723,15.98,27.26,0.4577,0,0.2886,-8.252,-0.2671,0.4389,1.352,1.329,34.12,2.231,3.235,0.225,0.6902,0.3122,0.2796,2.218,1498,0,0,0,1.395,0.3616,23.05,3.048,0.7116,0.3607,1.2,0.02568,0,0,4.213,1.363
ongudai/kayancha_south:21.6,0,1,2.204,6.186,1.223,0.9511,0.9818,0.8721,9.542,21.27,2.143,0,6.186,1.226,0.9529,0.9831,0.8689,9.559,21.29,2.143,0,0.6375,-88.94,-0.02478,0.8161,1.742,1.582,18.39,4.929,7.181,0.5937,1.528,0.6984,0.6191,2.218,1498,0,0,0,1.841,0.797,23.05,3.048,1.572,0.7968,0.9584,0.01729,0,0,13.57,1.618
ongudai/kayancha_south:21.6,1500,1,2.204,5.597,1.042,0.7979,0.756,0.6257,7.885,18.91,1.883,0,5.551,1.048,0.7512,0.805,0.6961,8.048,20.63,2.036,0,0.6375,-88.94,-0.02478,0.8161,1.742,1.582,18.39,4.929,7.181,0.5937,1.528,0.6984,0.6191,2.218,1498,0,0,0,1.841,0.797,23.05,3.048,1.572,0.7968,0.9584,0.01729,0,0,13.57,1.618
ongudai/kayancha_south:21.6,3000,1,2.204,4.353,1.139,0.9406,0.6601,0.5271,11.91,30.76,2.095,0,4.316,1.232,0.9717,0.7701,0.4696,13.05,39.64,2.281,0,0.6375,-88.94,-0.02478,0.8161,1.742,1.582,18.39,4.929,7.181,0.5937,1.528,0.6984,0.6191,2.218,1498,0,0,0,1.841,0.797,23.05,3.048,1.572,0.7968,0.9584,0.01729,0,0,13.57,1.618
altai/sinyukha_west:10.8,0,1,3.639,3.543,0.7736,0.8629,0.5982,-0.05905,15.69,31.02,0.7114,0,3.542,0.775,0.8637,0.5935,-0.05298,15.7,30.96,0.7114,0,0.4329,-31.23,-0.1165,0.598,1.38,1.303,19.2,3.89,4.743,0.0672,1.036,0.3759,0.3765,2.023,1276,0,0,0,1.438,0.542,27.24,3.639,1.059,0.5411,0.9738,0.03008,0,0,4.213,1.333
altai/sinyukha_west:10.8,1500,1,3.639,3.847,0.9242,0.523,0.6061,-0.02704,7.844,15.3,0.9652,0,3.854,0.9213,0.5243,0.5982,-0.01953,7.863,15.3,0.9652,0,0.4329,-31.23,-0.1165,0.598,1.38,1.303,19.2,3.89,4.743,0.0672,1.036,0.3759,0.3765,2.023,1276,0,0,0,1.438,0.542,27.24,3.639,1.059,0.5411,0.9738,0.03008,0,0,4.213,1.333
altai/sinyukha_west:10.8,3000,1,3.639,4.127,0.7488,0.5159,0.3758,-0.1308,7.513,18.03,0.7609,0,4.129,0.7504,0.5162,0.376,-0.136,7.521,18.06,0.7609,0,0.4329,-31.23,-0.1165,0.598,1.38,1.303,19.2,3.89,4.743,0.0672,1.036,0.3759,0.3765,2.023,1276,0,0,0,1.438,0.542,27.24,3.639,1.059,0.5411,0.9738,0.03008,0,0,4.213,1.333
altai/sinyukha_west:21.6,0,1,3.639,7.653,1.502,1.38,1.101,-0.01792,10.48,23.34,3.714,0,7.327,1.652,1.373,1.118,0.1373,11.15,24.69,4.133,0,0.9757,-357.5,-0.01018,1.232,2.339,2.002,13.09,8.767,10.7,0.2112,2.33,0.8575,0.848,2.023,1276,0,0,0,2.486,1.22,27.24,3.639,2.386,1.22,0.6997,0.02004,0,0,13.57,2.035
altai/sinyukha_west:21.6,1500,1,3.639,8.032,2.306,1.991,0.8637,0.8227,15.6,39.44,4.152,0,7.998,2.435,2.152,0.9575,0.8926,17.04,42.63,4.363,0,0.9757,-357.5,-0.01018,1.232,2.339,2.002,13.09,8.767,10.7,0.2112,2.33,0.8575,0.848,2.023,1276,0,0,0,2.486,1.22,27.24,3.639,2.386,1.22,0.6997,0.02004,0,0,13.57,2.035
altai/sinyukha_west:21.6,3000,1,3.639,7.257,2.01,1.583,0.9482,0.3382,15.15,44.11,3.28,0,7.247,2.089,1.57,0.9956,0.3801,15.41,46.27,3.354,0,0.9757,-357.5,-0.01018,1.232,2.339,2.002,13.09,8.767,10.7,0.2112,2.33,0.8575,0.848,2.023,1276,0,0,0,2.486,1.22,27.24,3.639,2.386,1.22,0.6997,0.02004,0,0,13.57,2.035
askarovo/biyagoda_west:10.8,0,1,1.795,2.897,1.271,0.5069,0.3029,0.2341,16.99,43.12,0.6557,0,2.891,1.272,0.5081,0.3012,0.2368,17.03,43.13,0.6557,0,0.2615,-6.572,-0.2731,0.399,1.421,1.406,42.67,1.888,3.011,0.2248,0.6873,0.3183,0.2104,2.368,1952,0,0,0,1.464,0.3275,23.05,3.048,0.6463,0.3268,1.313,0.02063,0,0,4.213,1.442
askarovo/biyagoda_west:10.8,1500,1,1.795,0.7857,0.7549,0.4316,0.2526,0.5363,49.14,103,0.7493,0.09453,0.7845,0.7566,0.4309,0.2521,0.5379,49.2,102.8,0.7493,0.085,0.2615,-6.572,-0.2731,0.399,1.421,1.406,42.67,1.888,3.011,0.2248,0.6873,0.3183,0.2104,2.368,1952,0,0,0,1.464,0.3275,23.05,3.048,0.6463,0.3268,1.313,0.02063,0,0,4.213,1.442
askarovo/biyagoda_west:10.8,3000,1,1.795,2.732,0.6702,0.4939,0.2976,0.1548,11.17,27.64,0.8716,0,2.733,0.6714,0.4945,0.296,0.1522,11.17,27.59,0.8716,0,0.2615,-6.572,-0.2731,0.399,1.421,1.406,42.67,1.888,3.011,0.2248,0.6873,0.3183,0.2104,2.368,1952,0,0,0,1.464,0.3275,23.05,3.048,0.6463,0.3268,1.313,0.02063,0,0,4.213,1.442
askarovo/biyagoda_west:21.6,0,1,1.795,4.749,1.299,1.409,0.4812,0.6352,16.19,37.88,2.16,0,4.763,1.291,1.441,0.4894,0.6599,16.52,36.83,2.346,0,0.5771,-70.64,-0.02541,0.7392,1.705,1.584,21.78,4.166,6.675,0.7202,1.524,0.7052,0.4704,2.368,1952,0,0,0,1.793,0.7214,23.05,3.048,1.426,0.7213,1.087,0.01389,0,0,13.57,1.622
askarovo/biyagoda_west:21.6,1500,1,1.795,4.731,0.8242,0.6996,0.7696,1.118,7.864,20.73,1.981,0,4.727,0.8244,0.7006,0.7715,1.118,7.876,20.76,1.981,0,0.5771,-70.64,-0.02541,0.7392,1.705,1.584,21.78,4.166,6.675,0.7202,1.524,0.7052,0.4704,2.368,1952,0,0,0,1.793,0.7214,23.05,3.048,1.426,0.7213,1.087,0.01389,0,0,13.57,1.622
askarovo/biyagoda_west:21.6,3000,1,1.795,6.271,0.9552,0.8853,0.6452,0.6664,8.391,28.52,2.059,0,6.346,0.9373,0.8497,0.685,0.6361,7.963,19.92,2.059,0,0.5771,-70.64,-0.02541,0.7392,1.705,1.584,21.78,4.166,6.675,0.7202,1.524,0.7052,0.4704,2.368,1952,0,0,0,1.793,0.7214,23.05,3.048,1.426,0.7213,1.087,0.01389,0,0,13.57,1.622
aushkul/aushtau_east:10.8,0,1,2.067,2.087,0.5652,0.7707,0.3565,0.2878,21.56,41.76,0.7041,0,2.092,0.5614,0.7712,0.35,0.2828,21.49,41.85,0.7041,0,0.3102,-10.64,-0.1943,0.4519,1.46,1.436,35.01,2.349,3.503,0.1311,0.8268,0.3342,0.3267,2.397,1962,0,0,0,1.518,0.4089,23.05,3.048,0.8064,0.4084,1.286,0.02006,0,0,4.213,1.478
aushkul/aushtau_east:10.8,1500,1,2.067,1.025,0.338,1.263,0.4034,0.1232,42.69,71.3,1.077,0,1.026,0.3385,1.263,0.4044,0.1227,42.62,70.93,1.077,0,0.3102,-10.64,-0.1943,0.4519,1.46,1.436,35.01,2.349,3.503,0.1311,0.8268,0.3342,0.3267,2.397,1962,0,0,0,1.518,0.4089,23.05,3.048,0.8064,0.4084,1.286,0.02006,0,0,4.213,1.478
aushkul/aushtau_east:10.8,3000,1,2.067,1.903,0.6999,0.4349,0.2871,-0.1311,15.26,41.9,0.6876,0,1.897,0.6972,0.4358,0.2893,-0.1375,15.3,41.89,0.6878,0,0.3102,-10.64,-0.1943,0.4519,1.46,1.436,35.01,2.349,3.503,0.1311,0.8268,0.3342,0.3267,2.397,1962,0,0,0,1.518,0.4089,23.05,3.048,0.8064,0.4084,1.286,0.02006,0,0,4.213,1.478
aushkul/aushtau_east:21.6,0,1,2.067,4.983,1.243,1.206,0.8187,0.7139,15.22,44.08,2.452,0,4.99,1.242,1.208,0.8,0.7009,15.25,44.12,2.452,0,0.7493,-149.9,-0.01379,0.9494,1.983,1.78,17.97,5.674,8.494,0.4475,2.009,0.82,0.7942,2.397,1962,0,0,0,2.19,0.9928,23.05,3.048,1.96,0.9928,0.9769,0.01287,0,0,13.57,1.878
aushkul/aushtau_east:21.6,1500,1,2.067,4.529,1.243,1.424,0.9067,0.6031,18.96,48.32,3.061,0,4.533,1.244,1.428,0.9085,0.6053,19,48.3,3.061,0,0.7493,-149.9,-0.01379,0.9494,1.983,1.78,17.97,5.674,8.494,0.4475,2.009,0.82,0.7942,2.397,1962,0,0,0,2.19,0.9928,23.05,3.048,1.96,0.9928,0.9769,0.01287,0,0,13.57,1.878
aushkul/aushtau_east:21.6,3000,1,2.067,7.242,1.059,0.9578,0.7883,0.2854,7.736,19.56,2.457,0,7.31,1.11,0.9801,0.8226,0.2733,7.845,21.05,2.473,0,0.7493,-149.9,-0.01379,0.9494,1.983,1.78,17.97,5.674,8.494,0.4475,2.009,0.82,0.7942,2.397,1962,0,0,0,2.19,0.9928,23.05,3.048,1.96,0.9928,0.9769,0.01287,0,0,13.57,1.878
