group,subset,sigma,n_cells,w_med,w_p90,w_ok,lift_h_ok,lift_m_ok,speed_bias,dw_bias
conv,область,0,4319264,0.624,1.842,0.3528,0.72,0.7775,0.008424,0.0002821
conv,область,0.5,4319264,0.6592,1.942,0.3295,0.7133,0.7711,-0.01387,0.0002898
conv,область,1,4319264,0.7871,2.432,0.2743,0.6862,0.7479,-0.04263,0.0003067
conv,область,1.5,4319264,0.8628,2.709,0.2517,0.6715,0.7354,-0.05939,0.0003041
conv,область,2,4319264,0.9155,2.891,0.2379,0.6607,0.727,-0.07008,0.0002493
conv,гребни,0,432160,0.6758,2.189,0.4386,0.6635,0.7151,-0.01094,-0.0002793
conv,гребни,0.5,432160,0.7964,2.529,0.3537,0.6362,0.6913,-0.3158,0.005808
conv,гребни,1,432160,1.175,3.906,0.2172,0.5839,0.6421,-0.9274,0.01425
conv,гребни,1.5,432160,1.352,4.688,0.176,0.5743,0.6304,-1.319,0.01435
conv,гребни,2,432160,1.46,5.211,0.1528,0.5738,0.6291,-1.589,0.01156
conv,подветренные,0,214472,0.5337,1.589,0.2721,0.6604,0.6982,0.009791,-0.00209
conv,подветренные,0.5,214472,0.5786,1.787,0.247,0.6448,0.6842,0.09644,0.008856
conv,подветренные,1,214472,0.8384,2.652,0.1627,0.574,0.6317,0.3135,0.03883
conv,подветренные,1.5,214472,1.026,3.027,0.125,0.5271,0.6017,0.4138,0.06628
conv,подветренные,2,214472,1.161,3.234,0.106,0.4945,0.5854,0.4811,0.08769
nc,область,0,1005856,0.4226,1.069,0.3379,0.8784,0.9297,-0.05588,0.001344
nc,область,0.5,1005856,0.4319,1.086,0.3261,0.8772,0.9283,-0.067,0.001326
nc,область,1,1005856,0.4668,1.181,0.2897,0.8638,0.9177,-0.08445,0.001256
nc,область,1.5,1005856,0.4878,1.237,0.27,0.8537,0.9104,-0.09836,0.001134
nc,область,2,1005856,0.5024,1.277,0.2569,0.8463,0.9054,-0.1109,0.0009472
nc,гребни,0,100640,0.4683,1.205,0.3085,0.8446,0.8894,-0.04864,0.002181
nc,гребни,0.5,100640,0.4917,1.271,0.2814,0.8384,0.8832,-0.1504,0.004425
nc,гребни,1,100640,0.5698,1.587,0.2226,0.8094,0.8538,-0.3556,0.008147
nc,гребни,1.5,100640,0.6055,1.787,0.2037,0.7933,0.8365,-0.4915,0.009268
nc,гребни,2,100640,0.627,1.924,0.1951,0.784,0.8256,-0.5885,0.009264
nc,подветренные,0,50590,0.3682,1.03,0.401,0.8042,0.8755,-0.00872,0.005695
nc,подветренные,0.5,50590,0.3875,1.063,0.3768,0.8016,0.8719,0.01513,0.008819
nc,подветренные,1,50590,0.4734,1.271,0.2849,0.7699,0.8508,0.0826,0.01747
nc,подветренные,1.5,50590,0.5239,1.38,0.2332,0.7433,0.835,0.111,0.02546
nc,подветренные,2,50590,0.5591,1.447,0.2039,0.724,0.8261,0.1271,0.03167
