# n (k=n/86 цикл/клетку),err_frac,truth_frac
0,0.014574,0.027193
1,0.17673,0.24328
2,0.15622,0.16352
3,0.11675,0.094821
4,0.11063,0.076707
5,0.047464,0.042805
6,0.041684,0.032801
7,0.029922,0.027734
8,0.024597,0.024288
9,0.024688,0.027585
10,0.016691,0.02016
11,0.015751,0.01751
12,0.012412,0.014167
13,0.012845,0.01612
14,0.011012,0.014684
15,0.0089695,0.010594
16,0.0099082,0.014434
17,0.0086217,0.01321
18,0.0079406,0.0095951
19,0.0074869,0.0093376
20,0.0068955,0.0088933
21,0.0080622,0.0095232
22,0.0073067,0.0081218
23,0.0069246,0.0073373
24,0.0064388,0.0064491
25,0.0069772,0.006598
26,0.0064422,0.005738
27,0.0059525,0.0053289
28,0.0066252,0.0056695
29,0.0059662,0.0050788
30,0.0065485,0.0053675
31,0.0062059,0.004899
32,0.0060435,0.0047676
33,0.0063225,0.0047267
34,0.0065677,0.0044524
35,0.0064958,0.0042619
36,0.0064048,0.0041013
37,0.0061998,0.0036994
38,0.006782,0.0037872
39,0.0065172,0.0035973
40,0.007026,0.0038651
41,0.0068208,0.0034952
42,0.0074714,0.0035921
43,0.0066772,0.0033024
