case,tag,result,t_off,run_m,|bank|max_ground,pitch_cmd_mean,alpha_mean,theta_rng,after: |bank|max,agl_end,end
slavutich_ut-0-0-idle,0ac895d,ground,nan,0.0,0.5,0.25,20.9,16..21,0,0.0,mode0
slavutich_ut-0-0-idle,5f8990e,ground,nan,0.0,0.0,0.26,21.0,6..14,0,0.0,mode0
slavutich_ut-0-0-idle,head,ground,nan,0.0,0.0,0.26,21.1,6..13,0,0.0,mode0
slavutich_ut-0-0-idle,headgpu,ground,nan,0.0,0.9,0.26,21.2,11..23,0,0.0,mode0
slavutich_ut-0-0-run_neutral,0ac895d,TOOK_OFF,3.40,11.8,1.2,0.02,20.1,-5..21,1,16.3,mode1
slavutich_ut-0-0-run_neutral,5f8990e,TOOK_OFF,3.40,11.9,0.4,0.02,18.8,-5..12,0,16.3,mode1
slavutich_ut-0-0-run_neutral,head,TOOK_OFF,3.40,11.9,0.3,0.02,18.6,-5..11,0,16.3,mode1
slavutich_ut-0-0-run_neutral,headgpu,F:tailwind,nan,18.9,1.1,0.02,19.2,-13..17,1,-0.0,mode3
slavutich_ut-0-0-run_pull,0ac895d,TOOK_OFF,5.60,28.9,1.2,-0.04,17.2,-6..21,0,15.3,mode1
slavutich_ut-0-0-run_pull,5f8990e,TOOK_OFF,3.40,11.9,0.4,0.01,18.6,-5..12,0,16.4,mode1
slavutich_ut-0-0-run_pull,head,TOOK_OFF,3.40,11.9,0.3,0.01,18.4,-5..11,0,16.4,mode1
slavutich_ut-0-0-run_pull,headgpu,F:tailwind,nan,18.9,1.1,0.02,19.1,-13..17,1,0.0,mode3
slavutich_ut-0-0-run_push,0ac895d,F:nose_high,nan,3.0,0.7,0.49,30.2,8..21,1,0.0,mode3
slavutich_ut-0-0-run_push,5f8990e,F:nose_high,nan,3.0,0.0,0.52,27.7,6..12,0,-0.0,mode3
slavutich_ut-0-0-run_push,head,F:nose_high,nan,3.0,0.0,0.52,27.5,6..11,0,-0.0,mode3
slavutich_ut-0-0-run_push,headgpu,F:nose_high,nan,4.2,0.3,0.55,31.3,-4..17,0,0.0,mode3
slavutich_ut-0-1500-idle,0ac895d,ground,nan,0.0,2.2,0.25,20.9,16..21,0,0.0,mode0
slavutich_ut-0-1500-idle,5f8990e,ground,nan,0.0,0.0,0.24,20.7,13..19,0,0.0,mode0
slavutich_ut-0-1500-idle,head,ground,nan,0.0,0.0,0.24,20.7,12..18,0,0.0,mode0
slavutich_ut-0-1500-idle,headgpu,ground,nan,0.0,0.8,0.26,21.1,14..23,0,0.0,mode0
slavutich_ut-0-1500-run_neutral,0ac895d,TOOK_OFF,5.60,28.9,2.2,0.01,18.1,-6..21,0,15.1,mode1
slavutich_ut-0-1500-run_neutral,5f8990e,TOOK_OFF,5.60,28.9,1.1,0.01,17.9,-6..19,1,15.1,mode1
slavutich_ut-0-1500-run_neutral,head,TOOK_OFF,5.60,29.0,1.0,0.01,17.8,-6..17,1,15.2,mode1
slavutich_ut-0-1500-run_neutral,headgpu,TOOK_OFF,3.30,10.8,7.1,0.03,20.1,-5..20,13,12.9,mode1
slavutich_ut-0-1500-run_pull,0ac895d,TOOK_OFF,5.70,29.4,2.2,-0.04,17.2,-7..21,0,15.7,mode1
slavutich_ut-0-1500-run_pull,5f8990e,TOOK_OFF,8.70,52.0,0.6,-0.06,16.0,-9..19,0,14.6,mode1
slavutich_ut-0-1500-run_pull,head,TOOK_OFF,5.70,29.4,0.5,-0.05,16.7,-7..17,0,15.8,mode1
slavutich_ut-0-1500-run_pull,headgpu,TOOK_OFF,3.30,10.8,7.1,0.03,20.1,-5..20,13,12.9,mode1
slavutich_ut-0-1500-run_push,0ac895d,F:nose_high,nan,3.0,2.2,0.49,30.2,7..21,2,0.0,mode3
slavutich_ut-0-1500-run_push,5f8990e,F:nose_high,nan,3.0,0.0,0.47,29.1,7..19,0,0.0,mode3
slavutich_ut-0-1500-run_push,head,F:nose_high,nan,3.1,0.0,0.48,28.8,7..17,0,-0.0,mode3
slavutich_ut-0-1500-run_push,headgpu,F:nose_high,nan,2.3,0.3,0.53,29.7,11..20,0,-0.0,mode3
slavutich_ut-10.8-0-idle,0ac895d,ground,nan,0.0,9.0,0.08,17.9,-23..13,0,0.0,mode0
slavutich_ut-10.8-0-idle,5f8990e,ground,nan,0.0,1.3,0.17,19.4,-23..11,0,0.0,mode0
slavutich_ut-10.8-0-idle,head,ground,nan,0.0,1.2,0.20,20.3,-19..10,0,0.0,mode0
slavutich_ut-10.8-0-idle,headgpu,ground,nan,0.0,1.9,0.08,17.1,-39..33,0,0.0,mode0
slavutich_ut-10.8-0-run_neutral,0ac895d,TOOK_OFF,2.80,6.3,4.4,0.10,19.9,-3..13,2,14.4,mode1
slavutich_ut-10.8-0-run_neutral,5f8990e,TOOK_OFF,2.90,7.1,0.9,0.03,19.4,-5..11,1,15.0,mode1
slavutich_ut-10.8-0-run_neutral,head,TOOK_OFF,2.80,6.3,1.7,0.05,19.6,-4..10,2,14.5,mode1
slavutich_ut-10.8-0-run_neutral,headgpu,TOOK_OFF,3.10,10.2,0.9,0.01,15.9,-23..-4,4,17.7,mode1
slavutich_ut-10.8-0-run_pull,0ac895d,TOOK_OFF,3.10,8.9,4.4,-0.17,15.3,-10..13,2,16.3,mode1
slavutich_ut-10.8-0-run_pull,5f8990e,TOOK_OFF,2.90,7.1,0.9,0.01,19.1,-5..11,1,15.2,mode1
slavutich_ut-10.8-0-run_pull,head,TOOK_OFF,2.90,6.9,1.7,0.02,19.2,-5..10,2,14.7,mode1
slavutich_ut-10.8-0-run_pull,headgpu,TOOK_OFF,3.30,11.6,0.9,-0.11,13.8,-25..-4,3,17.7,mode1
slavutich_ut-10.8-0-run_push,0ac895d,F:nose_high,nan,2.6,4.4,0.34,23.2,6..13,4,-0.0,mode3
slavutich_ut-10.8-0-run_push,5f8990e,F:nose_high,nan,1.4,0.6,0.49,25.8,5..11,0,-0.0,mode3
slavutich_ut-10.8-0-run_push,head,F:nose_high,nan,1.4,0.6,0.50,25.7,5..11,0,-0.0,mode3
slavutich_ut-10.8-0-run_push,headgpu,F:nose_high,nan,18.2,1.1,0.44,23.3,-18..7,1,-0.0,mode3
slavutich_ut-10.8-1500-idle,0ac895d,ground,nan,0.0,3.9,0.00,16.3,-13..10,0,0.0,mode0
slavutich_ut-10.8-1500-idle,5f8990e,ground,nan,0.0,0.7,0.21,20.0,-10..9,0,0.0,mode0
slavutich_ut-10.8-1500-idle,head,ground,nan,0.0,1.6,0.13,18.5,-3..10,0,0.0,mode0
slavutich_ut-10.8-1500-idle,headgpu,ground,nan,0.0,1.1,0.02,15.7,-39..22,0,0.0,mode0
slavutich_ut-10.8-1500-run_neutral,0ac895d,TOOK_OFF,2.50,5.5,2.7,0.00,15.1,-9..10,1,15.8,mode1
slavutich_ut-10.8-1500-run_neutral,5f8990e,TOOK_OFF,2.30,4.1,0.5,0.21,19.0,-7..-1,1,14.2,mode1
slavutich_ut-10.8-1500-run_neutral,head,TOOK_OFF,2.10,2.7,1.5,0.13,20.3,-0..6,3,11.6,mode1
slavutich_ut-10.8-1500-run_neutral,headgpu,TOOK_OFF,3.00,9.1,1.3,0.05,19.4,-37..6,6,25.4,mode1
slavutich_ut-10.8-1500-run_pull,0ac895d,TOOK_OFF,2.90,8.4,2.7,-0.27,10.9,-11..10,1,17.9,mode1
slavutich_ut-10.8-1500-run_pull,5f8990e,TOOK_OFF,2.60,6.1,0.4,-0.05,15.2,-7..-5,1,16.4,mode1
slavutich_ut-10.8-1500-run_pull,head,TOOK_OFF,2.20,3.2,2.1,0.06,19.1,-1..6,3,11.9,mode1
slavutich_ut-10.8-1500-run_pull,headgpu,TOOK_OFF,3.00,9.1,1.3,0.03,19.1,-37..6,6,25.4,mode1
slavutich_ut-10.8-1500-run_push,0ac895d,TOOK_OFF,2.30,4.1,2.7,0.25,18.5,-9..10,2,13.7,mode1
slavutich_ut-10.8-1500-run_push,5f8990e,F:nose_high,nan,3.9,0.3,0.46,22.5,-7..4,0,-0.0,mode3
slavutich_ut-10.8-1500-run_push,head,F:nose_high,nan,1.7,0.6,0.52,25.0,-0..10,0,0.0,mode3
slavutich_ut-10.8-1500-run_push,headgpu,F:nose_high,nan,2.1,0.5,0.52,29.3,-37..7,0,0.0,mode3
slavutich_ut-21.6-0-idle,0ac895d,ground,nan,0.0,17.9,0.11,18.2,-11..13,0,0.0,mode0
slavutich_ut-21.6-0-idle,5f8990e,ground,nan,0.0,20.8,0.11,18.2,-11..10,0,0.0,mode0
slavutich_ut-21.6-0-idle,head,ground,nan,0.0,9.2,0.11,18.2,-10..10,0,0.0,mode0
slavutich_ut-21.6-0-idle,headgpu,ground,nan,0.0,9.3,0.13,18.5,-48..40,0,0.0,mode0
slavutich_ut-21.6-0-run_neutral,0ac895d,TOOK_OFF,2.40,4.0,7.4,0.00,18.6,-6..13,3,14.2,mode1
slavutich_ut-21.6-0-run_neutral,5f8990e,TOOK_OFF,2.40,4.0,5.4,0.00,18.8,-6..9,5,14.2,mode1
slavutich_ut-21.6-0-run_neutral,head,TOOK_OFF,2.30,3.9,1.3,0.02,18.7,-6..8,1,15.8,mode1
slavutich_ut-21.6-0-run_neutral,headgpu,TOOK_OFF,1.80,1.8,0.5,0.27,9.6,-28..1,5,-0.0,hard
slavutich_ut-21.6-0-run_pull,0ac895d,TOOK_OFF,2.70,6.1,7.4,-0.27,13.8,-12..13,2,17.1,mode1
slavutich_ut-21.6-0-run_pull,5f8990e,TOOK_OFF,2.70,6.1,5.0,-0.27,13.9,-12..9,4,16.5,mode1
slavutich_ut-21.6-0-run_pull,head,TOOK_OFF,2.60,5.9,1.3,-0.26,13.9,-12..8,1,17.2,mode1
slavutich_ut-21.6-0-run_pull,headgpu,TOOK_OFF,2.00,2.7,0.5,-0.11,6.4,-28..-4,5,-0.0,hard
slavutich_ut-21.6-0-run_push,0ac895d,TOOK_OFF,3.10,7.3,7.4,0.28,22.3,-1..13,1,14.5,mode1
slavutich_ut-21.6-0-run_push,5f8990e,TOOK_OFF,3.10,7.3,5.1,0.28,22.4,-1..9,1,14.5,mode1
slavutich_ut-21.6-0-run_push,head,TOOK_OFF,2.50,4.7,1.3,0.26,21.9,-1..8,1,15.6,mode1
slavutich_ut-21.6-0-run_push,headgpu,TOOK_OFF,1.80,1.8,0.5,0.34,10.1,-28..2,5,0.0,hard
slavutich_ut-21.6-1500-idle,0ac895d,ground,nan,0.0,13.3,0.11,18.3,-43..13,0,0.0,mode0
slavutich_ut-21.6-1500-idle,5f8990e,ground,nan,0.0,18.9,0.11,18.2,-43..10,0,0.0,mode0
slavutich_ut-21.6-1500-idle,head,ground,nan,0.0,20.1,0.10,18.0,-10..11,0,0.0,mode0
slavutich_ut-21.6-1500-idle,headgpu,TOOK_OFF,6.30,0.0,3.2,0.13,18.2,-4..18,4,0.0,soft
slavutich_ut-21.6-1500-run_neutral,0ac895d,TOOK_OFF,1.20,0.1,8.1,0.08,19.3,7..13,9,-0.0,soft
slavutich_ut-21.6-1500-run_neutral,5f8990e,TOOK_OFF,1.20,0.1,4.3,0.18,18.3,4..10,7,-0.0,soft
slavutich_ut-21.6-1500-run_neutral,head,TOOK_OFF,1.40,0.3,0.2,0.15,17.7,0..7,0,-0.0,soft
slavutich_ut-21.6-1500-run_neutral,headgpu,TOOK_OFF,1.50,0.6,0.5,0.15,24.1,-1..14,5,-0.0,soft
slavutich_ut-21.6-1500-run_pull,0ac895d,TOOK_OFF,1.30,0.1,8.9,0.00,17.7,7..13,9,0.0,soft
slavutich_ut-21.6-1500-run_pull,5f8990e,TOOK_OFF,1.20,0.1,4.3,0.18,18.3,4..10,7,0.0,soft
slavutich_ut-21.6-1500-run_pull,head,TOOK_OFF,1.40,0.3,0.2,0.00,16.6,0..6,0,-0.0,soft
slavutich_ut-21.6-1500-run_pull,headgpu,TOOK_OFF,1.50,0.6,0.5,0.15,24.1,-1..14,5,-0.0,soft
slavutich_ut-21.6-1500-run_push,0ac895d,TOOK_OFF,1.20,0.1,8.1,0.08,19.3,7..13,9,0.0,soft
slavutich_ut-21.6-1500-run_push,5f8990e,TOOK_OFF,1.20,0.1,4.3,0.19,18.3,4..10,7,-0.0,soft
slavutich_ut-21.6-1500-run_push,head,TOOK_OFF,1.30,0.2,0.2,0.26,18.0,0..7,0,0.0,soft
slavutich_ut-21.6-1500-run_push,headgpu,F:nose_high,nan,1.8,1.6,0.53,27.8,-1..14,2,0.0,mode3
slavutich_ut-36-0-idle,0ac895d,TOOK_OFF,0.40,0.0,4.7,0.14,23.2,11..13,6,0.0,soft
slavutich_ut-36-0-idle,5f8990e,TOOK_OFF,0.10,0.0,0.0,nan,nan,nan..nan,0,-0.0,soft
slavutich_ut-36-0-idle,head,TOOK_OFF,0.10,0.0,0.0,nan,nan,nan..nan,0,0.0,soft
slavutich_ut-36-0-idle,headgpu,TOOK_OFF,1.20,0.0,1.4,0.17,15.3,-19..3,9,0.0,soft
slavutich_ut-36-0-run_neutral,0ac895d,TOOK_OFF,0.40,0.0,4.7,0.14,23.2,11..13,6,0.0,soft
slavutich_ut-36-0-run_neutral,5f8990e,TOOK_OFF,0.10,0.0,0.0,nan,nan,nan..nan,0,-0.0,soft
slavutich_ut-36-0-run_neutral,head,TOOK_OFF,0.10,0.0,0.0,nan,nan,nan..nan,0,0.0,soft
slavutich_ut-36-0-run_neutral,headgpu,TOOK_OFF,1.20,0.1,1.4,0.27,6.3,-19..2,9,0.0,soft
slavutich_ut-36-0-run_pull,0ac895d,TOOK_OFF,0.40,0.0,4.7,0.14,23.2,11..13,6,0.0,soft
slavutich_ut-36-0-run_pull,5f8990e,TOOK_OFF,0.10,0.0,0.0,nan,nan,nan..nan,0,-0.0,soft
slavutich_ut-36-0-run_pull,head,TOOK_OFF,0.10,0.0,0.0,nan,nan,nan..nan,0,0.0,soft
slavutich_ut-36-0-run_pull,headgpu,TOOK_OFF,1.20,0.1,1.4,0.15,6.0,-19..2,9,0.0,soft
slavutich_ut-36-0-run_push,0ac895d,TOOK_OFF,0.40,0.0,4.7,0.14,23.2,11..13,6,0.0,soft
slavutich_ut-36-0-run_push,5f8990e,TOOK_OFF,0.10,0.0,0.0,nan,nan,nan..nan,0,-0.0,soft
slavutich_ut-36-0-run_push,head,TOOK_OFF,0.10,0.0,0.0,nan,nan,nan..nan,0,0.0,soft
slavutich_ut-36-0-run_push,headgpu,TOOK_OFF,1.20,0.1,1.4,0.27,6.3,-19..2,9,0.0,soft
slavutich_ut-36-1500-idle,0ac895d,TOOK_OFF,0.30,0.0,1.8,0.14,23.2,12..13,3,0.0,soft
slavutich_ut-36-1500-idle,5f8990e,TOOK_OFF,0.10,0.0,0.0,nan,nan,nan..nan,1,0.0,soft
slavutich_ut-36-1500-idle,head,TOOK_OFF,0.10,0.0,0.0,nan,nan,nan..nan,0,0.0,soft
slavutich_ut-36-1500-idle,headgpu,TOOK_OFF,0.20,0.0,0.2,0.10,21.6,-4..-4,21,0.0,hard
slavutich_ut-36-1500-run_neutral,0ac895d,TOOK_OFF,0.30,0.0,1.8,0.14,23.2,12..13,3,-0.0,soft
slavutich_ut-36-1500-run_neutral,5f8990e,TOOK_OFF,0.10,0.0,0.0,nan,nan,nan..nan,1,0.0,soft
slavutich_ut-36-1500-run_neutral,head,TOOK_OFF,0.10,0.0,0.0,nan,nan,nan..nan,0,-0.0,soft
slavutich_ut-36-1500-run_neutral,headgpu,TOOK_OFF,0.20,0.0,0.2,0.10,21.6,-4..-4,21,0.0,hard
slavutich_ut-36-1500-run_pull,0ac895d,TOOK_OFF,0.30,0.0,1.8,0.14,23.2,12..13,3,-0.0,soft
slavutich_ut-36-1500-run_pull,5f8990e,TOOK_OFF,0.10,0.0,0.0,nan,nan,nan..nan,1,0.0,soft
slavutich_ut-36-1500-run_pull,head,TOOK_OFF,0.10,0.0,0.0,nan,nan,nan..nan,0,-0.0,soft
slavutich_ut-36-1500-run_pull,headgpu,TOOK_OFF,0.20,0.0,0.2,0.10,21.6,-4..-4,21,0.0,hard
slavutich_ut-36-1500-run_push,0ac895d,TOOK_OFF,0.30,0.0,1.8,0.14,23.2,12..13,3,-0.0,soft
slavutich_ut-36-1500-run_push,5f8990e,TOOK_OFF,0.10,0.0,0.0,nan,nan,nan..nan,1,0.0,soft
slavutich_ut-36-1500-run_push,head,TOOK_OFF,0.10,0.0,0.0,nan,nan,nan..nan,0,-0.0,soft
slavutich_ut-36-1500-run_push,headgpu,TOOK_OFF,0.20,0.0,0.2,0.10,21.6,-4..-4,21,0.0,hard
sport-0-0-idle,0ac895d,ground,nan,0.0,0.5,0.30,22.9,17..23,0,0.0,mode0
sport-0-0-idle,5f8990e,ground,nan,0.0,0.0,0.30,22.9,7..16,0,0.0,mode0
sport-0-0-idle,head,ground,nan,0.0,0.0,0.30,22.9,7..15,0,0.0,mode0
sport-0-0-idle,headgpu,ground,nan,0.0,0.7,0.30,22.8,12..25,0,0.0,mode0
sport-0-0-run_neutral,0ac895d,F:weak_run,nan,66.4,1.5,0.01,18.1,-7..22,0,-0.0,mode3
sport-0-0-run_neutral,5f8990e,F:weak_run,nan,66.7,0.4,0.03,18.3,-6..13,0,-0.0,mode3
sport-0-0-run_neutral,head,F:weak_run,nan,66.9,0.3,0.05,18.5,-6..12,0,-0.0,mode3
sport-0-0-run_neutral,headgpu,F:tailwind,nan,18.7,0.9,0.02,20.4,-12..18,1,0.0,mode3
sport-0-0-run_pull,0ac895d,F:weak_run,nan,66.4,1.5,0.01,18.1,-7..22,0,0.0,mode3
sport-0-0-run_pull,5f8990e,F:weak_run,nan,66.4,0.3,0.01,17.8,-7..13,0,0.0,mode3
sport-0-0-run_pull,head,F:weak_run,nan,66.4,0.3,0.01,17.7,-7..12,0,0.0,mode3
sport-0-0-run_pull,headgpu,F:tailwind,nan,18.7,0.9,0.02,20.4,-12..18,1,-0.0,mode3
sport-0-0-run_push,0ac895d,F:nose_high,nan,3.0,0.7,0.54,32.3,10..22,1,-0.0,mode3
sport-0-0-run_push,5f8990e,F:nose_high,nan,3.0,0.0,0.54,29.0,7..13,0,-0.0,mode3
sport-0-0-run_push,head,F:nose_high,nan,3.0,0.0,0.54,28.8,7..12,0,-0.0,mode3
sport-0-0-run_push,headgpu,F:nose_high,nan,4.3,0.2,0.55,32.9,-2..18,0,0.0,mode3
sport-0-1500-idle,0ac895d,ground,nan,0.0,2.2,0.30,22.9,17..23,0,0.0,mode0
sport-0-1500-idle,5f8990e,ground,nan,0.0,0.0,0.30,23.0,15..21,0,0.0,mode0
sport-0-1500-idle,head,ground,nan,0.0,0.0,0.30,23.0,14..19,0,0.0,mode0
sport-0-1500-idle,headgpu,ground,nan,0.0,0.7,0.30,22.9,15..25,0,0.0,mode0
sport-0-1500-run_neutral,0ac895d,F:weak_run,nan,66.3,2.2,0.01,18.1,-7..22,0,0.0,mode3
sport-0-1500-run_neutral,5f8990e,F:weak_run,nan,66.3,0.4,0.01,18.0,-7..20,0,-0.0,mode3
sport-0-1500-run_neutral,head,F:weak_run,nan,66.3,0.4,0.01,18.0,-7..18,0,-0.0,mode3
sport-0-1500-run_neutral,headgpu,TOOK_OFF,5.60,28.0,13.4,0.02,19.1,-4..21,13,18.3,mode1
sport-0-1500-run_pull,0ac895d,F:weak_run,nan,66.3,2.2,0.01,18.1,-7..22,0,0.0,mode3
sport-0-1500-run_pull,5f8990e,F:weak_run,nan,66.3,0.4,0.01,18.0,-7..20,0,0.0,mode3
sport-0-1500-run_pull,head,F:weak_run,nan,66.3,0.4,0.01,17.9,-7..18,0,-0.0,mode3
sport-0-1500-run_pull,headgpu,TOOK_OFF,5.60,28.0,13.4,0.01,19.0,-4..21,13,18.3,mode1
sport-0-1500-run_push,0ac895d,F:nose_high,nan,3.0,2.2,0.54,32.3,10..22,2,-0.0,mode3
sport-0-1500-run_push,5f8990e,F:nose_high,nan,3.0,0.0,0.54,31.5,9..20,0,-0.0,mode3
sport-0-1500-run_push,head,F:nose_high,nan,3.0,0.0,0.54,31.0,9..18,0,-0.0,mode3
sport-0-1500-run_push,headgpu,F:nose_high,nan,2.3,0.3,0.53,30.9,13..21,0,-0.0,mode3
sport-10.8-0-idle,0ac895d,ground,nan,0.0,9.0,0.15,20.4,-21..14,0,0.0,mode0
sport-10.8-0-idle,5f8990e,ground,nan,0.0,1.1,0.23,21.7,-20..12,0,0.0,mode0
sport-10.8-0-idle,head,ground,nan,0.0,1.0,0.28,22.9,-16..12,0,0.0,mode0
sport-10.8-0-idle,headgpu,ground,nan,0.0,1.7,0.08,17.9,-37..34,0,0.0,mode0
sport-10.8-0-run_neutral,0ac895d,TOOK_OFF,2.80,7.0,4.4,0.17,22.6,-0..14,2,25.9,mode1
sport-10.8-0-run_neutral,5f8990e,TOOK_OFF,2.90,7.7,0.9,0.14,22.4,-2..11,1,24.7,mode1
sport-10.8-0-run_neutral,head,TOOK_OFF,2.80,6.9,1.7,0.17,22.8,-0..11,2,25.5,mode1
sport-10.8-0-run_neutral,headgpu,TOOK_OFF,3.40,12.2,1.0,0.01,16.8,-22..-4,5,25.5,mode1
sport-10.8-0-run_pull,0ac895d,TOOK_OFF,3.70,14.2,4.4,-0.10,17.2,-7..14,2,27.4,mode1
sport-10.8-0-run_pull,5f8990e,TOOK_OFF,3.00,8.6,0.9,0.03,20.5,-4..11,2,26.8,mode1
sport-10.8-0-run_pull,head,TOOK_OFF,3.00,8.5,1.5,0.03,20.5,-4..11,2,26.4,mode1
sport-10.8-0-run_pull,headgpu,TOOK_OFF,3.80,15.2,1.3,-0.08,15.0,-23..-4,7,27.5,mode1
sport-10.8-0-run_push,0ac895d,F:nose_high,nan,2.9,4.4,0.42,25.9,8..14,4,0.0,mode3
sport-10.8-0-run_push,5f8990e,F:nose_high,nan,1.9,0.6,0.52,27.4,6..12,0,0.0,mode3
sport-10.8-0-run_push,head,F:nose_high,nan,2.0,0.6,0.53,27.5,6..12,0,0.0,mode3
sport-10.8-0-run_push,headgpu,TOOK_OFF,3.10,9.9,0.8,0.47,24.6,-17..2,7,24.6,mode1
sport-10.8-1500-idle,0ac895d,ground,nan,0.0,3.9,0.00,17.4,-12..11,0,0.0,mode0
sport-10.8-1500-idle,5f8990e,ground,nan,0.0,0.6,0.29,22.7,-7..12,0,0.0,mode0
sport-10.8-1500-idle,head,ground,nan,0.0,1.2,0.08,18.6,-3..11,0,0.0,mode0
sport-10.8-1500-idle,headgpu,ground,nan,0.0,0.9,0.02,16.7,-37..23,0,0.0,mode0
sport-10.8-1500-run_neutral,0ac895d,TOOK_OFF,2.70,7.0,2.7,0.00,16.2,-8..11,2,26.9,mode1
sport-10.8-1500-run_neutral,5f8990e,TOOK_OFF,2.50,5.5,0.4,0.30,21.6,-6..2,2,27.0,mode1
sport-10.8-1500-run_neutral,head,TOOK_OFF,2.10,2.9,1.8,0.30,23.5,1..7,4,22.3,mode1
sport-10.8-1500-run_neutral,headgpu,TOOK_OFF,3.70,14.3,4.2,0.05,19.2,-36..6,7,36.7,mode1
sport-10.8-1500-run_pull,0ac895d,TOOK_OFF,5.60,29.0,8.5,-0.29,11.4,-10..11,8,26.2,mode1
sport-10.8-1500-run_pull,5f8990e,TOOK_OFF,2.70,7.0,0.4,0.04,17.8,-6..-3,3,28.2,mode1
sport-10.8-1500-run_pull,head,TOOK_OFF,2.30,4.0,2.2,0.05,20.1,0..7,4,24.1,mode1
sport-10.8-1500-run_pull,headgpu,TOOK_OFF,3.70,14.4,4.2,0.02,18.8,-36..6,7,36.7,mode1
sport-10.8-1500-run_push,0ac895d,TOOK_OFF,2.50,5.5,2.7,0.26,19.8,-8..11,2,27.0,mode1
sport-10.8-1500-run_push,5f8990e,F:nose_high,nan,4.4,0.3,0.55,25.1,-6..7,0,-0.0,mode3
sport-10.8-1500-run_push,head,F:nose_high,nan,2.6,0.6,0.54,26.4,1..11,0,-0.0,mode3
sport-10.8-1500-run_push,headgpu,F:nose_high,nan,2.1,0.5,0.52,29.9,-36..7,0,0.0,mode3
sport-21.6-0-idle,0ac895d,ground,nan,0.0,17.9,0.07,18.5,-10..14,0,0.0,mode0
sport-21.6-0-idle,5f8990e,ground,nan,0.0,14.7,0.07,18.4,-10..9,0,0.0,mode0
sport-21.6-0-idle,head,ground,nan,0.0,6.1,0.07,18.5,-9..10,0,0.0,mode0
sport-21.6-0-idle,headgpu,ground,nan,0.0,8.4,0.12,19.1,-46..39,0,0.0,mode0
sport-21.6-0-run_neutral,0ac895d,TOOK_OFF,2.50,5.2,7.4,0.00,19.7,-5..14,5,30.1,mode1
sport-21.6-0-run_neutral,5f8990e,TOOK_OFF,2.50,5.2,2.9,0.00,19.8,-5..9,5,30.1,mode1
sport-21.6-0-run_neutral,head,TOOK_OFF,2.40,4.9,1.0,0.00,19.5,-5..9,4,28.6,mode1
sport-21.6-0-run_neutral,headgpu,TOOK_OFF,1.90,2.2,0.4,0.27,10.5,-26..3,2,0.0,hard
sport-21.6-0-run_pull,0ac895d,TOOK_OFF,2.80,7.4,7.4,-0.26,15.2,-11..14,5,31.4,mode1
sport-21.6-0-run_pull,5f8990e,TOOK_OFF,2.80,7.4,2.8,-0.26,15.3,-11..9,5,31.2,mode1
sport-21.6-0-run_pull,head,TOOK_OFF,2.70,7.0,1.0,-0.26,14.8,-11..9,4,29.2,mode1
sport-21.6-0-run_pull,headgpu,TOOK_OFF,2.10,3.2,0.4,-0.14,7.0,-26..-3,7,0.0,hard
sport-21.6-0-run_push,0ac895d,TOOK_OFF,2.50,4.9,7.4,0.26,23.4,1..14,5,28.7,mode1
sport-21.6-0-run_push,5f8990e,TOOK_OFF,2.60,5.4,3.0,0.26,23.5,0..9,3,28.1,mode1
sport-21.6-0-run_push,head,TOOK_OFF,2.30,4.2,1.0,0.25,23.1,0..9,3,28.0,mode1
sport-21.6-0-run_push,headgpu,TOOK_OFF,1.90,2.2,0.4,0.32,10.9,-26..4,3,-0.0,hard
sport-21.6-1500-idle,0ac895d,ground,nan,0.0,13.3,0.07,18.6,-42..14,0,0.0,mode0
sport-21.6-1500-idle,5f8990e,ground,nan,0.0,11.1,0.08,18.6,-42..10,0,0.0,mode0
sport-21.6-1500-idle,head,ground,nan,0.0,10.5,0.06,18.1,-9..11,0,0.0,mode0
sport-21.6-1500-idle,headgpu,ground,nan,0.0,8.3,0.11,19.2,-2..30,0,0.0,mode0
sport-21.6-1500-run_neutral,0ac895d,TOOK_OFF,1.60,0.7,11.3,0.00,18.5,6..14,12,22.4,mode1
sport-21.6-1500-run_neutral,5f8990e,TOOK_OFF,1.60,0.7,5.7,0.01,19.1,5..10,9,22.7,mode1
sport-21.6-1500-run_neutral,head,TOOK_OFF,1.50,0.6,0.2,0.13,17.9,1..7,0,0.0,hard
sport-21.6-1500-run_neutral,headgpu,TOOK_OFF,1.50,0.6,0.4,0.15,24.9,0..14,8,-0.0,hard
sport-21.6-1500-run_pull,0ac895d,TOOK_OFF,2.10,2.4,12.3,-0.26,15.5,-2..14,12,25.2,mode1
sport-21.6-1500-run_pull,5f8990e,TOOK_OFF,2.10,2.3,9.7,-0.23,16.1,-1..10,11,24.4,mode1
sport-21.6-1500-run_pull,head,TOOK_OFF,1.60,0.8,0.2,-0.07,16.5,1..6,2,20.7,mode1
sport-21.6-1500-run_pull,headgpu,TOOK_OFF,1.50,0.6,0.4,0.15,24.9,0..14,8,-0.0,hard
sport-21.6-1500-run_push,0ac895d,TOOK_OFF,1.50,0.5,10.6,0.18,19.6,8..14,11,22.1,mode1
sport-21.6-1500-run_push,5f8990e,TOOK_OFF,1.40,0.3,4.0,0.17,19.8,5..10,7,22.9,mode1
sport-21.6-1500-run_push,head,TOOK_OFF,1.50,0.6,0.2,0.24,18.6,1..9,2,18.7,mode1
sport-21.6-1500-run_push,headgpu,F:nose_high,nan,2.3,1.8,0.53,29.1,0..14,2,-0.0,mode3
sport-36-0-idle,0ac895d,TOOK_OFF,0.30,0.0,3.0,0.14,25.1,13..14,3,-0.0,soft
sport-36-0-idle,5f8990e,TOOK_OFF,0.10,0.0,0.0,nan,nan,nan..nan,0,0.0,soft
sport-36-0-idle,head,TOOK_OFF,0.20,0.0,0.1,0.10,17.0,6..6,2,0.0,soft
sport-36-0-idle,headgpu,TOOK_OFF,1.40,0.0,0.7,0.17,15.5,-18..8,11,0.0,soft
sport-36-0-run_neutral,0ac895d,TOOK_OFF,0.30,0.0,3.0,0.14,25.1,13..14,3,-0.0,soft
sport-36-0-run_neutral,5f8990e,TOOK_OFF,0.10,0.0,0.0,nan,nan,nan..nan,0,0.0,soft
sport-36-0-run_neutral,head,TOOK_OFF,0.20,0.0,0.1,0.10,17.0,6..6,2,0.0,soft
sport-36-0-run_neutral,headgpu,TOOK_OFF,1.30,0.2,0.7,0.25,8.6,-18..5,9,-0.0,soft
sport-36-0-run_pull,0ac895d,TOOK_OFF,0.30,0.0,3.0,0.14,25.1,13..14,3,-0.0,soft
sport-36-0-run_pull,5f8990e,TOOK_OFF,0.10,0.0,0.0,nan,nan,nan..nan,0,0.0,soft
sport-36-0-run_pull,head,TOOK_OFF,0.20,0.0,0.1,0.10,17.0,6..6,2,0.0,soft
sport-36-0-run_pull,headgpu,TOOK_OFF,1.30,0.2,0.7,0.08,7.9,-18..4,10,-0.0,soft
sport-36-0-run_push,0ac895d,TOOK_OFF,0.30,0.0,3.0,0.14,25.1,13..14,3,-0.0,soft
sport-36-0-run_push,5f8990e,TOOK_OFF,0.10,0.0,0.0,nan,nan,nan..nan,0,0.0,soft
sport-36-0-run_push,head,TOOK_OFF,0.20,0.0,0.1,0.10,17.0,6..6,2,0.0,soft
sport-36-0-run_push,headgpu,TOOK_OFF,1.30,0.2,0.7,0.25,8.6,-18..5,9,-0.0,soft
sport-36-1500-idle,0ac895d,TOOK_OFF,0.20,0.0,0.8,0.10,25.3,15..15,1,-0.0,soft
sport-36-1500-idle,5f8990e,TOOK_OFF,0.10,0.0,0.0,nan,nan,nan..nan,0,-0.0,soft
sport-36-1500-idle,head,TOOK_OFF,0.30,0.0,0.4,0.15,17.4,5..6,3,-0.0,soft
sport-36-1500-idle,headgpu,TOOK_OFF,0.50,0.0,3.0,0.19,18.1,-3..-0,40,0.0,crash
sport-36-1500-run_neutral,0ac895d,TOOK_OFF,0.20,0.0,0.8,0.10,25.3,15..15,1,-0.0,soft
sport-36-1500-run_neutral,5f8990e,TOOK_OFF,0.10,0.0,0.0,nan,nan,nan..nan,0,0.0,soft
sport-36-1500-run_neutral,head,TOOK_OFF,0.30,0.0,0.4,0.15,17.4,5..6,3,-0.0,soft
sport-36-1500-run_neutral,headgpu,TOOK_OFF,0.50,0.0,3.0,0.19,18.1,-3..-0,40,0.0,crash
sport-36-1500-run_pull,0ac895d,TOOK_OFF,0.20,0.0,0.8,0.10,25.3,15..15,1,-0.0,soft
sport-36-1500-run_pull,5f8990e,TOOK_OFF,0.10,0.0,0.0,nan,nan,nan..nan,0,0.0,soft
sport-36-1500-run_pull,head,TOOK_OFF,0.30,0.0,0.4,0.15,17.4,5..6,3,-0.0,soft
sport-36-1500-run_pull,headgpu,TOOK_OFF,0.50,0.0,3.0,0.19,18.1,-3..-0,40,0.0,crash
sport-36-1500-run_push,0ac895d,TOOK_OFF,0.20,0.0,0.8,0.10,25.3,15..15,1,-0.0,soft
sport-36-1500-run_push,5f8990e,TOOK_OFF,0.10,0.0,0.0,nan,nan,nan..nan,0,0.0,soft
sport-36-1500-run_push,head,TOOK_OFF,0.30,0.0,0.4,0.15,17.4,5..6,3,-0.0,soft
sport-36-1500-run_push,headgpu,TOOK_OFF,0.50,0.0,3.0,0.19,18.1,-3..-0,40,0.0,crash
training-0-0-idle,0ac895d,ground,nan,0.0,0.5,0.30,21.9,16..22,0,0.0,mode0
training-0-0-idle,5f8990e,ground,nan,0.0,0.0,0.30,21.9,6..15,0,0.0,mode0
training-0-0-idle,head,ground,nan,0.0,0.0,0.30,21.9,6..14,0,0.0,mode0
training-0-0-idle,headgpu,ground,nan,0.0,1.0,0.30,21.8,11..24,0,0.0,mode0
training-0-0-run_neutral,0ac895d,TOOK_OFF,5.60,28.9,1.2,0.02,18.2,-5..22,1,20.5,mode1
training-0-0-run_neutral,5f8990e,TOOK_OFF,5.60,29.2,0.6,0.05,18.2,-5..12,0,19.5,mode1
training-0-0-run_neutral,head,TOOK_OFF,5.50,28.5,0.5,0.06,18.3,-4..11,0,19.6,mode1
training-0-0-run_neutral,headgpu,F:tailwind,nan,18.8,1.1,0.02,19.1,-13..17,1,0.0,mode3
training-0-0-run_pull,0ac895d,TOOK_OFF,5.60,29.0,1.2,0.01,18.1,-5..22,1,20.5,mode1
training-0-0-run_pull,5f8990e,TOOK_OFF,5.60,29.0,0.4,0.01,17.4,-5..12,0,19.5,mode1
training-0-0-run_pull,head,TOOK_OFF,5.60,29.0,0.3,0.01,17.4,-5..11,0,20.5,mode1
training-0-0-run_pull,headgpu,F:tailwind,nan,18.8,1.1,0.02,19.1,-13..17,1,-0.0,mode3
training-0-0-run_push,0ac895d,F:nose_high,nan,3.0,0.7,0.54,30.9,9..22,1,-0.0,mode3
training-0-0-run_push,5f8990e,F:nose_high,nan,3.0,0.0,0.54,28.0,6..12,0,-0.0,mode3
training-0-0-run_push,head,F:nose_high,nan,3.0,0.0,0.54,27.8,6..11,0,-0.0,mode3
training-0-0-run_push,headgpu,F:nose_high,nan,4.2,0.3,0.55,31.2,-4..17,0,-0.0,mode3
training-0-1500-idle,0ac895d,ground,nan,0.0,2.2,0.30,21.9,16..22,0,0.0,mode0
training-0-1500-idle,5f8990e,ground,nan,0.0,0.0,0.30,22.0,14..20,0,0.0,mode0
training-0-1500-idle,head,ground,nan,0.0,0.0,0.30,22.0,13..18,0,0.0,mode0
training-0-1500-idle,headgpu,ground,nan,0.0,0.9,0.30,21.9,14..24,0,0.0,mode0
training-0-1500-run_neutral,0ac895d,TOOK_OFF,9.00,54.1,2.2,0.01,17.3,-8..22,1,20.0,mode1
training-0-1500-run_neutral,5f8990e,TOOK_OFF,9.00,54.1,0.5,0.01,17.2,-8..19,0,20.0,mode1
training-0-1500-run_neutral,head,TOOK_OFF,9.10,55.0,0.5,0.01,17.1,-8..18,0,20.0,mode1
training-0-1500-run_neutral,headgpu,TOOK_OFF,3.20,10.5,6.5,0.03,20.3,-5..20,12,20.0,mode1
training-0-1500-run_pull,0ac895d,TOOK_OFF,9.00,54.1,2.2,0.01,17.3,-8..22,1,20.0,mode1
training-0-1500-run_pull,5f8990e,TOOK_OFF,9.00,54.1,0.5,0.01,17.2,-8..19,0,20.0,mode1
training-0-1500-run_pull,head,TOOK_OFF,9.10,55.0,0.5,0.01,17.1,-8..18,0,20.0,mode1
training-0-1500-run_pull,headgpu,TOOK_OFF,3.20,10.6,6.5,0.03,20.2,-5..20,12,20.0,mode1
training-0-1500-run_push,0ac895d,F:nose_high,nan,3.0,2.2,0.54,30.9,8..22,2,0.0,mode3
training-0-1500-run_push,5f8990e,F:nose_high,nan,3.0,0.0,0.54,30.1,8..19,0,-0.0,mode3
training-0-1500-run_push,head,F:nose_high,nan,3.1,0.0,0.54,29.7,8..18,0,0.0,mode3
training-0-1500-run_push,headgpu,F:nose_high,nan,2.3,0.3,0.53,29.7,11..20,0,0.0,mode3
training-10.8-0-idle,0ac895d,ground,nan,0.0,9.0,0.17,19.6,-21..13,0,0.0,mode0
training-10.8-0-idle,5f8990e,ground,nan,0.0,1.4,0.24,20.9,-21..11,0,0.0,mode0
training-10.8-0-idle,head,ground,nan,0.0,1.3,0.27,21.8,-17..11,0,0.0,mode0
training-10.8-0-idle,headgpu,ground,nan,0.0,2.0,0.08,17.1,-39..33,0,0.0,mode0
training-10.8-0-run_neutral,0ac895d,TOOK_OFF,2.50,5.0,4.4,0.18,21.7,-0..13,3,18.3,mode1
training-10.8-0-run_neutral,5f8990e,TOOK_OFF,2.60,5.6,1.4,0.14,21.4,-2..11,2,19.4,mode1
training-10.8-0-run_neutral,head,TOOK_OFF,2.50,4.9,2.1,0.16,21.7,-0..11,2,18.8,mode1
training-10.8-0-run_neutral,headgpu,TOOK_OFF,3.20,11.1,1.0,0.01,15.9,-23..-4,5,22.3,mode1
training-10.8-0-run_pull,0ac895d,TOOK_OFF,2.90,7.9,4.4,-0.08,17.2,-8..13,2,20.8,mode1
training-10.8-0-run_pull,5f8990e,TOOK_OFF,2.80,7.0,1.5,0.04,19.5,-5..11,2,20.1,mode1
training-10.8-0-run_pull,head,TOOK_OFF,2.70,6.2,2.3,0.04,19.6,-4..11,2,19.6,mode1
training-10.8-0-run_pull,headgpu,TOOK_OFF,3.30,11.7,0.9,-0.08,14.3,-24..-4,5,22.7,mode1
training-10.8-0-run_push,0ac895d,F:nose_high,nan,2.7,4.4,0.42,24.9,8..13,4,-0.0,mode3
training-10.8-0-run_push,5f8990e,F:nose_high,nan,1.8,0.7,0.52,26.4,5..11,0,0.0,mode3
training-10.8-0-run_push,head,F:nose_high,nan,1.9,0.7,0.52,26.3,5..11,1,0.0,mode3
training-10.8-0-run_push,headgpu,TOOK_OFF,3.60,13.7,1.4,0.47,23.5,-18..5,4,21.3,mode1
training-10.8-1500-idle,0ac895d,ground,nan,0.0,3.9,0.00,16.3,-13..10,0,0.0,mode0
training-10.8-1500-idle,5f8990e,ground,nan,0.0,0.8,0.29,21.7,-8..11,0,0.0,mode0
training-10.8-1500-idle,head,ground,nan,0.0,1.6,0.13,18.5,-3..10,0,0.0,mode0
training-10.8-1500-idle,headgpu,ground,nan,0.0,1.2,0.02,15.8,-39..22,0,0.0,mode0
training-10.8-1500-run_neutral,0ac895d,TOOK_OFF,2.50,5.7,2.7,0.00,15.1,-9..10,2,21.5,mode1
training-10.8-1500-run_neutral,5f8990e,TOOK_OFF,2.30,4.3,0.5,0.30,20.7,-7..1,1,19.3,mode1
training-10.8-1500-run_neutral,head,TOOK_OFF,2.00,2.4,1.9,0.29,22.4,-0..6,3,16.4,mode1
training-10.8-1500-run_neutral,headgpu,TOOK_OFF,3.10,10.0,1.6,0.05,19.2,-37..7,4,31.2,mode1
training-10.8-1500-run_pull,0ac895d,TOOK_OFF,3.00,9.4,2.7,-0.27,10.9,-11..10,2,23.6,mode1
training-10.8-1500-run_pull,5f8990e,TOOK_OFF,2.50,5.7,0.5,0.04,16.9,-7..-4,2,21.5,mode1
training-10.8-1500-run_pull,head,TOOK_OFF,2.10,3.0,1.9,0.06,19.4,-1..6,3,18.0,mode1
training-10.8-1500-run_pull,headgpu,TOOK_OFF,3.10,10.1,1.7,0.03,18.8,-37..6,4,31.2,mode1
training-10.8-1500-run_push,0ac895d,TOOK_OFF,2.30,4.4,2.7,0.25,18.5,-9..10,2,20.0,mode1
training-10.8-1500-run_push,5f8990e,F:nose_high,nan,3.9,0.4,0.55,24.2,-7..6,0,0.0,mode3
training-10.8-1500-run_push,head,F:nose_high,nan,2.3,0.7,0.53,25.4,-0..10,1,-0.0,mode3
training-10.8-1500-run_push,headgpu,F:nose_high,nan,2.1,0.5,0.52,29.3,-37..7,0,0.0,mode3
training-21.6-0-idle,0ac895d,ground,nan,0.0,17.9,0.11,18.2,-11..13,0,0.0,mode0
training-21.6-0-idle,5f8990e,ground,nan,0.0,18.2,0.11,18.2,-11..10,0,0.0,mode0
training-21.6-0-idle,head,ground,nan,0.0,8.0,0.11,18.2,-10..10,0,0.0,mode0
training-21.6-0-idle,headgpu,ground,nan,0.0,11.0,0.13,18.4,-48..40,0,0.0,mode0
training-21.6-0-run_neutral,0ac895d,TOOK_OFF,2.30,4.0,7.4,0.00,18.6,-6..13,3,21.4,mode1
training-21.6-0-run_neutral,5f8990e,TOOK_OFF,2.30,3.9,4.3,0.00,18.9,-6..9,4,20.3,mode1
training-21.6-0-run_neutral,head,TOOK_OFF,2.20,3.7,1.3,0.01,18.7,-6..8,2,21.7,mode1
training-21.6-0-run_neutral,headgpu,TOOK_OFF,1.80,1.8,0.5,0.27,9.8,-28..1,5,-0.0,hard
training-21.6-0-run_pull,0ac895d,TOOK_OFF,2.60,6.0,7.4,-0.26,14.2,-12..13,2,22.9,mode1
training-21.6-0-run_pull,5f8990e,TOOK_OFF,2.60,6.0,4.1,-0.26,14.4,-12..9,3,24.1,mode1
training-21.6-0-run_pull,head,TOOK_OFF,2.60,6.3,1.3,-0.26,13.8,-12..8,2,22.6,mode1
training-21.6-0-run_pull,headgpu,TOOK_OFF,2.00,2.7,0.5,-0.11,6.5,-28..-3,5,0.0,hard
training-21.6-0-run_push,0ac895d,TOOK_OFF,2.50,4.8,7.4,0.26,22.2,-1..13,3,20.6,mode1
training-21.6-0-run_push,5f8990e,TOOK_OFF,2.50,4.8,4.4,0.26,22.4,-1..9,3,20.6,mode1
training-21.6-0-run_push,head,TOOK_OFF,2.10,3.1,1.3,0.24,22.0,-1..8,2,21.1,mode1
training-21.6-0-run_push,headgpu,TOOK_OFF,1.80,1.8,0.5,0.34,10.3,-28..2,5,-0.0,hard
training-21.6-1500-idle,0ac895d,ground,nan,0.0,13.3,0.11,18.4,-44..13,0,0.0,mode0
training-21.6-1500-idle,5f8990e,ground,nan,0.0,15.8,0.11,18.3,-44..10,0,0.0,mode0
training-21.6-1500-idle,head,ground,nan,0.0,15.1,0.11,18.1,-11..11,0,0.0,mode0
training-21.6-1500-idle,headgpu,ground,nan,0.0,11.3,0.13,18.5,-4..30,0,0.0,mode0
training-21.6-1500-run_neutral,0ac895d,TOOK_OFF,1.30,0.2,8.9,0.12,18.5,7..13,9,-0.0,hard
training-21.6-1500-run_neutral,5f8990e,TOOK_OFF,1.30,0.2,4.6,0.09,18.8,4..10,6,-0.0,soft
training-21.6-1500-run_neutral,head,TOOK_OFF,1.40,0.4,0.2,0.15,17.6,0..7,0,0.0,soft
training-21.6-1500-run_neutral,headgpu,TOOK_OFF,1.50,0.6,0.6,0.15,24.2,-1..14,7,-0.0,hard
training-21.6-1500-run_pull,0ac895d,TOOK_OFF,1.30,0.2,8.9,0.00,17.9,7..13,10,0.0,hard
training-21.6-1500-run_pull,5f8990e,TOOK_OFF,1.30,0.2,4.6,-0.03,18.2,4..10,7,0.0,hard
training-21.6-1500-run_pull,head,TOOK_OFF,1.40,0.4,0.2,0.03,16.9,0..6,0,0.0,soft
training-21.6-1500-run_pull,headgpu,TOOK_OFF,1.50,0.6,0.6,0.15,24.2,-1..14,7,-0.0,hard
training-21.6-1500-run_push,0ac895d,TOOK_OFF,1.30,0.2,8.9,0.23,19.1,7..13,9,0.0,soft
training-21.6-1500-run_push,5f8990e,TOOK_OFF,1.20,0.1,3.8,0.18,18.3,4..10,6,0.0,soft
training-21.6-1500-run_push,head,TOOK_OFF,1.40,0.4,0.2,0.26,18.2,0..8,0,-0.0,soft
training-21.6-1500-run_push,headgpu,F:nose_high,nan,2.1,2.2,0.53,28.3,-1..14,2,-0.0,mode3
training-36-0-idle,0ac895d,TOOK_OFF,0.20,0.0,1.3,0.10,24.7,13..13,3,0.0,soft
training-36-0-idle,5f8990e,TOOK_OFF,0.10,0.0,0.0,nan,nan,nan..nan,0,-0.0,soft
training-36-0-idle,head,TOOK_OFF,0.10,0.0,0.0,nan,nan,nan..nan,0,-0.0,soft
training-36-0-idle,headgpu,TOOK_OFF,1.20,0.0,1.3,0.17,15.3,-19..3,10,0.0,soft
training-36-0-run_neutral,0ac895d,TOOK_OFF,0.20,0.0,1.3,0.10,24.7,13..13,3,0.0,soft
training-36-0-run_neutral,5f8990e,TOOK_OFF,0.10,0.0,0.0,nan,nan,nan..nan,0,-0.0,soft
training-36-0-run_neutral,head,TOOK_OFF,0.10,0.0,0.0,nan,nan,nan..nan,0,-0.0,soft
training-36-0-run_neutral,headgpu,TOOK_OFF,1.20,0.1,1.3,0.27,6.6,-19..3,10,-0.0,soft
training-36-0-run_pull,0ac895d,TOOK_OFF,0.20,0.0,1.3,0.10,24.7,13..13,3,0.0,soft
training-36-0-run_pull,5f8990e,TOOK_OFF,0.10,0.0,0.0,nan,nan,nan..nan,0,-0.0,soft
training-36-0-run_pull,head,TOOK_OFF,0.10,0.0,0.0,nan,nan,nan..nan,0,-0.0,soft
training-36-0-run_pull,headgpu,TOOK_OFF,1.20,0.1,1.3,0.15,6.3,-19..2,10,0.0,soft
training-36-0-run_push,0ac895d,TOOK_OFF,0.20,0.0,1.3,0.10,24.7,13..13,3,0.0,soft
training-36-0-run_push,5f8990e,TOOK_OFF,0.10,0.0,0.0,nan,nan,nan..nan,0,-0.0,soft
training-36-0-run_push,head,TOOK_OFF,0.10,0.0,0.0,nan,nan,nan..nan,0,-0.0,soft
training-36-0-run_push,headgpu,TOOK_OFF,1.20,0.1,1.3,0.27,6.6,-19..3,10,-0.0,soft
training-36-1500-idle,0ac895d,TOOK_OFF,0.20,0.0,0.8,0.10,24.0,13..13,1,-0.0,soft
training-36-1500-idle,5f8990e,TOOK_OFF,0.10,0.0,0.0,nan,nan,nan..nan,1,0.0,hard
training-36-1500-idle,head,TOOK_OFF,0.10,0.0,0.0,nan,nan,nan..nan,0,-0.0,soft
training-36-1500-idle,headgpu,TOOK_OFF,0.40,0.0,2.2,0.20,18.2,-4..-3,38,-0.0,crash
training-36-1500-run_neutral,0ac895d,TOOK_OFF,0.20,0.0,0.8,0.10,24.0,13..13,1,-0.0,soft
training-36-1500-run_neutral,5f8990e,TOOK_OFF,0.10,0.0,0.0,nan,nan,nan..nan,1,0.0,hard
training-36-1500-run_neutral,head,TOOK_OFF,0.10,0.0,0.0,nan,nan,nan..nan,0,0.0,soft
training-36-1500-run_neutral,headgpu,TOOK_OFF,0.40,0.0,2.2,0.20,18.2,-4..-3,38,-0.0,crash
training-36-1500-run_pull,0ac895d,TOOK_OFF,0.20,0.0,0.8,0.10,24.0,13..13,1,-0.0,soft
training-36-1500-run_pull,5f8990e,TOOK_OFF,0.10,0.0,0.0,nan,nan,nan..nan,1,0.0,hard
training-36-1500-run_pull,head,TOOK_OFF,0.10,0.0,0.0,nan,nan,nan..nan,0,0.0,soft
training-36-1500-run_pull,headgpu,TOOK_OFF,0.40,0.0,2.2,0.20,18.2,-4..-3,38,-0.0,crash
training-36-1500-run_push,0ac895d,TOOK_OFF,0.20,0.0,0.8,0.10,24.0,13..13,1,-0.0,soft
training-36-1500-run_push,5f8990e,TOOK_OFF,0.10,0.0,0.0,nan,nan,nan..nan,1,0.0,hard
training-36-1500-run_push,head,TOOK_OFF,0.10,0.0,0.0,nan,nan,nan..nan,0,0.0,soft
training-36-1500-run_push,headgpu,TOOK_OFF,0.40,0.0,2.2,0.20,18.2,-4..-3,38,-0.0,crash
