t_s,w_mech,w_conv,w_mean,frac,event
0.000,0.55185,0.21409,0.55230,1.0000,срок 12:15: запрос
0.003,0.55185,0.21409,0.55230,1.0000,
0.006,0.55185,0.21409,0.55230,1.0000,
0.009,0.55185,0.21409,0.55230,1.0000,
0.013,0.55185,0.21409,0.55230,1.0000,
0.027,0.55185,0.21409,0.55230,1.0000,
0.040,0.55185,0.21409,0.55230,1.0000,
0.053,0.55185,0.21409,0.55230,1.0000,
0.066,0.55185,0.21409,0.55230,1.0000,
0.080,0.55185,0.21409,0.55230,1.0000,
0.093,0.55185,0.21409,0.55230,1.0000,
0.107,0.55185,0.21409,0.55230,1.0000,
0.120,0.55185,0.21409,0.55230,1.0000,
0.133,0.55185,0.21409,0.55230,1.0000,
0.147,0.55185,0.21409,0.55230,1.0000,
0.160,0.55185,0.21409,0.55230,1.0000,
0.173,0.55185,0.21409,0.55230,1.0000,
0.187,0.55185,0.21409,0.55230,1.0000,
0.200,0.55185,0.21409,0.55230,1.0000,
0.213,0.55185,0.21409,0.55230,1.0000,
0.227,0.55185,0.21409,0.55230,1.0000,
0.240,0.55185,0.21409,0.55230,1.0000,
0.253,0.55185,0.21409,0.55230,1.0000,
0.267,0.55185,0.21409,0.55230,1.0000,
0.280,0.55185,0.21409,0.55230,1.0000,
0.293,0.55185,0.21409,0.55230,1.0000,
0.307,0.55185,0.21409,0.55230,1.0000,
0.320,0.55185,0.21409,0.55230,1.0000,
0.334,0.55185,0.21409,0.55230,1.0000,
0.347,0.55185,0.21409,0.55230,1.0000,
0.360,0.55185,0.21409,0.55230,1.0000,
0.373,0.55185,0.21409,0.55230,1.0000,
0.387,0.55185,0.21409,0.55230,1.0000,
0.400,0.55185,0.21409,0.55230,1.0000,
0.413,0.55185,0.21409,0.55230,1.0000,
0.427,0.55185,0.21409,0.55230,1.0000,
0.440,0.55185,0.21409,0.55230,1.0000,
0.453,0.55185,0.21409,0.55230,1.0000,
0.467,0.55185,0.21409,0.55230,1.0000,
0.480,0.55185,0.21409,0.55230,1.0000,
0.493,0.55185,0.21409,0.55230,1.0000,
0.507,0.55185,0.21409,0.55230,1.0000,
0.520,0.55185,0.21409,0.55230,1.0000,
0.533,0.55185,0.21409,0.55230,1.0000,
0.547,0.55185,0.21409,0.55230,1.0000,
0.560,0.55185,0.21409,0.55230,1.0000,
0.573,0.55185,0.21409,0.55230,1.0000,
0.587,0.55185,0.21409,0.55230,1.0000,
0.600,0.55185,0.21409,0.55230,1.0000,
0.613,0.55185,0.21409,0.55230,1.0000,
0.627,0.55185,0.21409,0.55230,1.0000,
0.640,0.55185,0.21409,0.55230,1.0000,
0.653,0.55185,0.21409,0.55230,1.0000,
0.667,0.55185,0.21409,0.55230,1.0000,
0.680,0.55185,0.21409,0.55230,1.0000,
0.693,0.55185,0.21409,0.55230,1.0000,
0.707,0.55185,0.21409,0.55230,1.0000,
0.720,0.55185,0.21409,0.55230,1.0000,
0.733,0.55185,0.21409,0.55230,1.0000,
0.747,0.55185,0.21409,0.55230,1.0000,
0.760,0.55185,0.21409,0.55230,1.0000,
0.773,0.55185,0.21409,0.55230,1.0000,
0.787,0.55185,0.21409,0.55230,1.0000,
0.800,0.55185,0.21409,0.55230,1.0000,
0.813,0.55185,0.21409,0.55230,1.0000,
0.827,0.55185,0.21409,0.55230,1.0000,
0.840,0.55185,0.21409,0.55230,1.0000,
0.853,0.55185,0.21409,0.55230,1.0000,
0.867,0.55185,0.21409,0.55230,1.0000,
0.880,0.55185,0.21409,0.55230,1.0000,
0.894,0.55185,0.21409,0.55230,1.0000,
0.907,0.55185,0.21409,0.55230,1.0000,
0.920,0.55185,0.21409,0.55230,1.0000,
0.933,0.55185,0.21409,0.55230,1.0000,
0.947,0.55185,0.21409,0.55230,1.0000,
0.960,0.55185,0.21409,0.55230,1.0000,
0.973,0.55185,0.21409,0.55230,1.0000,
0.987,0.55185,0.21409,0.55230,1.0000,
1.000,0.55185,0.21409,0.55230,1.0000,
1.809,0.55185,0.21409,0.55230,1.0000,
1.812,0.55185,0.21409,0.55230,1.0000,
1.822,0.55185,0.21409,0.55230,1.0000,
1.822,0.55185,0.21409,0.55230,1.0000,
1.827,0.55185,0.21409,0.55230,1.0000,
1.840,0.55185,0.21409,0.55230,1.0000,
1.853,0.55185,0.21409,0.55230,1.0000,
1.867,0.55185,0.21409,0.55230,1.0000,
1.880,0.55185,0.21409,0.55230,1.0000,
1.893,0.55185,0.21409,0.55230,1.0000,
1.907,0.55185,0.21409,0.55230,1.0000,
1.920,0.55185,0.21409,0.55230,1.0000,
1.934,0.55185,0.21409,0.55230,1.0000,
1.947,0.55185,0.21409,0.55230,1.0000,
1.960,0.55185,0.21409,0.55230,1.0000,
1.973,0.55185,0.21409,0.55230,1.0000,
1.987,0.55185,0.21409,0.55230,1.0000,
2.000,0.55185,0.21409,0.55230,1.0000,
2.013,0.55185,0.21409,0.55230,1.0000,
2.027,0.55185,0.21409,0.55230,1.0000,
2.040,0.55185,0.21409,0.55230,1.0000,
2.053,0.55185,0.21409,0.55230,1.0000,
2.067,0.55185,0.21409,0.55230,1.0000,
2.080,0.55185,0.21409,0.55230,1.0000,
2.094,0.55185,0.21409,0.55230,1.0000,
2.107,0.55185,0.21409,0.55230,1.0000,
2.120,0.55185,0.21409,0.55230,1.0000,
2.133,0.55185,0.21409,0.55230,1.0000,
2.147,0.55185,0.21409,0.55230,1.0000,
2.160,0.55185,0.21409,0.55230,1.0000,
2.173,0.55185,0.21409,0.55230,1.0000,
2.187,0.55185,0.21409,0.55230,1.0000,
2.200,0.55185,0.21409,0.55230,1.0000,
2.213,0.55185,0.21409,0.55230,1.0000,
2.227,0.55185,0.21409,0.55230,1.0000,
2.240,0.55185,0.21409,0.55230,1.0000,
2.254,0.55185,0.21409,0.55230,1.0000,
2.267,0.55185,0.21409,0.55230,1.0000,
2.280,0.55185,0.21409,0.55230,1.0000,
2.294,0.55185,0.21409,0.55230,1.0000,
2.307,0.55185,0.21409,0.55230,1.0000,
2.320,0.55185,0.21409,0.55230,1.0000,
2.333,0.55185,0.21409,0.55230,1.0000,
2.347,0.55185,0.21409,0.55230,1.0000,
2.360,0.55185,0.21409,0.55230,1.0000,
2.374,0.55185,0.21409,0.55230,1.0000,
2.387,0.55185,0.21409,0.55230,1.0000,
2.400,0.55185,0.21409,0.55230,1.0000,
2.414,0.55185,0.21409,0.55230,1.0000,
2.427,0.55185,0.21409,0.55230,1.0000,
2.440,0.55185,0.21409,0.55230,1.0000,
2.454,0.55185,0.21409,0.55230,1.0000,
2.467,0.55185,0.21409,0.55230,1.0000,
2.480,0.55185,0.21409,0.55230,1.0000,
2.493,0.55185,0.21409,0.55230,1.0000,
2.507,0.55185,0.21409,0.55230,1.0000,
2.520,0.55185,0.21409,0.55230,1.0000,
2.533,0.55185,0.21409,0.55230,1.0000,
2.547,0.55185,0.21409,0.55230,1.0000,
2.560,0.55185,0.21409,0.55230,1.0000,
2.573,0.55185,0.21409,0.55230,1.0000,
2.587,0.55185,0.21409,0.55230,1.0000,
2.600,0.55185,0.21409,0.55230,1.0000,
2.613,0.55185,0.21409,0.55230,1.0000,
2.628,0.55185,0.21409,0.55230,1.0000,
2.641,0.55185,0.21409,0.55230,1.0000,
2.654,0.55185,0.21409,0.55230,1.0000,
2.667,0.55185,0.21409,0.55230,1.0000,
2.680,0.55185,0.21409,0.55230,1.0000,
2.694,0.55185,0.21409,0.55230,1.0000,
2.707,0.55185,0.21409,0.55230,1.0000,
2.720,0.55185,0.21409,0.55230,1.0000,
2.733,0.55185,0.21409,0.55230,1.0000,
2.747,0.55185,0.21409,0.55230,1.0000,
2.760,0.55185,0.21409,0.55230,1.0000,
2.773,0.55185,0.21409,0.55230,1.0000,
2.787,0.55185,0.21409,0.55230,1.0000,
2.800,0.55185,0.21409,0.55230,1.0000,
2.813,0.55185,0.21409,0.55230,1.0000,
2.827,0.55185,0.21409,0.55230,1.0000,
2.840,0.55185,0.21409,0.55230,1.0000,
2.854,0.55185,0.21409,0.55230,1.0000,
2.867,0.55185,0.21409,0.55230,1.0000,
2.880,0.55185,0.21409,0.55230,1.0000,
2.893,0.55185,0.21409,0.55230,1.0000,
2.907,0.55185,0.21409,0.55230,1.0000,
2.920,0.55185,0.21409,0.55230,1.0000,
2.933,0.55185,0.21409,0.55230,1.0000,
2.947,0.55185,0.21409,0.55230,1.0000,
2.960,0.55185,0.21409,0.55230,1.0000,
2.973,0.55185,0.21409,0.55230,1.0000,
2.987,0.55185,0.21409,0.55230,1.0000,
3.000,0.55185,0.21409,0.55230,1.0000,
3.014,0.55185,0.21409,0.55230,1.0000,
3.027,0.55185,0.21409,0.55230,1.0000,
3.041,0.55185,0.21409,0.55230,1.0000,
3.053,0.55185,0.21409,0.55230,1.0000,
3.067,0.55185,0.21409,0.55230,1.0000,
3.080,0.55185,0.21409,0.55230,1.0000,
3.093,0.55185,0.21409,0.55230,1.0000,
3.108,0.55185,0.21409,0.55230,1.0000,
3.120,0.55185,0.21409,0.55230,1.0000,
3.134,0.55185,0.21409,0.55230,1.0000,
3.147,0.55185,0.21409,0.55230,1.0000,
3.160,0.55185,0.21409,0.55230,1.0000,
3.174,0.55185,0.21409,0.55230,1.0000,
3.187,0.55185,0.21409,0.55230,1.0000,
3.201,0.55185,0.21409,0.55230,1.0000,
3.214,0.55185,0.21409,0.55230,1.0000,
3.228,0.55185,0.21409,0.55230,1.0000,
3.240,0.55185,0.21409,0.55230,1.0000,
3.253,0.55185,0.21409,0.55230,1.0000,
3.267,0.55185,0.21409,0.55230,1.0000,
3.280,0.55185,0.21409,0.55230,1.0000,
3.294,0.55185,0.21409,0.55230,1.0000,
3.307,0.55185,0.21409,0.55230,1.0000,
3.321,0.55185,0.21409,0.55230,1.0000,
3.333,0.55185,0.21409,0.55230,1.0000,
3.347,0.55185,0.21409,0.55230,1.0000,
3.402,0.55185,0.21409,0.55230,1.0000,
3.409,0.55185,0.21409,0.55230,1.0000,
3.410,0.55185,0.21409,0.55230,1.0000,
3.411,0.55185,0.21409,0.55230,1.0000,
3.414,0.55185,0.21409,0.55230,1.0000,
3.427,0.55185,0.21409,0.55230,1.0000,
3.440,0.55185,0.21409,0.55230,1.0000,
3.454,0.55185,0.21409,0.55230,1.0000,
3.467,0.55185,0.21409,0.55230,1.0000,
3.483,0.55185,0.21409,0.55230,1.0000,
3.493,0.55185,0.21409,0.55230,1.0000,
3.507,0.55185,0.21409,0.55230,1.0000,
3.520,0.55185,0.21409,0.55230,1.0000,
3.533,0.55185,0.21409,0.55230,1.0000,
3.590,0.55185,0.21409,0.55230,1.0000,
3.592,0.55185,0.21409,0.55230,1.0000,
3.593,0.55185,0.21409,0.55230,1.0000,
3.593,0.55185,0.21409,0.55230,1.0000,
3.641,0.55185,0.21409,0.55230,1.0000,
3.641,0.55185,0.21409,0.55230,1.0000,
3.642,0.55185,0.21409,0.55230,1.0000,
3.642,0.55185,0.21409,0.55230,1.0000,
3.654,0.55185,0.21409,0.55230,1.0000,
3.667,0.55185,0.21409,0.55230,1.0000,
3.680,0.55185,0.21409,0.55230,1.0000,
3.693,0.55185,0.21409,0.55230,1.0000,
3.707,0.55185,0.21409,0.55230,1.0000,
3.720,0.55185,0.21409,0.55230,1.0000,
3.733,0.55185,0.21409,0.55230,1.0000,
3.747,0.55185,0.21409,0.55230,1.0000,
3.760,0.55185,0.21409,0.55230,1.0000,
3.773,0.55185,0.21409,0.55230,1.0000,
3.787,0.55185,0.21409,0.55230,1.0000,
3.800,0.55185,0.21409,0.55230,1.0000,
3.813,0.55185,0.21409,0.55230,1.0000,
3.827,0.55185,0.21409,0.55230,1.0000,
3.840,0.55185,0.21409,0.55230,1.0000,
3.853,0.55185,0.21409,0.55230,1.0000,
3.867,0.55185,0.21409,0.55230,1.0000,
3.880,0.55185,0.21409,0.55230,1.0000,
3.893,0.55185,0.21409,0.55230,1.0000,
3.907,0.55185,0.21409,0.55230,1.0000,
3.920,0.55185,0.21409,0.55230,1.0000,
3.934,0.55185,0.21409,0.55230,1.0000,
3.947,0.55185,0.21409,0.55230,1.0000,
3.960,0.55185,0.21409,0.55230,1.0000,
3.973,0.55185,0.21409,0.55230,1.0000,
3.987,0.55185,0.21409,0.55230,1.0000,
4.000,0.55185,0.21409,0.55230,1.0000,
4.013,0.55185,0.21409,0.55230,1.0000,
4.027,0.55185,0.21409,0.55230,1.0000,
4.040,0.55185,0.21409,0.55230,1.0000,
4.053,0.55185,0.21409,0.55230,1.0000,
4.067,0.55185,0.21409,0.55230,0.0000,
4.067,0.55185,0.21409,0.55230,0.0000,срок 12:15: поле подано
4.167,0.55185,0.21409,0.55230,0.0000,
4.267,0.55185,0.21409,0.55230,0.0000,
4.367,0.55185,0.21409,0.55229,0.0001,
4.467,0.55185,0.21409,0.55229,0.0001,
4.567,0.55185,0.21409,0.55229,0.0002,
4.667,0.55185,0.21409,0.55229,0.0003,
4.767,0.55185,0.21409,0.55229,0.0004,
4.867,0.55185,0.21409,0.55229,0.0005,
4.967,0.55185,0.21409,0.55229,0.0007,
5.067,0.55185,0.21409,0.55229,0.0008,
5.167,0.55185,0.21409,0.55229,0.0010,
5.267,0.55185,0.21409,0.55229,0.0012,
5.367,0.55185,0.21409,0.55229,0.0014,
5.467,0.55185,0.21410,0.55229,0.0016,
5.567,0.55184,0.21410,0.55229,0.0019,
5.667,0.55184,0.21410,0.55229,0.0021,
5.767,0.55184,0.21410,0.55229,0.0024,
5.867,0.55184,0.21410,0.55229,0.0027,
5.967,0.55184,0.21410,0.55229,0.0030,
6.067,0.55184,0.21410,0.55228,0.0033,
6.167,0.55184,0.21411,0.55228,0.0036,
6.267,0.55184,0.21411,0.55228,0.0040,
6.367,0.55184,0.21411,0.55228,0.0043,
6.467,0.55184,0.21411,0.55228,0.0047,
6.567,0.55183,0.21411,0.55228,0.0051,
6.667,0.55183,0.21412,0.55228,0.0055,
6.767,0.55183,0.21412,0.55228,0.0060,
6.867,0.55183,0.21412,0.55227,0.0064,
6.967,0.55183,0.21412,0.55227,0.0068,
7.067,0.55183,0.21413,0.55227,0.0073,
7.167,0.55182,0.21413,0.55227,0.0078,
7.267,0.55182,0.21413,0.55227,0.0083,
7.367,0.55182,0.21413,0.55227,0.0088,
7.467,0.55182,0.21414,0.55226,0.0093,
7.567,0.55182,0.21414,0.55226,0.0099,
7.667,0.55182,0.21414,0.55226,0.0104,
7.767,0.55181,0.21415,0.55226,0.0110,
7.867,0.55181,0.21415,0.55226,0.0116,
7.967,0.55181,0.21415,0.55225,0.0122,
8.067,0.55181,0.21416,0.55225,0.0128,
8.167,0.55181,0.21416,0.55225,0.0135,
8.267,0.55180,0.21416,0.55225,0.0141,
8.367,0.55180,0.21417,0.55225,0.0148,
8.467,0.55180,0.21417,0.55224,0.0154,
8.567,0.55180,0.21417,0.55224,0.0161,
8.667,0.55179,0.21418,0.55224,0.0168,
8.767,0.55179,0.21418,0.55224,0.0175,
8.867,0.55179,0.21418,0.55223,0.0183,
8.967,0.55179,0.21419,0.55223,0.0190,
9.067,0.55178,0.21419,0.55223,0.0198,
9.167,0.55178,0.21420,0.55223,0.0206,
9.267,0.55178,0.21420,0.55222,0.0213,
9.367,0.55178,0.21421,0.55222,0.0221,
9.467,0.55177,0.21421,0.55222,0.0230,
9.567,0.55177,0.21421,0.55222,0.0238,
9.667,0.55177,0.21422,0.55221,0.0246,
9.767,0.55177,0.21422,0.55221,0.0255,
9.867,0.55176,0.21423,0.55221,0.0263,
9.967,0.55176,0.21423,0.55220,0.0272,
10.067,0.55176,0.21424,0.55220,0.0281,
10.167,0.55175,0.21424,0.55220,0.0290,
10.267,0.55175,0.21425,0.55219,0.0300,
10.367,0.55175,0.21425,0.55219,0.0309,
10.467,0.55174,0.21426,0.55219,0.0318,
10.567,0.55174,0.21426,0.55219,0.0328,
10.667,0.55174,0.21427,0.55218,0.0338,
10.767,0.55173,0.21427,0.55218,0.0348,
10.867,0.55173,0.21428,0.55218,0.0358,
10.967,0.55173,0.21428,0.55217,0.0368,
11.067,0.55172,0.21429,0.55217,0.0378,
11.167,0.55172,0.21430,0.55217,0.0388,
11.267,0.55172,0.21430,0.55216,0.0399,
11.367,0.55171,0.21431,0.55216,0.0410,
11.467,0.55171,0.21431,0.55215,0.0420,
11.567,0.55171,0.21432,0.55215,0.0431,
11.667,0.55170,0.21432,0.55215,0.0442,
11.767,0.55170,0.21433,0.55214,0.0453,
11.867,0.55170,0.21434,0.55214,0.0465,
11.967,0.55169,0.21434,0.55214,0.0476,
12.067,0.55169,0.21435,0.55213,0.0488,
12.167,0.55168,0.21435,0.55213,0.0499,
12.267,0.55168,0.21436,0.55212,0.0511,
12.367,0.55168,0.21437,0.55212,0.0523,
12.467,0.55167,0.21437,0.55212,0.0535,
12.567,0.55167,0.21438,0.55211,0.0547,
12.667,0.55166,0.21439,0.55211,0.0559,
12.767,0.55166,0.21439,0.55210,0.0572,
12.867,0.55166,0.21440,0.55210,0.0584,
12.967,0.55165,0.21441,0.55210,0.0597,
13.067,0.55165,0.21441,0.55209,0.0609,
13.167,0.55164,0.21442,0.55209,0.0622,
13.267,0.55164,0.21443,0.55208,0.0635,
13.367,0.55163,0.21443,0.55208,0.0648,
13.467,0.55163,0.21444,0.55207,0.0661,
13.567,0.55163,0.21445,0.55207,0.0675,
13.667,0.55162,0.21446,0.55206,0.0688,
13.767,0.55162,0.21446,0.55206,0.0701,
13.867,0.55161,0.21447,0.55206,0.0715,
13.967,0.55161,0.21448,0.55205,0.0729,
14.067,0.55160,0.21449,0.55205,0.0743,
14.167,0.55160,0.21449,0.55204,0.0757,
14.267,0.55159,0.21450,0.55204,0.0771,
14.367,0.55159,0.21451,0.55203,0.0785,
14.467,0.55158,0.21452,0.55203,0.0799,
14.567,0.55158,0.21452,0.55202,0.0814,
14.667,0.55157,0.21453,0.55202,0.0828,
14.767,0.55157,0.21454,0.55201,0.0843,
14.867,0.55156,0.21455,0.55201,0.0857,
14.967,0.55156,0.21456,0.55200,0.0872,
15.067,0.55155,0.21456,0.55200,0.0887,
15.167,0.55155,0.21457,0.55199,0.0902,
15.267,0.55154,0.21458,0.55199,0.0917,
15.367,0.55154,0.21459,0.55198,0.0933,
15.467,0.55153,0.21460,0.55198,0.0948,
15.567,0.55153,0.21460,0.55197,0.0963,
15.667,0.55152,0.21461,0.55197,0.0979,
15.767,0.55152,0.21462,0.55196,0.0995,
15.867,0.55151,0.21463,0.55196,0.1010,
15.967,0.55151,0.21464,0.55195,0.1026,
16.067,0.55150,0.21465,0.55195,0.1042,
16.167,0.55150,0.21466,0.55194,0.1058,
16.267,0.55149,0.21466,0.55194,0.1074,
16.367,0.55149,0.21467,0.55193,0.1091,
16.467,0.55148,0.21468,0.55192,0.1107,
16.567,0.55147,0.21469,0.55192,0.1124,
16.667,0.55147,0.21470,0.55191,0.1140,
16.767,0.55146,0.21471,0.55191,0.1157,
16.867,0.55146,0.21472,0.55190,0.1174,
16.967,0.55145,0.21473,0.55190,0.1190,
17.067,0.55145,0.21474,0.55189,0.1207,
17.167,0.55144,0.21474,0.55189,0.1224,
17.267,0.55144,0.21475,0.55188,0.1241,
17.367,0.55143,0.21476,0.55187,0.1259,
17.467,0.55142,0.21477,0.55187,0.1276,
17.567,0.55142,0.21478,0.55186,0.1293,
17.667,0.55141,0.21479,0.55186,0.1311,
17.767,0.55141,0.21480,0.55185,0.1328,
17.867,0.55140,0.21481,0.55184,0.1346,
17.967,0.55139,0.21482,0.55184,0.1364,
18.067,0.55139,0.21483,0.55183,0.1382,
18.167,0.55138,0.21484,0.55183,0.1400,
18.267,0.55138,0.21485,0.55182,0.1418,
18.367,0.55137,0.21486,0.55181,0.1436,
18.467,0.55136,0.21487,0.55181,0.1454,
18.567,0.55136,0.21488,0.55180,0.1472,
18.667,0.55135,0.21489,0.55180,0.1491,
18.767,0.55135,0.21490,0.55179,0.1509,
18.867,0.55134,0.21491,0.55178,0.1528,
18.967,0.55133,0.21492,0.55178,0.1546,
19.067,0.55133,0.21493,0.55177,0.1565,
19.167,0.55132,0.21494,0.55176,0.1584,
19.267,0.55131,0.21495,0.55176,0.1603,
19.367,0.55131,0.21496,0.55175,0.1622,
19.467,0.55130,0.21497,0.55175,0.1641,
19.567,0.55130,0.21498,0.55174,0.1660,
19.667,0.55129,0.21499,0.55173,0.1679,
19.767,0.55128,0.21500,0.55173,0.1698,
19.867,0.55128,0.21501,0.55172,0.1718,
19.967,0.55127,0.21502,0.55171,0.1737,
20.067,0.55126,0.21503,0.55171,0.1757,
20.167,0.55126,0.21504,0.55170,0.1776,
20.267,0.55125,0.21505,0.55169,0.1796,
20.367,0.55124,0.21506,0.55169,0.1816,
20.467,0.55124,0.21507,0.55168,0.1836,
20.567,0.55123,0.21508,0.55167,0.1856,
20.667,0.55122,0.21509,0.55167,0.1876,
20.767,0.55122,0.21511,0.55166,0.1896,
20.867,0.55121,0.21512,0.55165,0.1916,
20.967,0.55120,0.21513,0.55165,0.1936,
21.067,0.55120,0.21514,0.55164,0.1956,
21.167,0.55119,0.21515,0.55163,0.1977,
21.267,0.55118,0.21516,0.55163,0.1997,
21.367,0.55118,0.21517,0.55162,0.2018,
21.467,0.55117,0.21518,0.55161,0.2038,
21.567,0.55116,0.21519,0.55161,0.2059,
21.667,0.55115,0.21520,0.55160,0.2079,
21.767,0.55115,0.21522,0.55159,0.2100,
21.867,0.55114,0.21523,0.55158,0.2121,
21.967,0.55113,0.21524,0.55158,0.2142,
22.067,0.55113,0.21525,0.55157,0.2163,
22.167,0.55112,0.21526,0.55156,0.2184,
22.267,0.55111,0.21527,0.55156,0.2205,
22.367,0.55111,0.21528,0.55155,0.2226,
22.467,0.55110,0.21529,0.55154,0.2248,
22.567,0.55109,0.21531,0.55154,0.2269,
22.667,0.55108,0.21532,0.55153,0.2290,
22.767,0.55108,0.21533,0.55152,0.2312,
22.867,0.55107,0.21534,0.55151,0.2333,
22.967,0.55106,0.21535,0.55151,0.2355,
23.067,0.55106,0.21536,0.55150,0.2376,
23.167,0.55105,0.21538,0.55149,0.2398,
23.267,0.55104,0.21539,0.55148,0.2420,
23.367,0.55103,0.21540,0.55148,0.2441,
23.467,0.55103,0.21541,0.55147,0.2463,
23.567,0.55102,0.21542,0.55146,0.2485,
23.667,0.55101,0.21543,0.55146,0.2507,
23.767,0.55100,0.21545,0.55145,0.2529,
23.867,0.55100,0.21546,0.55144,0.2551,
23.967,0.55099,0.21547,0.55143,0.2574,
24.067,0.55098,0.21548,0.55143,0.2596,
24.067,0.55098,0.21548,0.55143,0.2596,ветер 4 м/с: запрос
24.068,0.55098,0.21548,0.55143,0.2596,
24.068,0.55098,0.21548,0.55143,0.2596,
24.074,0.55098,0.21548,0.55143,0.2597,
24.087,0.55098,0.21548,0.55142,0.2600,
24.101,0.55098,0.21549,0.55142,0.2603,
24.114,0.55098,0.21549,0.55142,0.2606,
24.128,0.55098,0.21549,0.55142,0.2609,
24.141,0.55098,0.21549,0.55142,0.2612,
24.154,0.55098,0.21549,0.55142,0.2615,
24.167,0.55097,0.21549,0.55142,0.2618,
24.181,0.55097,0.21550,0.55142,0.2621,
24.194,0.55097,0.21550,0.55142,0.2624,
24.207,0.55097,0.21550,0.55142,0.2627,
24.221,0.55097,0.21550,0.55141,0.2630,
24.234,0.55097,0.21550,0.55141,0.2633,
24.247,0.55097,0.21550,0.55141,0.2636,
24.261,0.55097,0.21551,0.55141,0.2639,
24.274,0.55097,0.21551,0.55141,0.2642,
24.287,0.55097,0.21551,0.55141,0.2645,
24.301,0.55096,0.21551,0.55141,0.2648,
24.314,0.55096,0.21551,0.55141,0.2651,
24.327,0.55096,0.21551,0.55141,0.2654,
24.341,0.55096,0.21551,0.55141,0.2657,
24.354,0.55096,0.21552,0.55140,0.2660,
24.367,0.55096,0.21552,0.55140,0.2663,
24.381,0.55096,0.21552,0.55140,0.2666,
24.394,0.55096,0.21552,0.55140,0.2669,
24.407,0.55096,0.21552,0.55140,0.2672,
24.421,0.55096,0.21552,0.55140,0.2675,
24.434,0.55095,0.21553,0.55140,0.2678,
24.447,0.55095,0.21553,0.55140,0.2681,
24.461,0.55095,0.21553,0.55140,0.2684,
24.474,0.55095,0.21553,0.55140,0.2687,
24.487,0.55095,0.21553,0.55139,0.2690,
24.501,0.55095,0.21553,0.55139,0.2693,
24.514,0.55095,0.21554,0.55139,0.2696,
24.528,0.55095,0.21554,0.55139,0.2699,
24.541,0.55095,0.21554,0.55139,0.2702,
24.554,0.55095,0.21554,0.55139,0.2705,
24.567,0.55094,0.21554,0.55139,0.2708,
24.581,0.55094,0.21554,0.55139,0.2711,
24.594,0.55094,0.21555,0.55139,0.2714,
24.607,0.55094,0.21555,0.55139,0.2717,
24.621,0.55094,0.21555,0.55138,0.2720,
24.634,0.55094,0.21555,0.55138,0.2723,
24.647,0.55094,0.21555,0.55138,0.2726,
24.661,0.55094,0.21555,0.55138,0.2729,
24.674,0.55094,0.21556,0.55138,0.2732,
24.688,0.55094,0.21556,0.55138,0.2735,
24.701,0.55093,0.21556,0.55138,0.2738,
24.714,0.55093,0.21556,0.55138,0.2741,
24.727,0.55093,0.21556,0.55138,0.2744,
24.741,0.55093,0.21556,0.55138,0.2747,
24.754,0.55093,0.21556,0.55137,0.2750,
24.768,0.55093,0.21557,0.55137,0.2753,
24.781,0.55093,0.21557,0.55137,0.2756,
24.794,0.55093,0.21557,0.55137,0.2759,
24.807,0.55093,0.21557,0.55137,0.2762,
24.821,0.55093,0.21557,0.55137,0.2765,
24.834,0.55092,0.21557,0.55137,0.2768,
24.848,0.55092,0.21558,0.55137,0.2771,
24.861,0.55092,0.21558,0.55137,0.2774,
24.874,0.55092,0.21558,0.55136,0.2777,
24.888,0.55092,0.21558,0.55136,0.2780,
24.901,0.55092,0.21558,0.55136,0.2783,
24.914,0.55092,0.21558,0.55136,0.2786,
24.927,0.55092,0.21559,0.55136,0.2789,
24.941,0.55092,0.21559,0.55136,0.2792,
24.954,0.55092,0.21559,0.55136,0.2795,
24.967,0.55091,0.21559,0.55136,0.2798,
24.981,0.55091,0.21559,0.55136,0.2801,
24.994,0.55091,0.21559,0.55136,0.2804,
25.008,0.55091,0.21560,0.55135,0.2807,
25.021,0.55091,0.21560,0.55135,0.2810,
25.034,0.55091,0.21560,0.55135,0.2813,
25.047,0.55091,0.21560,0.55135,0.2816,
25.061,0.55091,0.21560,0.55135,0.2819,
25.074,0.55091,0.21560,0.55135,0.2822,
25.087,0.55091,0.21561,0.55135,0.2825,
25.101,0.55090,0.21561,0.55135,0.2828,
25.114,0.55090,0.21561,0.55135,0.2831,
25.128,0.55090,0.21561,0.55135,0.2834,
25.141,0.55090,0.21561,0.55134,0.2838,
25.154,0.55090,0.21561,0.55134,0.2840,
25.168,0.55090,0.21562,0.55134,0.2844,
25.181,0.55090,0.21562,0.55134,0.2847,
25.194,0.55090,0.21562,0.55134,0.2850,
25.207,0.55090,0.21562,0.55134,0.2853,
25.221,0.55090,0.21562,0.55134,0.2856,
25.234,0.55089,0.21562,0.55134,0.2859,
25.248,0.55089,0.21563,0.55134,0.2862,
25.261,0.55089,0.21563,0.55134,0.2865,
25.274,0.55089,0.21563,0.55133,0.2868,
25.288,0.55089,0.21563,0.55133,0.2871,
25.323,0.55089,0.21563,0.55133,0.2879,
25.327,0.55089,0.21563,0.55133,0.2880,
25.340,0.55089,0.21564,0.55133,0.2883,
25.341,0.55089,0.21564,0.55133,0.2883,
25.354,0.55088,0.21564,0.55133,0.2886,
25.368,0.55088,0.21564,0.55133,0.2889,
25.381,0.55088,0.21564,0.55133,0.2892,
25.394,0.55088,0.21564,0.55133,0.2895,
25.408,0.55088,0.21564,0.55132,0.2898,
25.421,0.55088,0.21565,0.55132,0.2901,
25.468,0.55088,0.21565,0.55132,0.2912,
25.470,0.55088,0.21565,0.55132,0.2913,
25.471,0.55088,0.21565,0.55132,0.2913,
25.476,0.55088,0.21565,0.55132,0.2914,
25.489,0.55087,0.21565,0.55132,0.2917,
25.503,0.55087,0.21566,0.55132,0.2920,
25.514,0.55087,0.21566,0.55132,0.2923,
25.528,0.55087,0.21566,0.55131,0.2926,
25.542,0.55087,0.21566,0.55131,0.2929,
25.555,0.55087,0.21566,0.55131,0.2932,
25.568,0.55087,0.21566,0.55131,0.2935,
25.581,0.55087,0.21567,0.55131,0.2938,
25.596,0.55087,0.21567,0.55131,0.2942,
25.608,0.55087,0.21567,0.55131,0.2944,
25.621,0.55086,0.21567,0.55131,0.2947,
25.634,0.55086,0.21567,0.55131,0.2951,
25.648,0.55086,0.21567,0.55131,0.2954,
25.662,0.55086,0.21568,0.55130,0.2957,
25.675,0.55086,0.21568,0.55130,0.2960,
25.688,0.55086,0.21568,0.55130,0.2963,
25.701,0.55086,0.21568,0.55130,0.2966,
25.714,0.55086,0.21568,0.55130,0.2969,
25.728,0.55086,0.21568,0.55130,0.2972,
25.741,0.55086,0.21569,0.55130,0.2975,
25.754,0.55085,0.21569,0.55130,0.2978,
25.768,0.55085,0.21569,0.55130,0.2981,
25.781,0.55085,0.21569,0.55130,0.2984,
25.794,0.55085,0.21569,0.55129,0.2987,
25.808,0.55085,0.21569,0.55129,0.2990,
25.821,0.55085,0.21570,0.55129,0.2994,
25.834,0.55085,0.21570,0.55129,0.2997,
25.847,0.55085,0.21570,0.55129,0.3000,
25.861,0.55085,0.21570,0.55129,0.3003,
25.874,0.55084,0.21570,0.55129,0.3006,
25.888,0.55084,0.21570,0.55129,0.3009,
25.901,0.55084,0.21571,0.55129,0.3012,
25.914,0.55084,0.21571,0.55129,0.3015,
25.928,0.55084,0.21571,0.55128,0.3018,
25.971,0.55084,0.21571,0.55128,0.3028,
25.973,0.55084,0.21571,0.55128,0.3029,
25.995,0.55084,0.21572,0.55128,0.3034,
25.997,0.55084,0.21572,0.55128,0.3034,
25.998,0.55084,0.21572,0.55128,0.3035,
26.008,0.55083,0.21572,0.55128,0.3037,
26.021,0.55083,0.21572,0.55128,0.3040,
26.034,0.55083,0.21572,0.55128,0.3043,
26.048,0.55083,0.21572,0.55127,0.3046,
26.061,0.55083,0.21573,0.55127,0.3049,
26.074,0.55083,0.21573,0.55127,0.3052,
26.088,0.55083,0.21573,0.55127,0.3055,
26.101,0.55083,0.21573,0.55127,0.3058,
26.114,0.55083,0.21573,0.55127,0.3062,
26.128,0.55083,0.21573,0.55127,0.3065,
26.141,0.55082,0.21574,0.55127,0.3068,
26.154,0.55082,0.21574,0.55127,0.3071,
26.168,0.55082,0.21574,0.55127,0.3074,
26.181,0.55082,0.21574,0.55126,0.3077,
26.194,0.55082,0.21574,0.55126,0.3080,
26.207,0.55082,0.21574,0.55126,0.3083,
26.221,0.55082,0.21575,0.55126,0.3086,
26.234,0.55082,0.21575,0.55126,0.3089,
26.248,0.55082,0.21575,0.55126,0.3093,
26.261,0.55081,0.21575,0.55126,0.3096,
26.274,0.55081,0.21575,0.55126,0.3099,
26.288,0.55081,0.21575,0.55126,0.3102,
26.301,0.55081,0.21576,0.55125,0.3105,
26.314,0.55081,0.21576,0.55125,0.3108,
26.328,0.55081,0.21576,0.55125,0.3111,
26.341,0.55081,0.21576,0.55125,0.3114,
26.354,0.55081,0.21576,0.55125,0.3117,
26.368,0.55081,0.21576,0.55125,0.3121,
26.381,0.55081,0.21577,0.55125,0.3124,
26.394,0.55080,0.21577,0.55125,0.3127,
26.408,0.55080,0.21577,0.55125,0.3130,
26.421,0.55080,0.21577,0.55125,0.3133,
26.434,0.55080,0.21577,0.55124,0.3136,
26.447,0.55080,0.21577,0.55124,0.3139,
26.461,0.55080,0.21578,0.55124,0.3142,
26.474,0.55080,0.21578,0.55124,0.3146,
26.487,0.55080,0.21578,0.55124,0.3149,
26.501,0.55080,0.21578,0.55124,0.3152,
26.515,0.55079,0.21578,0.55124,0.3155,
26.528,0.55079,0.21578,0.55124,0.3158,
26.541,0.55079,0.21579,0.55124,0.3161,
26.555,0.55079,0.21579,0.55124,0.3164,
26.568,0.55079,0.21579,0.55123,0.3167,
26.581,0.55079,0.21579,0.55123,0.3170,
26.594,0.55079,0.21579,0.55123,0.3174,
26.608,0.55079,0.21579,0.55123,0.3177,
26.621,0.55079,0.21580,0.55123,0.3180,
26.634,0.55079,0.21580,0.55123,0.3183,
26.648,0.55078,0.21580,0.55123,0.3186,
26.661,0.55078,0.21580,0.55123,0.3189,
26.674,0.55078,0.21580,0.55123,0.3192,
26.688,0.55078,0.21580,0.55122,0.3196,
26.701,0.55078,0.21581,0.55122,0.3199,
26.714,0.55078,0.21581,0.55122,0.3202,
26.728,0.55078,0.21581,0.55122,0.3205,
26.741,0.55078,0.21581,0.55122,0.3208,
26.754,0.55078,0.21581,0.55122,0.3211,
26.767,0.55078,0.21581,0.55122,0.3214,
26.781,0.55077,0.21582,0.55122,0.3217,
26.794,0.55077,0.21582,0.55122,0.3221,
26.807,0.55077,0.21582,0.55122,0.3224,
26.821,0.55077,0.21582,0.55121,0.3227,
26.834,0.55077,0.21582,0.55121,0.3230,
26.848,0.55077,0.21582,0.55121,0.3233,
26.861,0.55077,0.21583,0.55121,0.3236,
26.874,0.55077,0.21583,0.55121,0.3239,
26.888,0.55077,0.21583,0.55121,0.3243,
26.901,0.55076,0.21583,0.55121,0.3246,
26.914,0.55076,0.21583,0.55121,0.3249,
26.927,0.55076,0.21583,0.55121,0.3252,
26.941,0.55076,0.21584,0.55120,0.3255,
26.954,0.55076,0.21584,0.55120,0.3258,
26.967,0.55076,0.21584,0.55120,0.3261,
26.981,0.55076,0.21584,0.55120,0.3265,
26.994,0.55076,0.21584,0.55120,0.3268,
27.008,0.55076,0.21585,0.55120,0.3271,
27.021,0.55076,0.21585,0.55120,0.3274,
27.034,0.55075,0.21585,0.55120,0.3277,
27.048,0.55075,0.21585,0.55120,0.3280,
27.061,0.55075,0.21585,0.55120,0.3284,
27.074,0.55075,0.21585,0.55119,0.3287,
27.087,0.55075,0.21586,0.55119,0.3290,
27.101,0.55075,0.21586,0.55119,0.3293,
27.114,0.55075,0.21586,0.55119,0.3296,
27.128,0.55075,0.21586,0.55119,0.3299,
27.141,0.55075,0.21586,0.55119,0.3302,
27.154,0.55074,0.21586,0.55119,0.3306,
27.168,0.55074,0.21587,0.55119,0.3309,
27.181,0.55074,0.21587,0.55119,0.3312,
27.194,0.55074,0.21587,0.55118,0.3315,
27.207,0.55074,0.21587,0.55118,0.3318,
27.221,0.55074,0.21587,0.55118,0.3321,
27.234,0.55074,0.21587,0.55118,0.3325,
27.248,0.55074,0.21588,0.55118,0.3328,
27.261,0.55074,0.21588,0.55118,0.3331,
27.274,0.55073,0.21588,0.55118,0.3334,
27.288,0.55073,0.21588,0.55118,0.3337,
27.304,0.55073,0.21588,0.55118,0.3341,
27.314,0.55073,0.21588,0.55117,0.3344,
27.328,0.55073,0.21589,0.55117,0.3347,
27.341,0.55073,0.21589,0.55117,0.3350,
27.354,0.55073,0.21589,0.55117,0.3353,
27.368,0.55073,0.21589,0.55117,0.3356,
27.381,0.55073,0.21589,0.55117,0.3359,
27.394,0.55073,0.21589,0.55117,0.3363,
27.408,0.55072,0.21590,0.55117,0.3366,
27.421,0.55072,0.21590,0.55117,0.3369,
27.434,0.55072,0.21590,0.55117,0.3372,
27.447,0.55072,0.21590,0.55116,0.3375,
27.461,0.55072,0.21590,0.55116,0.3378,
27.474,0.55072,0.21590,0.55116,0.3382,
27.488,0.55072,0.21591,0.55116,0.3385,
27.501,0.55072,0.21591,0.55116,0.3388,
27.514,0.55072,0.21591,0.55116,0.3391,
27.528,0.55071,0.21591,0.55116,0.3394,
27.541,0.55071,0.21591,0.55116,0.3397,
27.554,0.55071,0.21591,0.55116,0.3401,
27.568,0.55071,0.21592,0.55115,0.3404,
27.581,0.55071,0.21592,0.55115,0.3407,
27.594,0.55071,0.21592,0.55115,0.3410,
27.608,0.55071,0.21592,0.55115,0.3413,
27.621,0.55071,0.21592,0.55115,0.3417,
27.634,0.55071,0.21593,0.55115,0.3420,
27.648,0.55071,0.21593,0.55115,0.3423,
27.661,0.55070,0.21593,0.55115,0.3426,
27.674,0.55070,0.21593,0.55115,0.3429,
27.688,0.55070,0.21593,0.55115,0.3432,
27.701,0.55070,0.21593,0.55114,0.3436,
27.714,0.55070,0.21594,0.55114,0.3439,
27.727,0.55070,0.21594,0.55114,0.3442,
27.741,0.55070,0.21594,0.55114,0.3445,
27.754,0.55070,0.21594,0.55114,0.3448,
27.768,0.55070,0.21594,0.55114,0.3452,
27.781,0.55069,0.21594,0.55114,0.3455,
27.794,0.55069,0.21595,0.55114,0.3458,
27.808,0.55069,0.21595,0.55114,0.3461,
27.821,0.55069,0.21595,0.55113,0.3464,
27.834,0.55069,0.21595,0.55113,0.0000,
27.834,0.55069,0.21595,0.55113,0.0000,ветер 4 м/с: поле подано
27.934,0.55069,0.21595,0.55114,0.0000,
28.034,0.55070,0.21595,0.55114,0.0000,
28.134,0.55071,0.21595,0.55115,0.0001,
28.234,0.55072,0.21595,0.55116,0.0001,
28.334,0.55073,0.21595,0.55117,0.0002,
28.434,0.55075,0.21594,0.55119,0.0003,
28.534,0.55077,0.21594,0.55121,0.0004,
28.634,0.55079,0.21594,0.55123,0.0005,
28.734,0.55081,0.21594,0.55126,0.0007,
28.834,0.55084,0.21593,0.55129,0.0008,
28.934,0.55087,0.21593,0.55132,0.0010,
29.034,0.55091,0.21593,0.55135,0.0012,
29.134,0.55095,0.21592,0.55139,0.0014,
29.234,0.55099,0.21592,0.55143,0.0016,
29.334,0.55103,0.21591,0.55147,0.0019,
29.434,0.55107,0.21591,0.55152,0.0021,
29.534,0.55112,0.21590,0.55157,0.0024,
29.634,0.55117,0.21590,0.55162,0.0027,
29.734,0.55123,0.21589,0.55167,0.0030,
29.834,0.55128,0.21589,0.55173,0.0033,
29.934,0.55134,0.21588,0.55179,0.0036,
30.034,0.55141,0.21587,0.55185,0.0040,
30.134,0.55147,0.21587,0.55191,0.0043,
30.234,0.55154,0.21586,0.55198,0.0047,
30.334,0.55161,0.21585,0.55205,0.0051,
30.434,0.55168,0.21585,0.55213,0.0055,
30.534,0.55176,0.21584,0.55220,0.0060,
30.634,0.55184,0.21583,0.55228,0.0064,
30.734,0.55192,0.21582,0.55236,0.0068,
30.834,0.55200,0.21581,0.55245,0.0073,
30.934,0.55209,0.21580,0.55253,0.0078,
31.034,0.55218,0.21579,0.55262,0.0083,
31.134,0.55227,0.21578,0.55272,0.0088,
31.234,0.55237,0.21577,0.55281,0.0093,
31.334,0.55246,0.21576,0.55291,0.0099,
31.434,0.55256,0.21575,0.55301,0.0104,
31.534,0.55267,0.21574,0.55311,0.0110,
31.634,0.55277,0.21573,0.55322,0.0116,
31.734,0.55288,0.21572,0.55333,0.0122,
31.834,0.55299,0.21571,0.55344,0.0128,
31.934,0.55311,0.21570,0.55355,0.0135,
32.034,0.55322,0.21569,0.55367,0.0141,
32.134,0.55334,0.21567,0.55378,0.0148,
32.234,0.55346,0.21566,0.55391,0.0154,
32.334,0.55358,0.21565,0.55403,0.0161,
32.434,0.55371,0.21563,0.55416,0.0168,
32.534,0.55384,0.21562,0.55428,0.0175,
32.634,0.55397,0.21561,0.55442,0.0183,
32.734,0.55410,0.21559,0.55455,0.0190,
32.834,0.55424,0.21558,0.55469,0.0198,
32.934,0.55438,0.21557,0.55482,0.0206,
33.034,0.55452,0.21555,0.55497,0.0213,
33.134,0.55466,0.21554,0.55511,0.0221,
33.234,0.55481,0.21552,0.55526,0.0230,
33.334,0.55496,0.21551,0.55540,0.0238,
33.434,0.55511,0.21549,0.55555,0.0246,
33.534,0.55526,0.21547,0.55571,0.0255,
33.634,0.55542,0.21546,0.55586,0.0263,
33.734,0.55558,0.21544,0.55602,0.0272,
33.834,0.55574,0.21542,0.55618,0.0281,
33.934,0.55590,0.21541,0.55635,0.0290,
34.034,0.55606,0.21539,0.55651,0.0300,
34.134,0.55623,0.21537,0.55668,0.0309,
34.234,0.55640,0.21535,0.55685,0.0318,
34.334,0.55657,0.21534,0.55702,0.0328,
34.434,0.55675,0.21532,0.55720,0.0338,
34.534,0.55693,0.21530,0.55737,0.0348,
34.634,0.55711,0.21528,0.55755,0.0358,
34.734,0.55729,0.21526,0.55774,0.0368,
34.834,0.55747,0.21524,0.55792,0.0378,
34.934,0.55766,0.21522,0.55811,0.0388,
35.034,0.55785,0.21520,0.55830,0.0399,
35.134,0.55804,0.21518,0.55849,0.0410,
35.234,0.55823,0.21516,0.55868,0.0420,
35.334,0.55843,0.21514,0.55887,0.0431,
35.434,0.55862,0.21512,0.55907,0.0442,
35.534,0.55882,0.21510,0.55927,0.0453,
35.634,0.55902,0.21508,0.55947,0.0465,
35.734,0.55923,0.21506,0.55968,0.0476,
35.834,0.55944,0.21504,0.55989,0.0487,
35.934,0.55964,0.21502,0.56009,0.0499,
36.034,0.55986,0.21500,0.56031,0.0511,
36.134,0.56007,0.21497,0.56052,0.0523,
36.234,0.56028,0.21495,0.56073,0.0535,
36.334,0.56050,0.21493,0.56095,0.0547,
36.434,0.56072,0.21491,0.56117,0.0559,
36.534,0.56094,0.21488,0.56139,0.0571,
36.634,0.56117,0.21486,0.56162,0.0584,
36.734,0.56139,0.21484,0.56184,0.0597,
36.834,0.56162,0.21481,0.56207,0.0609,
36.934,0.56185,0.21479,0.56230,0.0622,
37.034,0.56208,0.21476,0.56253,0.0635,
37.134,0.56232,0.21474,0.56277,0.0648,
37.234,0.56255,0.21471,0.56300,0.0661,
37.334,0.56279,0.21469,0.56324,0.0675,
37.434,0.56303,0.21467,0.56348,0.0688,
37.534,0.56327,0.21464,0.56373,0.0701,
37.634,0.56352,0.21461,0.56397,0.0715,
37.734,0.56376,0.21459,0.56422,0.0729,
37.834,0.56401,0.21456,0.56447,0.0743,
37.934,0.56426,0.21454,0.56472,0.0757,
38.034,0.56451,0.21451,0.56497,0.0771,
38.134,0.56477,0.21448,0.56522,0.0785,
38.234,0.56503,0.21446,0.56548,0.0799,
38.334,0.56528,0.21443,0.56574,0.0814,
38.434,0.56554,0.21440,0.56600,0.0828,
38.534,0.56581,0.21438,0.56626,0.0843,
38.634,0.56607,0.21435,0.56653,0.0857,
38.734,0.56634,0.21432,0.56679,0.0872,
38.834,0.56660,0.21429,0.56706,0.0887,
38.934,0.56687,0.21427,0.56733,0.0902,
39.034,0.56715,0.21424,0.56760,0.0917,
39.134,0.56742,0.21421,0.56788,0.0933,
39.234,0.56769,0.21418,0.56815,0.0948,
39.334,0.56797,0.21415,0.56843,0.0963,
39.434,0.56825,0.21412,0.56871,0.0979,
39.534,0.56853,0.21409,0.56899,0.0995,
39.634,0.56881,0.21406,0.56927,0.1010,
39.734,0.56910,0.21403,0.56956,0.1026,
39.834,0.56938,0.21400,0.56984,0.1042,
39.934,0.56967,0.21397,0.57013,0.1058,
40.034,0.56996,0.21394,0.57042,0.1074,
40.134,0.57025,0.21391,0.57071,0.1091,
40.234,0.57055,0.21388,0.57101,0.1107,
40.334,0.57084,0.21385,0.57130,0.1123,
40.434,0.57114,0.21382,0.57160,0.1140,
40.534,0.57144,0.21379,0.57190,0.1157,
40.634,0.57174,0.21376,0.57220,0.1173,
40.734,0.57204,0.21373,0.57250,0.1190,
40.834,0.57235,0.21370,0.57281,0.1207,
40.934,0.57265,0.21366,0.57311,0.1224,
41.034,0.57296,0.21363,0.57342,0.1241,
41.134,0.57327,0.21360,0.57373,0.1259,
41.234,0.57358,0.21357,0.57404,0.1276,
41.334,0.57389,0.21353,0.57435,0.1293,
41.434,0.57420,0.21350,0.57467,0.1311,
41.534,0.57452,0.21347,0.57498,0.1328,
41.634,0.57484,0.21344,0.57530,0.1346,
41.734,0.57515,0.21340,0.57562,0.1364,
41.834,0.57547,0.21337,0.57594,0.1382,
41.934,0.57580,0.21334,0.57626,0.1400,
42.034,0.57612,0.21330,0.57658,0.1418,
42.134,0.57644,0.21327,0.57691,0.1436,
42.234,0.57677,0.21324,0.57724,0.1454,
42.334,0.57710,0.21320,0.57756,0.1472,
42.434,0.57743,0.21317,0.57789,0.1491,
42.534,0.57776,0.21313,0.57823,0.1509,
42.634,0.57809,0.21310,0.57856,0.1528,
42.734,0.57843,0.21306,0.57889,0.1546,
42.834,0.57876,0.21303,0.57923,0.1565,
42.934,0.57910,0.21299,0.57957,0.1584,
43.034,0.57944,0.21296,0.57991,0.1603,
43.134,0.57978,0.21292,0.58025,0.1622,
43.234,0.58012,0.21289,0.58059,0.1641,
43.334,0.58046,0.21285,0.58093,0.1660,
43.434,0.58081,0.21281,0.58128,0.1679,
43.534,0.58116,0.21278,0.58162,0.1698,
43.634,0.58150,0.21274,0.58197,0.1718,
43.734,0.58185,0.21271,0.58232,0.1737,
43.834,0.58220,0.21267,0.58267,0.1757,
43.934,0.58255,0.21263,0.58302,0.1776,
44.034,0.58291,0.21260,0.58338,0.1796,
44.134,0.58326,0.21256,0.58373,0.1816,
44.234,0.58362,0.21252,0.58409,0.1836,
44.334,0.58397,0.21249,0.58444,0.1856,
44.434,0.58433,0.21245,0.58480,0.1876,
44.534,0.58469,0.21241,0.58516,0.1896,
44.634,0.58505,0.21237,0.58552,0.1916,
44.734,0.58542,0.21234,0.58589,0.1936,
44.834,0.58578,0.21230,0.58625,0.1956,
44.934,0.58614,0.21226,0.58662,0.1977,
45.034,0.58651,0.21222,0.58698,0.1997,
45.134,0.58688,0.21218,0.58735,0.2017,
45.234,0.58725,0.21214,0.58772,0.2038,
45.334,0.58762,0.21211,0.58809,0.2059,
45.434,0.58799,0.21207,0.58846,0.2079,
45.534,0.58836,0.21203,0.58884,0.2100,
45.634,0.58873,0.21199,0.58921,0.2121,
45.734,0.58911,0.21195,0.58958,0.2142,
45.834,0.58949,0.21191,0.58996,0.2163,
45.934,0.58986,0.21187,0.59034,0.2184,
46.034,0.59024,0.21183,0.59072,0.2205,
46.134,0.59062,0.21179,0.59110,0.2226,
46.234,0.59100,0.21175,0.59148,0.2247,
46.334,0.59139,0.21171,0.59186,0.2269,
46.434,0.59177,0.21167,0.59225,0.2290,
46.534,0.59215,0.21163,0.59263,0.2312,
46.634,0.59254,0.21159,0.59302,0.2333,
46.734,0.59292,0.21155,0.59340,0.2355,
46.834,0.59331,0.21151,0.59379,0.2376,
46.934,0.59370,0.21147,0.59418,0.2398,
47.034,0.59409,0.21143,0.59457,0.2420,
47.134,0.59448,0.21139,0.59496,0.2441,
47.234,0.59487,0.21135,0.59535,0.2463,
47.334,0.59527,0.21131,0.59575,0.2485,
47.434,0.59566,0.21127,0.59614,0.2507,
47.534,0.59606,0.21123,0.59654,0.2529,
47.634,0.59645,0.21119,0.59693,0.2551,
47.734,0.59685,0.21115,0.59733,0.2573,
47.834,0.59725,0.21110,0.59773,0.2596,
47.934,0.59765,0.21106,0.59813,0.2618,
48.034,0.59805,0.21102,0.59853,0.2640,
48.134,0.59845,0.21098,0.59893,0.2663,
48.234,0.59885,0.21094,0.59933,0.2685,
48.334,0.59925,0.21090,0.59974,0.2707,
48.434,0.59966,0.21085,0.60014,0.2730,
48.534,0.60006,0.21081,0.60055,0.2753,
48.634,0.60047,0.21077,0.60095,0.2775,
48.734,0.60088,0.21073,0.60136,0.2798,
48.834,0.60128,0.21068,0.60177,0.2821,
48.934,0.60169,0.21064,0.60218,0.2843,
49.034,0.60210,0.21060,0.60259,0.2866,
49.134,0.60251,0.21056,0.60300,0.2889,
49.234,0.60292,0.21051,0.60341,0.2912,
49.334,0.60334,0.21047,0.60382,0.2935,
49.434,0.60375,0.21043,0.60424,0.2958,
49.534,0.60416,0.21038,0.60465,0.2981,
49.634,0.60458,0.21034,0.60506,0.3004,
49.734,0.60499,0.21030,0.60548,0.3027,
49.834,0.60541,0.21025,0.60590,0.3051,
49.934,0.60583,0.21021,0.60631,0.3074,
50.034,0.60624,0.21017,0.60673,0.3097,
50.134,0.60666,0.21012,0.60715,0.3120,
50.234,0.60708,0.21008,0.60757,0.3144,
50.334,0.60750,0.21004,0.60799,0.3167,
50.434,0.60792,0.20999,0.60841,0.3191,
50.534,0.60834,0.20995,0.60883,0.3214,
50.634,0.60877,0.20991,0.60926,0.3238,
50.734,0.60919,0.20986,0.60968,0.3261,
50.834,0.60961,0.20982,0.61010,0.3285,
50.934,0.61004,0.20977,0.61053,0.3309,
51.034,0.61046,0.20973,0.61096,0.3332,
51.134,0.61089,0.20968,0.61138,0.3356,
51.234,0.61132,0.20964,0.61181,0.3380,
51.334,0.61174,0.20960,0.61224,0.3404,
51.434,0.61217,0.20955,0.61266,0.3428,
51.534,0.61260,0.20951,0.61309,0.3451,
51.634,0.61303,0.20946,0.61352,0.3475,
51.734,0.61346,0.20942,0.61395,0.3499,
51.834,0.61389,0.20937,0.61438,0.3523,
51.934,0.61432,0.20933,0.61481,0.3547,
52.034,0.61475,0.20928,0.61525,0.3571,
52.134,0.61518,0.20924,0.61568,0.3595,
52.234,0.61561,0.20919,0.61611,0.3620,
52.334,0.61605,0.20915,0.61654,0.3644,
52.434,0.61648,0.20910,0.61698,0.3668,
52.534,0.61692,0.20906,0.61741,0.3692,
52.634,0.61735,0.20901,0.61785,0.3716,
52.734,0.61779,0.20897,0.61828,0.3741,
52.834,0.61822,0.20892,0.61872,0.3765,
52.934,0.61866,0.20888,0.61916,0.3789,
53.034,0.61909,0.20883,0.61959,0.3814,
53.134,0.61953,0.20879,0.62003,0.3838,
53.234,0.61997,0.20874,0.62047,0.3862,
53.334,0.62041,0.20869,0.62091,0.3887,
53.434,0.62085,0.20865,0.62135,0.3911,
53.534,0.62129,0.20860,0.62179,0.3936,
53.634,0.62172,0.20856,0.62223,0.3960,
53.734,0.62216,0.20851,0.62267,0.3985,
53.834,0.62260,0.20847,0.62311,0.4009,
53.934,0.62305,0.20842,0.62355,0.4034,
54.034,0.62349,0.20837,0.62399,0.4058,
54.134,0.62393,0.20833,0.62443,0.4083,
54.234,0.62437,0.20828,0.62487,0.4108,
54.334,0.62481,0.20824,0.62532,0.4132,
54.434,0.62525,0.20819,0.62576,0.4157,
54.534,0.62570,0.20814,0.62620,0.4182,
54.634,0.62614,0.20810,0.62665,0.4206,
54.734,0.62658,0.20805,0.62709,0.4231,
54.834,0.62703,0.20800,0.62753,0.4256,
54.934,0.62747,0.20796,0.62798,0.4281,
55.034,0.62792,0.20791,0.62842,0.4305,
55.134,0.62836,0.20787,0.62887,0.4330,
55.234,0.62881,0.20782,0.62931,0.4355,
55.334,0.62925,0.20777,0.62976,0.4380,
55.434,0.62970,0.20773,0.63020,0.4405,
55.534,0.63014,0.20768,0.63065,0.4430,
55.634,0.63059,0.20763,0.63110,0.4454,
55.734,0.63103,0.20759,0.63154,0.4479,
55.834,0.63148,0.20754,0.63199,0.4504,
55.934,0.63193,0.20750,0.63244,0.4529,
56.034,0.63237,0.20745,0.63288,0.4554,
56.134,0.63282,0.20740,0.63333,0.4579,
56.234,0.63327,0.20736,0.63378,0.4604,
56.334,0.63372,0.20731,0.63423,0.4629,
56.434,0.63416,0.20726,0.63467,0.4654,
56.534,0.63461,0.20722,0.63512,0.4679,
56.634,0.63506,0.20717,0.63557,0.4704,
56.734,0.63551,0.20712,0.63602,0.4729,
56.834,0.63595,0.20708,0.63647,0.4753,
56.934,0.63640,0.20703,0.63692,0.4778,
57.034,0.63685,0.20698,0.63736,0.4803,
57.134,0.63730,0.20694,0.63781,0.4828,
57.234,0.63775,0.20689,0.63826,0.4853,
57.334,0.63819,0.20684,0.63871,0.4878,
57.434,0.63864,0.20680,0.63916,0.4903,
57.534,0.63909,0.20675,0.63961,0.4928,
57.634,0.63954,0.20670,0.64006,0.4953,
57.734,0.63999,0.20666,0.64050,0.4978,
57.834,0.64044,0.20661,0.64095,0.5003,
57.934,0.64088,0.20656,0.64140,0.5028,
58.034,0.64133,0.20652,0.64185,0.5053,
58.134,0.64178,0.20647,0.64230,0.5078,
58.234,0.64223,0.20642,0.64275,0.5103,
58.334,0.64268,0.20638,0.64320,0.5128,
58.434,0.64313,0.20633,0.64365,0.5153,
58.534,0.64357,0.20628,0.64409,0.5178,
58.634,0.64402,0.20624,0.64454,0.5203,
58.734,0.64447,0.20619,0.64499,0.5228,
58.834,0.64492,0.20614,0.64544,0.5253,
58.934,0.64537,0.20610,0.64589,0.5278,
59.034,0.64581,0.20605,0.64634,0.5303,
59.134,0.64626,0.20600,0.64678,0.5328,
59.234,0.64671,0.20596,0.64723,0.5353,
59.334,0.64716,0.20591,0.64768,0.5378,
59.434,0.64760,0.20586,0.64813,0.5403,
59.534,0.64805,0.20582,0.64857,0.5428,
59.634,0.64850,0.20577,0.64902,0.5453,
59.734,0.64894,0.20572,0.64947,0.5478,
59.834,0.64939,0.20568,0.64992,0.5503,
59.934,0.64984,0.20563,0.65036,0.5528,
60.034,0.65028,0.20558,0.65081,0.5552,
60.134,0.65073,0.20554,0.65125,0.5577,
60.234,0.65118,0.20549,0.65170,0.5602,
60.334,0.65162,0.20545,0.65215,0.5627,
60.434,0.65207,0.20540,0.65259,0.5652,
60.534,0.65251,0.20535,0.65304,0.5677,
60.634,0.65296,0.20531,0.65348,0.5701,
60.734,0.65340,0.20526,0.65393,0.5726,
60.834,0.65384,0.20521,0.65437,0.5751,
60.934,0.65429,0.20517,0.65482,0.5776,
61.034,0.65473,0.20512,0.65526,0.5800,
61.134,0.65517,0.20508,0.65570,0.5825,
61.234,0.65562,0.20503,0.65615,0.5850,
61.334,0.65606,0.20498,0.65659,0.5874,
61.434,0.65650,0.20494,0.65703,0.5899,
61.534,0.65694,0.20489,0.65747,0.5924,
61.634,0.65738,0.20485,0.65791,0.5948,
61.734,0.65783,0.20480,0.65836,0.5973,
61.834,0.65827,0.20475,0.65880,0.5997,
61.934,0.65871,0.20471,0.65924,0.6022,
62.034,0.65915,0.20466,0.65968,0.6046,
62.134,0.65959,0.20462,0.66012,0.6071,
62.234,0.66002,0.20457,0.66056,0.6095,
62.334,0.66046,0.20453,0.66100,0.6120,
62.434,0.66090,0.20448,0.66143,0.6144,
62.534,0.66134,0.20443,0.66187,0.6169,
62.634,0.66178,0.20439,0.66231,0.6193,
62.734,0.66221,0.20434,0.66275,0.6217,
62.834,0.66265,0.20430,0.66318,0.6242,
62.934,0.66308,0.20425,0.66362,0.6266,
63.034,0.66352,0.20421,0.66405,0.6290,
63.134,0.66395,0.20416,0.66449,0.6315,
63.234,0.66439,0.20412,0.66492,0.6339,
63.334,0.66482,0.20407,0.66536,0.6363,
63.434,0.66525,0.20403,0.66579,0.6387,
63.534,0.66569,0.20398,0.66622,0.6411,
63.634,0.66612,0.20394,0.66666,0.6435,
63.734,0.66655,0.20389,0.66709,0.6459,
63.834,0.66698,0.20385,0.66752,0.6483,
63.934,0.66741,0.20380,0.66795,0.6507,
64.034,0.66784,0.20376,0.66838,0.6531,
64.134,0.66827,0.20371,0.66881,0.6555,
64.234,0.66870,0.20367,0.66924,0.6579,
64.334,0.66913,0.20362,0.66966,0.6603,
64.434,0.66955,0.20358,0.67009,0.6627,
64.534,0.66998,0.20354,0.67052,0.6650,
64.634,0.67040,0.20349,0.67094,0.6674,
64.734,0.67083,0.20345,0.67137,0.6698,
64.834,0.67125,0.20340,0.67179,0.6721,
64.934,0.67168,0.20336,0.67222,0.6745,
65.034,0.67210,0.20331,0.67264,0.6769,
65.134,0.67252,0.20327,0.67306,0.6792,
65.234,0.67294,0.20323,0.67349,0.6816,
65.334,0.67336,0.20318,0.67391,0.6839,
65.434,0.67378,0.20314,0.67433,0.6863,
65.534,0.67420,0.20310,0.67475,0.6886,
65.634,0.67462,0.20305,0.67517,0.6909,
65.734,0.67504,0.20301,0.67558,0.6933,
65.834,0.67546,0.20297,0.67600,0.6956,
65.934,0.67587,0.20292,0.67642,0.6979,
66.034,0.67629,0.20288,0.67683,0.7002,
66.134,0.67670,0.20284,0.67725,0.7025,
66.234,0.67711,0.20279,0.67766,0.7048,
66.334,0.67753,0.20275,0.67807,0.7071,
66.434,0.67794,0.20271,0.67849,0.7094,
66.534,0.67835,0.20266,0.67890,0.7117,
66.634,0.67876,0.20262,0.67931,0.7140,
66.734,0.67917,0.20258,0.67972,0.7163,
66.834,0.67958,0.20254,0.68013,0.7186,
66.934,0.67999,0.20249,0.68053,0.7208,
67.034,0.68039,0.20245,0.68094,0.7231,
67.134,0.68080,0.20241,0.68135,0.7254,
67.234,0.68120,0.20237,0.68175,0.7276,
67.334,0.68161,0.20233,0.68216,0.7299,
67.434,0.68201,0.20228,0.68256,0.7321,
67.534,0.68241,0.20224,0.68296,0.7344,
67.634,0.68281,0.20220,0.68336,0.7366,
67.734,0.68321,0.20216,0.68376,0.7388,
67.834,0.68361,0.20212,0.68416,0.7410,
67.934,0.68401,0.20208,0.68456,0.7433,
68.034,0.68441,0.20203,0.68496,0.7455,
68.134,0.68480,0.20199,0.68535,0.7477,
68.234,0.68520,0.20195,0.68575,0.7499,
68.334,0.68559,0.20191,0.68614,0.7521,
68.434,0.68598,0.20187,0.68654,0.7543,
68.534,0.68638,0.20183,0.68693,0.7565,
68.634,0.68677,0.20179,0.68732,0.7586,
68.734,0.68716,0.20175,0.68771,0.7608,
68.834,0.68754,0.20171,0.68810,0.7630,
68.934,0.68793,0.20167,0.68849,0.7651,
69.034,0.68832,0.20163,0.68887,0.7673,
69.134,0.68870,0.20159,0.68926,0.7694,
69.234,0.68909,0.20155,0.68964,0.7716,
69.334,0.68947,0.20151,0.69003,0.7737,
69.434,0.68985,0.20147,0.69041,0.7758,
69.534,0.69023,0.20143,0.69079,0.7780,
69.634,0.69061,0.20139,0.69117,0.7801,
69.734,0.69099,0.20135,0.69155,0.7822,
69.834,0.69137,0.20131,0.69193,0.7843,
69.934,0.69174,0.20127,0.69230,0.7864,
70.034,0.69212,0.20123,0.69268,0.7885,
70.134,0.69249,0.20119,0.69305,0.7906,
70.234,0.69286,0.20115,0.69342,0.7926,
70.334,0.69323,0.20111,0.69379,0.7947,
70.434,0.69360,0.20108,0.69416,0.7968,
70.534,0.69397,0.20104,0.69453,0.7988,
70.634,0.69434,0.20100,0.69490,0.8009,
70.734,0.69471,0.20096,0.69527,0.8029,
70.834,0.69507,0.20092,0.69563,0.8049,
70.934,0.69543,0.20089,0.69600,0.8070,
71.034,0.69580,0.20085,0.69636,0.8090,
71.134,0.69616,0.20081,0.69672,0.8110,
71.234,0.69652,0.20077,0.69708,0.8130,
71.334,0.69687,0.20074,0.69744,0.8150,
71.434,0.69723,0.20070,0.69779,0.8170,
71.534,0.69759,0.20066,0.69815,0.8190,
71.634,0.69794,0.20063,0.69850,0.8209,
71.734,0.69829,0.20059,0.69886,0.8229,
71.834,0.69864,0.20055,0.69921,0.8249,
71.934,0.69899,0.20052,0.69956,0.8268,
72.034,0.69934,0.20048,0.69991,0.8288,
72.134,0.69969,0.20044,0.70026,0.8307,
72.234,0.70004,0.20041,0.70060,0.8326,
72.334,0.70038,0.20037,0.70095,0.8345,
72.434,0.70072,0.20034,0.70129,0.8364,
72.534,0.70106,0.20030,0.70163,0.8383,
72.634,0.70140,0.20026,0.70197,0.8402,
72.734,0.70174,0.20023,0.70231,0.8421,
72.834,0.70208,0.20019,0.70265,0.8440,
72.934,0.70241,0.20016,0.70298,0.8459,
73.034,0.70275,0.20012,0.70332,0.8477,
73.134,0.70308,0.20009,0.70365,0.8496,
73.234,0.70341,0.20006,0.70398,0.8514,
73.334,0.70374,0.20002,0.70431,0.8533,
73.434,0.70407,0.19999,0.70464,0.8551,
73.534,0.70439,0.19995,0.70496,0.8569,
73.634,0.70472,0.19992,0.70529,0.8587,
73.734,0.70504,0.19989,0.70561,0.8605,
73.834,0.70536,0.19985,0.70593,0.8623,
73.934,0.70568,0.19982,0.70625,0.8641,
74.034,0.70600,0.19979,0.70657,0.8659,
74.134,0.70632,0.19975,0.70689,0.8676,
74.234,0.70663,0.19972,0.70720,0.8694,
74.334,0.70695,0.19969,0.70752,0.8711,
74.434,0.70726,0.19966,0.70783,0.8729,
74.534,0.70757,0.19962,0.70814,0.8746,
74.634,0.70788,0.19959,0.70845,0.8763,
74.734,0.70818,0.19956,0.70876,0.8780,
74.834,0.70849,0.19953,0.70906,0.8797,
74.934,0.70879,0.19950,0.70936,0.8814,
75.034,0.70909,0.19946,0.70967,0.8831,
75.134,0.70939,0.19943,0.70997,0.8848,
75.234,0.70969,0.19940,0.71027,0.8864,
75.334,0.70999,0.19937,0.71056,0.8881,
75.434,0.71028,0.19934,0.71086,0.8897,
75.534,0.71058,0.19931,0.71115,0.8914,
75.634,0.71087,0.19928,0.71144,0.8930,
75.734,0.71116,0.19925,0.71173,0.8946,
75.834,0.71144,0.19922,0.71202,0.8962,
75.934,0.71173,0.19919,0.71231,0.8978,
76.034,0.71201,0.19916,0.71259,0.8994,
76.134,0.71230,0.19913,0.71287,0.9010,
76.234,0.71258,0.19910,0.71315,0.9025,
76.334,0.71286,0.19907,0.71343,0.9041,
76.434,0.71313,0.19904,0.71371,0.9056,
76.534,0.71341,0.19902,0.71398,0.9072,
76.634,0.71368,0.19899,0.71426,0.9087,
76.734,0.71395,0.19896,0.71453,0.9102,
76.834,0.71422,0.19893,0.71480,0.9117,
76.934,0.71449,0.19890,0.71506,0.9132,
77.034,0.71475,0.19888,0.71533,0.9147,
77.134,0.71502,0.19885,0.71559,0.9161,
77.234,0.71528,0.19882,0.71586,0.9176,
77.334,0.71554,0.19879,0.71612,0.9190,
77.434,0.71580,0.19877,0.71637,0.9205,
77.534,0.71605,0.19874,0.71663,0.9219,
77.634,0.71631,0.19871,0.71688,0.9233,
77.734,0.71656,0.19869,0.71714,0.9247,
77.834,0.71681,0.19866,0.71739,0.9261,
77.934,0.71706,0.19864,0.71763,0.9275,
78.034,0.71730,0.19861,0.71788,0.9289,
78.134,0.71754,0.19859,0.71812,0.9302,
78.234,0.71779,0.19856,0.71837,0.9316,
78.334,0.71803,0.19853,0.71861,0.9329,
78.434,0.71826,0.19851,0.71884,0.9342,
78.534,0.71850,0.19849,0.71908,0.9356,
78.634,0.71873,0.19846,0.71931,0.9369,
78.734,0.71896,0.19844,0.71955,0.9381,
78.834,0.71919,0.19841,0.71978,0.9394,
78.934,0.71942,0.19839,0.72000,0.9407,
79.034,0.71965,0.19837,0.72023,0.9419,
79.134,0.71987,0.19834,0.72045,0.9432,
79.234,0.72009,0.19832,0.72067,0.9444,
79.334,0.72031,0.19830,0.72089,0.9456,
79.434,0.72053,0.19827,0.72111,0.9469,
79.534,0.72074,0.19825,0.72132,0.9480,
79.634,0.72095,0.19823,0.72154,0.9492,
79.734,0.72116,0.19821,0.72175,0.9504,
79.834,0.72137,0.19819,0.72195,0.9516,
79.934,0.72158,0.19817,0.72216,0.9527,
80.034,0.72178,0.19814,0.72236,0.9538,
80.134,0.72198,0.19812,0.72257,0.9550,
80.234,0.72218,0.19810,0.72277,0.9561,
80.334,0.72238,0.19808,0.72296,0.9572,
80.434,0.72257,0.19806,0.72316,0.9583,
80.534,0.72277,0.19804,0.72335,0.9593,
80.634,0.72296,0.19802,0.72354,0.9604,
80.734,0.72314,0.19800,0.72373,0.9614,
80.834,0.72333,0.19798,0.72391,0.9625,
80.934,0.72351,0.19796,0.72410,0.9635,
81.034,0.72369,0.19795,0.72428,0.9645,
81.134,0.72387,0.19793,0.72446,0.9655,
81.234,0.72405,0.19791,0.72463,0.9665,
81.334,0.72422,0.19789,0.72481,0.9675,
81.434,0.72440,0.19787,0.72498,0.9684,
81.534,0.72457,0.19785,0.72515,0.9694,
81.634,0.72473,0.19784,0.72532,0.9703,
81.734,0.72490,0.19782,0.72548,0.9712,
81.834,0.72506,0.19780,0.72564,0.9721,
81.934,0.72522,0.19779,0.72580,0.9730,
82.034,0.72538,0.19777,0.72596,0.9739,
82.134,0.72553,0.19775,0.72612,0.9748,
82.234,0.72568,0.19774,0.72627,0.9756,
82.334,0.72583,0.19772,0.72642,0.9764,
82.434,0.72598,0.19771,0.72657,0.9773,
82.534,0.72613,0.19769,0.72671,0.9781,
82.634,0.72627,0.19768,0.72686,0.9789,
82.734,0.72641,0.19766,0.72700,0.9797,
82.834,0.72655,0.19765,0.72714,0.9804,
82.934,0.72668,0.19763,0.72727,0.9812,
83.034,0.72682,0.19762,0.72740,0.9819,
83.134,0.72695,0.19761,0.72754,0.9827,
83.234,0.72708,0.19759,0.72766,0.9834,
83.334,0.72720,0.19758,0.72779,0.9841,
83.434,0.72732,0.19757,0.72791,0.9847,
83.534,0.72744,0.19755,0.72803,0.9854,
83.634,0.72756,0.19754,0.72815,0.9861,
83.734,0.72768,0.19753,0.72826,0.9867,
83.834,0.72779,0.19752,0.72838,0.9873,
83.934,0.72790,0.19751,0.72849,0.9880,
84.034,0.72801,0.19750,0.72859,0.9886,
84.134,0.72811,0.19749,0.72870,0.9891,
84.234,0.72821,0.19747,0.72880,0.9897,
84.334,0.72831,0.19746,0.72890,0.9903,
84.434,0.72841,0.19745,0.72900,0.9908,
84.534,0.72850,0.19744,0.72909,0.9913,
84.634,0.72860,0.19743,0.72918,0.9918,
84.734,0.72868,0.19743,0.72927,0.9923,
84.834,0.72877,0.19742,0.72936,0.9928,
84.934,0.72885,0.19741,0.72944,0.9933,
85.034,0.72894,0.19740,0.72952,0.9937,
85.134,0.72901,0.19739,0.72960,0.9942,
85.234,0.72909,0.19738,0.72968,0.9946,
85.334,0.72916,0.19738,0.72975,0.9950,
85.434,0.72923,0.19737,0.72982,0.9954,
85.534,0.72930,0.19736,0.72989,0.9958,
85.634,0.72936,0.19736,0.72995,0.9961,
85.734,0.72942,0.19735,0.73001,0.9965,
85.834,0.72948,0.19734,0.73007,0.9968,
85.934,0.72954,0.19734,0.73013,0.9971,
86.034,0.72959,0.19733,0.73018,0.9974,
86.134,0.72964,0.19733,0.73023,0.9977,
86.234,0.72969,0.19732,0.73028,0.9979,
86.334,0.72974,0.19732,0.73032,0.9982,
86.434,0.72978,0.19731,0.73037,0.9984,
86.534,0.72982,0.19731,0.73041,0.9986,
86.634,0.72985,0.19730,0.73044,0.9988,
86.734,0.72989,0.19730,0.73047,0.9990,
86.834,0.72992,0.19730,0.73051,0.9992,
86.934,0.72994,0.19729,0.73053,0.9994,
87.034,0.72997,0.19729,0.73056,0.9995,
87.134,0.72999,0.19729,0.73058,0.9996,
87.234,0.73001,0.19729,0.73060,0.9997,
87.334,0.73002,0.19729,0.73061,0.9998,
87.434,0.73004,0.19728,0.73063,0.9999,
87.534,0.73005,0.19728,0.73064,0.9999,
87.634,0.73005,0.19728,0.73064,1.0000,
87.734,0.73006,0.19728,0.73065,1.0000,
87.834,0.73006,0.19728,0.73065,1.0000,
87.934,0.73006,0.19728,0.73065,1.0000,
88.034,0.73006,0.19728,0.73065,1.0000,
88.134,0.73006,0.19728,0.73065,1.0000,
88.234,0.73006,0.19728,0.73065,1.0000,
88.334,0.73006,0.19728,0.73065,1.0000,
88.434,0.73006,0.19728,0.73065,1.0000,
88.534,0.73006,0.19728,0.73065,1.0000,
88.634,0.73006,0.19728,0.73065,1.0000,
88.734,0.73006,0.19728,0.73065,1.0000,
88.834,0.73006,0.19728,0.73065,1.0000,
88.934,0.73006,0.19728,0.73065,1.0000,
89.034,0.73006,0.19728,0.73065,1.0000,
89.134,0.73006,0.19728,0.73065,1.0000,
89.234,0.73006,0.19728,0.73065,1.0000,
89.334,0.73006,0.19728,0.73065,1.0000,
89.434,0.73006,0.19728,0.73065,1.0000,
89.534,0.73006,0.19728,0.73065,1.0000,
89.634,0.73006,0.19728,0.73065,1.0000,
89.734,0.73006,0.19728,0.73065,1.0000,
89.834,0.73006,0.19728,0.73065,1.0000,
89.934,0.73006,0.19728,0.73065,1.0000,
90.034,0.73006,0.19728,0.73065,1.0000,
90.134,0.73006,0.19728,0.73065,1.0000,
90.234,0.73006,0.19728,0.73065,1.0000,
90.334,0.73006,0.19728,0.73065,1.0000,
90.434,0.73006,0.19728,0.73065,1.0000,
90.534,0.73006,0.19728,0.73065,1.0000,
90.634,0.73006,0.19728,0.73065,1.0000,
90.734,0.73006,0.19728,0.73065,1.0000,
90.834,0.73006,0.19728,0.73065,1.0000,
90.934,0.73006,0.19728,0.73065,1.0000,
91.034,0.73006,0.19728,0.73065,1.0000,
91.134,0.73006,0.19728,0.73065,1.0000,
91.234,0.73006,0.19728,0.73065,1.0000,
91.334,0.73006,0.19728,0.73065,1.0000,
91.434,0.73006,0.19728,0.73065,1.0000,
91.534,0.73006,0.19728,0.73065,1.0000,
91.634,0.73006,0.19728,0.73065,1.0000,
91.734,0.73006,0.19728,0.73065,1.0000,
91.834,0.73006,0.19728,0.73065,1.0000,
91.934,0.73006,0.19728,0.73065,1.0000,
92.034,0.73006,0.19728,0.73065,1.0000,
92.134,0.73006,0.19728,0.73065,1.0000,
92.234,0.73006,0.19728,0.73065,1.0000,
92.334,0.73006,0.19728,0.73065,1.0000,
92.434,0.73006,0.19728,0.73065,1.0000,
92.534,0.73006,0.19728,0.73065,1.0000,
92.634,0.73006,0.19728,0.73065,1.0000,
92.734,0.73006,0.19728,0.73065,1.0000,
92.834,0.73006,0.19728,0.73065,1.0000,
92.934,0.73006,0.19728,0.73065,1.0000,
93.034,0.73006,0.19728,0.73065,1.0000,
93.134,0.73006,0.19728,0.73065,1.0000,
93.234,0.73006,0.19728,0.73065,1.0000,
93.334,0.73006,0.19728,0.73065,1.0000,
93.434,0.73006,0.19728,0.73065,1.0000,
93.534,0.73006,0.19728,0.73065,1.0000,
93.634,0.73006,0.19728,0.73065,1.0000,
93.734,0.73006,0.19728,0.73065,1.0000,
93.834,0.73006,0.19728,0.73065,1.0000,
93.934,0.73006,0.19728,0.73065,1.0000,
94.034,0.73006,0.19728,0.73065,1.0000,
94.134,0.73006,0.19728,0.73065,1.0000,
94.234,0.73006,0.19728,0.73065,1.0000,
94.334,0.73006,0.19728,0.73065,1.0000,
94.434,0.73006,0.19728,0.73065,1.0000,
94.534,0.73006,0.19728,0.73065,1.0000,
94.634,0.73006,0.19728,0.73065,1.0000,
94.734,0.73006,0.19728,0.73065,1.0000,
94.834,0.73006,0.19728,0.73065,1.0000,
94.934,0.73006,0.19728,0.73065,1.0000,
95.034,0.73006,0.19728,0.73065,1.0000,
95.134,0.73006,0.19728,0.73065,1.0000,
95.234,0.73006,0.19728,0.73065,1.0000,
95.334,0.73006,0.19728,0.73065,1.0000,
95.434,0.73006,0.19728,0.73065,1.0000,
95.534,0.73006,0.19728,0.73065,1.0000,
95.634,0.73006,0.19728,0.73065,1.0000,
95.734,0.73006,0.19728,0.73065,1.0000,
95.834,0.73006,0.19728,0.73065,1.0000,
95.934,0.73006,0.19728,0.73065,1.0000,
96.034,0.73006,0.19728,0.73065,1.0000,
96.134,0.73006,0.19728,0.73065,1.0000,
96.234,0.73006,0.19728,0.73065,1.0000,
96.334,0.73006,0.19728,0.73065,1.0000,
96.434,0.73006,0.19728,0.73065,1.0000,
96.534,0.73006,0.19728,0.73065,1.0000,
96.634,0.73006,0.19728,0.73065,1.0000,
96.734,0.73006,0.19728,0.73065,1.0000,
96.834,0.73006,0.19728,0.73065,1.0000,
96.934,0.73006,0.19728,0.73065,1.0000,
97.034,0.73006,0.19728,0.73065,1.0000,
97.134,0.73006,0.19728,0.73065,1.0000,
97.234,0.73006,0.19728,0.73065,1.0000,
97.334,0.73006,0.19728,0.73065,1.0000,
97.434,0.73006,0.19728,0.73065,1.0000,
97.534,0.73006,0.19728,0.73065,1.0000,
97.634,0.73006,0.19728,0.73065,1.0000,
97.734,0.73006,0.19728,0.73065,1.0000,
97.834,0.73006,0.19728,0.73065,1.0000,
97.934,0.73006,0.19728,0.73065,1.0000,
98.034,0.73006,0.19728,0.73065,1.0000,
98.134,0.73006,0.19728,0.73065,1.0000,
98.234,0.73006,0.19728,0.73065,1.0000,
98.334,0.73006,0.19728,0.73065,1.0000,
98.434,0.73006,0.19728,0.73065,1.0000,
98.534,0.73006,0.19728,0.73065,1.0000,
98.634,0.73006,0.19728,0.73065,1.0000,
98.734,0.73006,0.19728,0.73065,1.0000,
98.834,0.73006,0.19728,0.73065,1.0000,
98.934,0.73006,0.19728,0.73065,1.0000,
99.034,0.73006,0.19728,0.73065,1.0000,
99.134,0.73006,0.19728,0.73065,1.0000,
99.234,0.73006,0.19728,0.73065,1.0000,
99.334,0.73006,0.19728,0.73065,1.0000,
99.434,0.73006,0.19728,0.73065,1.0000,
99.534,0.73006,0.19728,0.73065,1.0000,
99.634,0.73006,0.19728,0.73065,1.0000,
99.734,0.73006,0.19728,0.73065,1.0000,
99.834,0.73006,0.19728,0.73065,1.0000,
99.934,0.73006,0.19728,0.73065,1.0000,
100.034,0.73006,0.19728,0.73065,1.0000,
100.134,0.73006,0.19728,0.73065,1.0000,
100.234,0.73006,0.19728,0.73065,1.0000,
100.334,0.73006,0.19728,0.73065,1.0000,
100.434,0.73006,0.19728,0.73065,1.0000,
100.534,0.73006,0.19728,0.73065,1.0000,
100.634,0.73006,0.19728,0.73065,1.0000,
100.734,0.73006,0.19728,0.73065,1.0000,
100.834,0.73006,0.19728,0.73065,1.0000,
100.934,0.73006,0.19728,0.73065,1.0000,
101.034,0.73006,0.19728,0.73065,1.0000,
101.134,0.73006,0.19728,0.73065,1.0000,
101.234,0.73006,0.19728,0.73065,1.0000,
101.334,0.73006,0.19728,0.73065,1.0000,
101.434,0.73006,0.19728,0.73065,1.0000,
101.534,0.73006,0.19728,0.73065,1.0000,
101.634,0.73006,0.19728,0.73065,1.0000,
101.734,0.73006,0.19728,0.73065,1.0000,
101.834,0.73006,0.19728,0.73065,1.0000,
101.934,0.73006,0.19728,0.73065,1.0000,
102.034,0.73006,0.19728,0.73065,1.0000,
102.134,0.73006,0.19728,0.73065,1.0000,
102.234,0.73006,0.19728,0.73065,1.0000,
102.334,0.73006,0.19728,0.73065,1.0000,
102.434,0.73006,0.19728,0.73065,1.0000,
102.534,0.73006,0.19728,0.73065,1.0000,
102.634,0.73006,0.19728,0.73065,1.0000,
102.734,0.73006,0.19728,0.73065,1.0000,
102.834,0.73006,0.19728,0.73065,1.0000,
102.934,0.73006,0.19728,0.73065,1.0000,
103.034,0.73006,0.19728,0.73065,1.0000,
103.134,0.73006,0.19728,0.73065,1.0000,
103.234,0.73006,0.19728,0.73065,1.0000,
103.334,0.73006,0.19728,0.73065,1.0000,
103.434,0.73006,0.19728,0.73065,1.0000,
103.534,0.73006,0.19728,0.73065,1.0000,
103.634,0.73006,0.19728,0.73065,1.0000,
103.734,0.73006,0.19728,0.73065,1.0000,
103.834,0.73006,0.19728,0.73065,1.0000,
103.934,0.73006,0.19728,0.73065,1.0000,
104.034,0.73006,0.19728,0.73065,1.0000,
104.134,0.73006,0.19728,0.73065,1.0000,
104.234,0.73006,0.19728,0.73065,1.0000,
104.334,0.73006,0.19728,0.73065,1.0000,
104.434,0.73006,0.19728,0.73065,1.0000,
104.534,0.73006,0.19728,0.73065,1.0000,
104.634,0.73006,0.19728,0.73065,1.0000,
104.734,0.73006,0.19728,0.73065,1.0000,
104.834,0.73006,0.19728,0.73065,1.0000,
104.934,0.73006,0.19728,0.73065,1.0000,
105.034,0.73006,0.19728,0.73065,1.0000,
105.134,0.73006,0.19728,0.73065,1.0000,
105.234,0.73006,0.19728,0.73065,1.0000,
105.334,0.73006,0.19728,0.73065,1.0000,
105.434,0.73006,0.19728,0.73065,1.0000,
105.534,0.73006,0.19728,0.73065,1.0000,
105.634,0.73006,0.19728,0.73065,1.0000,
105.734,0.73006,0.19728,0.73065,1.0000,
105.834,0.73006,0.19728,0.73065,1.0000,
105.934,0.73006,0.19728,0.73065,1.0000,
106.034,0.73006,0.19728,0.73065,1.0000,
106.134,0.73006,0.19728,0.73065,1.0000,
106.234,0.73006,0.19728,0.73065,1.0000,
106.334,0.73006,0.19728,0.73065,1.0000,
106.434,0.73006,0.19728,0.73065,1.0000,
106.534,0.73006,0.19728,0.73065,1.0000,
106.634,0.73006,0.19728,0.73065,1.0000,
106.734,0.73006,0.19728,0.73065,1.0000,
106.834,0.73006,0.19728,0.73065,1.0000,
106.934,0.73006,0.19728,0.73065,1.0000,
107.034,0.73006,0.19728,0.73065,1.0000,
107.134,0.73006,0.19728,0.73065,1.0000,
107.234,0.73006,0.19728,0.73065,1.0000,
107.334,0.73006,0.19728,0.73065,1.0000,
107.434,0.73006,0.19728,0.73065,1.0000,
107.534,0.73006,0.19728,0.73065,1.0000,
107.634,0.73006,0.19728,0.73065,1.0000,
107.734,0.73006,0.19728,0.73065,1.0000,
107.834,0.73006,0.19728,0.73065,1.0000,
