location,hour,commit,h_mean,h_p10,h_p50,h_p90,src_n,src_density_km2,src_w0_mean,src_w0_p10,src_w0_p90,ceil_p10,ceil_p50,ceil_p90,water_frac,water_h,water_t,t_air,h_forest,frac_forest,h_grass,frac_grass,h_crop,frac_crop,h_shrub,frac_shrub,h_bare,frac_bare,h_water,frac_water,h_built,frac_built,h_snow,frac_snow,h_none,frac_none,slope_w_mean,slope_w_max,lee_w_min,lee_sigma_w,wall_s
altai,9.0,0d62a8d3,97.82,57.26,93.22,148.06,1110,3.533,1.22,1.05,1.39,404.04,500.09,611.79,0.0283,33.0,,20.8251212479454,102.14,0.7384,92.63,0.2242,94.18,0.0015,,,58.12,0.001,32.98,0.0283,77.11,0.0066,,,,,0.331,0.331,-0.612,0.623,22.7
altai,12.0,0d62a8d3,220.92,151.12,211.54,311.56,675,2.149,2.77,2.54,2.99,1792.64,2103.42,2292.95,0.0283,78.0,,24.2945689245802,232.84,0.7384,200.65,0.2242,211.7,0.0015,,,176.53,0.001,77.98,0.0283,197.9,0.0066,,,,,0.311,0.311,-0.438,0.657,23.5
altai,15.0,0d62a8d3,240.12,164.1,233.48,333.68,506,1.611,2.98,2.78,3.19,1992.77,2318.44,2512.65,0.0283,83.0,,25.9262147072478,255.49,0.7384,209.9,0.2242,227.62,0.0015,,,216.07,0.001,83.02,0.0283,228.45,0.0066,,,,,0.29,0.29,-0.42,0.523,18.5
aushkul,9.0,0d62a8d3,108.06,79.92,105.75,141.61,1876,5.971,1.36,1.23,1.47,400.56,514.6,591.59,0.0157,13.3,,21.3785636207193,120.97,0.4307,100.69,0.5536,,,,,,,13.32,0.0157,,,,,,,0.861,0.861,-0.922,1.34,18.5
aushkul,12.0,0d62a8d3,210.69,158.39,207.41,272.27,530,1.687,2.84,2.67,3.01,2067.93,2312.08,2377.14,0.0157,26.4,,24.5779242763216,240.37,0.4307,192.83,0.5536,,,,,,,26.37,0.0157,,,,,,,0.546,0.546,-0.68,0.687,13.9
aushkul,15.0,0d62a8d3,211.89,156.97,208.82,277.94,455,1.448,2.96,2.77,3.14,2331.85,2534.44,2593.98,0.0157,22.0,,25.968218760856,245.9,0.4307,190.82,0.5536,,,,,,,22.03,0.0157,,,,,,,0.545,0.545,-0.672,0.678,13.6
ongudai,9.0,0d62a8d3,94.51,47.41,84.01,158.46,744,2.368,1.18,1.0,1.36,308.7,442.76,560.14,0.0,,,20.7736969055296,109.4,0.5015,79.56,0.4939,74.51,0.001,,,,,,,78.14,0.0035,,,,,0.782,0.782,,,17.4
ongudai,12.0,0d62a8d3,215.53,133.12,196.56,332.04,672,2.139,2.86,2.6,3.13,1828.41,2102.7,2520.37,0.0,,,24.2833195334497,249.21,0.5015,181.58,0.4939,159.62,0.001,,,,,,,196.02,0.0035,,,,,0.912,0.912,-0.82,0.576,33.6
ongudai,15.0,0d62a8d3,231.99,139.68,214.76,357.02,461,1.467,3.06,2.82,3.32,2196.19,2485.4,2833.37,0.0,,,25.928340098346,272.59,0.5015,190.98,0.4939,163.05,0.001,,,,,,,221.98,0.0035,,,,,0.91,0.91,,,17.3
