step,train_loss,nll,div,val_loss,lr,time_s
1,5.17104,5.17048,0.02793,,1.111e-05,1.0
2,5.15651,5.15612,0.01966,,2.222e-05,1.0
3,5.14819,5.14782,0.01862,,3.333e-05,1.1
4,5.18033,5.17968,0.03254,,4.444e-05,1.2
5,5.13917,5.13875,0.02111,,5.556e-05,1.3
6,5.17423,5.17394,0.01439,,6.667e-05,1.4
7,5.13531,5.13506,0.01220,,7.778e-05,1.5
8,5.16173,5.16164,0.00443,,8.889e-05,1.7
9,5.16591,5.16583,0.00427,,1.000e-04,1.8
10,5.13501,5.13496,0.00255,,1.111e-04,1.9
20,5.08252,5.08247,0.00224,,2.222e-04,3.0
30,4.28507,4.28420,0.04341,,3.333e-04,4.0
40,44.61154,44.60861,0.14638,,4.444e-04,5.1
50,3.97592,3.97576,0.00794,,5.556e-04,6.2
60,3.84764,3.84751,0.00631,,6.667e-04,7.4
70,3.81191,3.81174,0.00851,,7.778e-04,8.4
80,3.88842,3.88824,0.00878,,8.889e-04,9.5
90,3.64691,3.64682,0.00482,,1.000e-03,10.6
100,3.94438,3.94428,0.00496,,1.111e-03,11.6
110,4.11917,4.11900,0.00843,,1.222e-03,12.7
120,3.69474,3.69402,0.03605,,1.333e-03,13.8
130,3.67366,3.67308,0.02890,,1.444e-03,14.8
140,3.68655,3.68619,0.01772,,1.556e-03,15.8
150,3.39306,3.39271,0.01760,,1.667e-03,16.9
160,3.47396,3.47379,0.00883,,1.778e-03,18.0
170,3.55315,3.55288,0.01358,,1.889e-03,19.0
180,3.52154,3.52119,0.01768,,2.000e-03,20.0
190,3.74194,3.74132,0.03079,,2.000e-03,21.2
200,3.99994,3.99878,0.05805,,2.000e-03,22.2
210,3.77481,3.77434,0.02383,,2.000e-03,23.3
220,3.76689,3.76655,0.01673,,2.000e-03,24.4
230,3.45255,3.45187,0.03404,,2.000e-03,25.5
240,3.52879,3.52850,0.01486,,2.000e-03,26.6
250,3.43368,3.43332,0.01772,,1.999e-03,27.6
260,3.42489,3.42447,0.02103,,1.999e-03,28.7
270,3.22300,3.22270,0.01511,,1.999e-03,29.8
280,3.61783,3.61756,0.01327,,1.999e-03,30.9
290,3.42369,3.42348,0.01037,,1.998e-03,32.0
300,3.22743,3.22691,0.02605,,1.998e-03,33.1
310,3.59233,3.59189,0.02196,,1.998e-03,34.2
320,3.28751,3.28724,0.01341,,1.997e-03,35.2
330,3.27180,3.27139,0.02011,,1.997e-03,36.3
340,3.21922,3.21893,0.01437,,1.996e-03,37.4
350,3.19032,3.18994,0.01888,,1.996e-03,38.5
360,3.33912,3.33885,0.01342,,1.995e-03,39.6
370,3.45822,3.45785,0.01875,,1.995e-03,40.7
380,3.62955,3.62907,0.02410,,1.994e-03,41.7
390,3.35390,3.35352,0.01910,,1.994e-03,42.8
400,3.44600,3.44583,0.00886,,1.993e-03,43.8
410,3.36970,3.36946,0.01202,,1.993e-03,44.9
420,3.50201,3.50182,0.00928,,1.992e-03,46.0
430,3.35457,3.35434,0.01139,,1.991e-03,47.1
440,3.52309,3.52286,0.01188,,1.990e-03,48.1
450,3.33423,3.33393,0.01472,,1.990e-03,49.1
460,3.32511,3.32474,0.01852,,1.989e-03,50.0
470,3.43052,3.43022,0.01485,,1.988e-03,51.0
480,3.38536,3.38509,0.01326,,1.987e-03,51.9
490,3.29657,3.29627,0.01523,,1.986e-03,52.9
500,3.18230,3.18207,0.01136,,1.986e-03,53.9
510,3.21794,3.21772,0.01110,,1.985e-03,54.8
520,2.89236,2.89210,0.01300,,1.984e-03,55.9
530,3.49829,3.49785,0.02211,,1.983e-03,56.9
540,3.41549,3.41516,0.01630,,1.982e-03,57.9
550,3.35177,3.35153,0.01165,,1.981e-03,58.9
560,3.38138,3.38110,0.01397,,1.980e-03,60.0
570,3.58708,3.58651,0.02836,,1.978e-03,61.1
580,3.18396,3.18372,0.01187,,1.977e-03,62.2
590,3.38953,3.38919,0.01687,,1.976e-03,63.2
600,3.34836,3.34812,0.01205,,1.975e-03,64.3
610,3.10103,3.10076,0.01347,,1.974e-03,65.3
620,3.07289,3.07267,0.01110,,1.973e-03,66.3
630,3.23525,3.23498,0.01327,,1.971e-03,67.4
640,3.24867,3.24837,0.01478,,1.970e-03,68.6
650,3.18682,3.18658,0.01187,,1.969e-03,69.7
660,3.05533,3.05507,0.01288,,1.967e-03,70.8
670,3.00469,3.00441,0.01375,,1.966e-03,71.9
680,3.06577,3.06556,0.01049,,1.965e-03,73.0
690,3.27237,3.27199,0.01884,,1.963e-03,74.1
700,2.98770,2.98750,0.01014,,1.962e-03,75.2
710,3.24757,3.24720,0.01830,,1.960e-03,76.3
720,2.89908,2.89883,0.01273,,1.959e-03,77.4
730,3.18731,3.18704,0.01333,,1.957e-03,78.5
740,3.23526,3.23500,0.01290,,1.956e-03,79.6
750,3.28328,3.28295,0.01674,,1.954e-03,80.7
760,3.26531,3.26482,0.02488,,1.953e-03,81.8
770,3.27801,3.27774,0.01368,,1.951e-03,82.9
780,2.96809,2.96776,0.01630,,1.949e-03,84.0
790,3.31983,3.31958,0.01216,,1.948e-03,85.1
800,3.05713,3.05687,0.01309,,1.946e-03,86.2
810,2.97258,2.97230,0.01409,,1.944e-03,87.3
820,3.37869,3.37825,0.02171,,1.942e-03,88.3
830,2.96004,2.95977,0.01356,,1.940e-03,89.4
840,3.06589,3.06560,0.01474,,1.939e-03,90.5
850,3.05944,3.05915,0.01469,,1.937e-03,91.6
860,2.81513,2.81489,0.01171,,1.935e-03,92.7
870,3.19669,3.19634,0.01751,,1.933e-03,93.8
880,3.08956,3.08929,0.01349,,1.931e-03,95.0
890,3.13461,3.13437,0.01235,,1.929e-03,96.1
900,2.99281,2.99256,0.01248,,1.927e-03,97.2
910,3.06761,3.06718,0.02161,,1.925e-03,98.3
920,2.87145,2.87112,0.01615,,1.923e-03,99.4
930,3.00407,3.00363,0.02178,,1.921e-03,100.4
940,2.85907,2.85883,0.01184,,1.919e-03,101.5
950,3.19271,3.19226,0.02261,,1.917e-03,102.7
960,3.25245,3.25218,0.01351,,1.915e-03,103.8
970,2.89545,2.89523,0.01118,,1.912e-03,104.9
980,2.93189,2.93159,0.01495,,1.910e-03,106.0
990,3.23835,3.23803,0.01634,,1.908e-03,107.0
1000,3.11546,3.11517,0.01472,2.86309,1.906e-03,108.5
1010,3.20620,3.20579,0.02058,,1.904e-03,109.5
1020,2.95585,2.95551,0.01711,,1.901e-03,110.4
1030,2.96762,2.96737,0.01261,,1.899e-03,111.4
1040,2.71511,2.71485,0.01289,,1.897e-03,112.4
1050,2.99769,2.99741,0.01413,,1.894e-03,113.4
1060,3.08453,3.08426,0.01381,,1.892e-03,114.5
1070,3.17735,3.17702,0.01668,,1.889e-03,115.5
1080,3.02220,3.02181,0.01988,,1.887e-03,116.6
1090,3.11942,3.11901,0.02009,,1.884e-03,117.7
1100,3.19050,3.19026,0.01197,,1.882e-03,118.7
1110,2.99890,2.99849,0.02065,,1.879e-03,119.7
1120,2.83636,2.83603,0.01652,,1.877e-03,120.8
1130,3.05246,3.05222,0.01216,,1.874e-03,121.9
1140,2.96386,2.96351,0.01761,,1.872e-03,123.0
1150,3.06377,3.06332,0.02283,,1.869e-03,124.1
1160,2.88020,2.87989,0.01595,,1.866e-03,125.1
1170,3.13478,3.13420,0.02900,,1.864e-03,126.1
1180,3.04464,3.04442,0.01117,,1.861e-03,127.1
1190,2.82747,2.82710,0.01856,,1.858e-03,128.1
1200,2.75120,2.75089,0.01522,,1.855e-03,129.2
1210,2.82715,2.82679,0.01805,,1.853e-03,130.3
1220,2.70249,2.70217,0.01579,,1.850e-03,131.4
1230,3.14876,3.14834,0.02129,,1.847e-03,132.5
1240,3.02976,3.02942,0.01728,,1.844e-03,133.6
1250,2.88486,2.88447,0.01972,,1.841e-03,134.6
1260,3.00197,3.00150,0.02357,,1.838e-03,135.7
1270,2.69657,2.69633,0.01209,,1.836e-03,136.8
1280,2.70062,2.70030,0.01610,,1.833e-03,137.9
1290,2.69633,2.69596,0.01836,,1.830e-03,139.0
1300,2.69796,2.69762,0.01678,,1.827e-03,140.1
1310,2.75090,2.75048,0.02119,,1.824e-03,141.2
1320,2.98140,2.98112,0.01403,,1.821e-03,142.3
1330,2.76371,2.76352,0.00965,,1.817e-03,143.4
1340,2.93268,2.93232,0.01780,,1.814e-03,144.4
1350,3.07263,3.07217,0.02293,,1.811e-03,145.5
1360,2.90627,2.90602,0.01242,,1.808e-03,146.7
1370,2.90286,2.90229,0.02866,,1.805e-03,147.7
1380,3.12577,3.12532,0.02250,,1.802e-03,148.8
1390,2.69195,2.69158,0.01852,,1.799e-03,149.9
1400,2.75023,2.74989,0.01718,,1.795e-03,151.0
1410,2.61733,2.61707,0.01305,,1.792e-03,152.2
1420,2.87190,2.87160,0.01498,,1.789e-03,153.2
1430,2.69974,2.69942,0.01612,,1.786e-03,154.3
1440,2.74480,2.74450,0.01453,,1.782e-03,155.5
1450,2.91948,2.91923,0.01273,,1.779e-03,156.6
1460,2.89038,2.89010,0.01416,,1.776e-03,157.7
1470,2.84001,2.83976,0.01253,,1.772e-03,158.8
1480,3.05960,3.05928,0.01587,,1.769e-03,159.9
1490,2.55570,2.55536,0.01682,,1.765e-03,161.1
1500,2.74716,2.74681,0.01776,,1.762e-03,162.1
1510,2.69496,2.69479,0.00850,,1.758e-03,163.2
1520,2.77723,2.77681,0.02112,,1.755e-03,164.3
1530,2.95356,2.95331,0.01226,,1.751e-03,165.4
1540,2.87321,2.87282,0.01946,,1.748e-03,166.5
1550,2.80140,2.80106,0.01701,,1.744e-03,167.7
1560,2.70149,2.70123,0.01343,,1.741e-03,168.8
1570,2.88747,2.88704,0.02156,,1.737e-03,169.9
1580,2.81194,2.81170,0.01211,,1.734e-03,171.0
1590,2.63559,2.63532,0.01306,,1.730e-03,172.2
1600,2.73318,2.73275,0.02139,,1.726e-03,173.4
1610,2.92602,2.92556,0.02318,,1.723e-03,174.4
1620,2.87578,2.87545,0.01611,,1.719e-03,175.5
1630,2.89421,2.89379,0.02079,,1.715e-03,176.6
1640,2.73333,2.73299,0.01711,,1.711e-03,177.7
1650,2.63294,2.63257,0.01873,,1.708e-03,178.8
1660,2.71199,2.71170,0.01430,,1.704e-03,179.9
1670,2.77624,2.77571,0.02687,,1.700e-03,181.0
1680,2.77892,2.77852,0.02013,,1.696e-03,182.1
1690,2.57587,2.57557,0.01514,,1.692e-03,183.1
1700,2.64677,2.64651,0.01318,,1.689e-03,184.3
1710,2.69395,2.69355,0.02001,,1.685e-03,185.4
1720,2.70136,2.70102,0.01701,,1.681e-03,186.5
1730,2.94042,2.94010,0.01592,,1.677e-03,187.6
1740,2.67298,2.67271,0.01389,,1.673e-03,188.7
1750,2.21635,2.21608,0.01332,,1.669e-03,189.8
1760,2.65033,2.65010,0.01133,,1.665e-03,190.9
1770,2.86011,2.85981,0.01480,,1.661e-03,192.0
1780,2.99243,2.99218,0.01262,,1.657e-03,193.1
1790,2.57390,2.57358,0.01595,,1.653e-03,194.3
1800,2.69407,2.69377,0.01469,,1.649e-03,195.3
1810,2.66956,2.66915,0.02056,,1.645e-03,196.4
1820,2.66078,2.66043,0.01721,,1.641e-03,197.5
1830,2.84011,2.83983,0.01389,,1.637e-03,198.6
1840,3.02157,3.02102,0.02759,,1.633e-03,199.7
1850,2.84939,2.84878,0.03039,,1.628e-03,200.8
1860,2.78782,2.78742,0.01957,,1.624e-03,201.9
1870,2.65834,2.65811,0.01151,,1.620e-03,203.0
1880,2.53145,2.53120,0.01235,,1.616e-03,204.1
1890,2.83893,2.83856,0.01848,,1.612e-03,205.3
1900,2.90214,2.90177,0.01839,,1.608e-03,206.4
1910,2.76009,2.75970,0.01962,,1.603e-03,207.5
1920,2.86894,2.86847,0.02342,,1.599e-03,208.6
1930,2.97562,2.97525,0.01858,,1.595e-03,209.7
1940,2.80703,2.80665,0.01897,,1.590e-03,210.9
1950,2.86668,2.86630,0.01881,,1.586e-03,212.0
1960,2.89552,2.89497,0.02779,,1.582e-03,213.1
1970,2.79659,2.79613,0.02322,,1.577e-03,214.2
1980,2.62332,2.62299,0.01667,,1.573e-03,215.3
1990,2.75696,2.75655,0.02055,,1.569e-03,216.5
2000,2.59843,2.59811,0.01589,2.56061,1.564e-03,217.9
2010,2.73034,2.72992,0.02126,,1.560e-03,219.0
2020,2.73331,2.73304,0.01344,,1.556e-03,220.1
2030,3.04345,3.04308,0.01835,,1.551e-03,221.2
2040,2.83040,2.83002,0.01898,,1.547e-03,222.3
2050,2.92759,2.92710,0.02433,,1.542e-03,223.4
2060,2.59297,2.59263,0.01703,,1.538e-03,224.5
2070,2.74725,2.74678,0.02347,,1.533e-03,225.7
2080,2.61377,2.61336,0.02065,,1.529e-03,226.7
2090,2.65849,2.65808,0.02074,,1.524e-03,227.9
2100,2.90089,2.90053,0.01791,,1.520e-03,228.9
2110,2.88604,2.88556,0.02404,,1.515e-03,230.1
2120,2.77287,2.77230,0.02883,,1.510e-03,231.2
2130,2.78064,2.78032,0.01590,,1.506e-03,232.2
2140,2.68539,2.68484,0.02717,,1.501e-03,233.2
2150,2.62470,2.62437,0.01653,,1.497e-03,234.1
2160,2.39254,2.39239,0.00730,,1.492e-03,235.2
2170,2.80540,2.80491,0.02434,,1.487e-03,236.4
2180,2.79408,2.79358,0.02481,,1.483e-03,237.5
2190,2.92277,2.92240,0.01832,,1.478e-03,238.5
2200,2.56924,2.56873,0.02526,,1.473e-03,239.7
2210,2.65803,2.65772,0.01545,,1.469e-03,240.7
2220,2.81719,2.81664,0.02759,,1.464e-03,241.8
2230,2.58373,2.58344,0.01453,,1.459e-03,242.9
2240,2.76032,2.75993,0.01924,,1.455e-03,244.0
2250,2.54979,2.54947,0.01605,,1.450e-03,245.1
2260,2.45706,2.45685,0.01059,,1.445e-03,246.1
2270,2.71796,2.71761,0.01780,,1.440e-03,247.3
2280,2.70537,2.70491,0.02275,,1.435e-03,248.4
2290,2.71840,2.71809,0.01554,,1.431e-03,249.5
2300,2.88066,2.88030,0.01781,,1.426e-03,250.6
2310,2.90948,2.90909,0.01940,,1.421e-03,251.7
2320,2.71663,2.71616,0.02359,,1.416e-03,252.8
2330,2.64098,2.64048,0.02466,,1.411e-03,253.9
2340,2.82730,2.82698,0.01632,,1.406e-03,254.9
2350,2.78719,2.78689,0.01533,,1.402e-03,256.0
2360,2.51742,2.51708,0.01690,,1.397e-03,257.1
2370,2.54836,2.54808,0.01435,,1.392e-03,258.2
2380,2.60418,2.60383,0.01752,,1.387e-03,259.3
2390,2.66304,2.66268,0.01818,,1.382e-03,260.4
2400,2.67795,2.67755,0.01990,,1.377e-03,261.5
2410,2.82643,2.82597,0.02289,,1.372e-03,262.5
2420,2.54662,2.54628,0.01700,,1.367e-03,263.6
2430,2.68329,2.68292,0.01864,,1.362e-03,264.7
2440,2.68280,2.68238,0.02074,,1.357e-03,265.8
2450,2.64202,2.64170,0.01601,,1.352e-03,267.0
2460,2.64163,2.64112,0.02521,,1.347e-03,268.0
2470,2.69032,2.68995,0.01815,,1.342e-03,269.1
2480,2.59164,2.59127,0.01866,,1.337e-03,270.2
2490,2.65667,2.65637,0.01477,,1.332e-03,271.3
2500,2.84464,2.84425,0.01949,,1.327e-03,272.4
2510,2.81422,2.81381,0.02013,,1.322e-03,273.5
2520,2.60870,2.60829,0.02078,,1.317e-03,274.5
2530,2.51003,2.50964,0.01941,,1.312e-03,275.6
2540,2.68701,2.68650,0.02573,,1.307e-03,276.8
2550,2.62019,2.61989,0.01507,,1.302e-03,277.9
2560,2.73834,2.73785,0.02455,,1.297e-03,279.1
2570,2.59088,2.59057,0.01551,,1.292e-03,280.1
2580,2.63731,2.63686,0.02261,,1.287e-03,281.2
2590,2.62341,2.62292,0.02474,,1.282e-03,282.3
2600,2.87808,2.87750,0.02906,,1.277e-03,283.4
2610,2.52467,2.52431,0.01772,,1.272e-03,284.5
2620,2.46294,2.46265,0.01481,,1.266e-03,285.6
2630,2.58464,2.58427,0.01884,,1.261e-03,286.6
2640,2.70138,2.70100,0.01929,,1.256e-03,287.7
2650,2.84597,2.84550,0.02343,,1.251e-03,288.8
2660,2.79260,2.79198,0.03080,,1.246e-03,289.9
2670,2.61508,2.61476,0.01617,,1.241e-03,291.0
2680,2.65096,2.65068,0.01406,,1.236e-03,292.1
2690,2.73631,2.73585,0.02304,,1.230e-03,293.2
2700,2.52042,2.52002,0.01977,,1.225e-03,294.2
2710,2.64708,2.64664,0.02217,,1.220e-03,295.4
2720,2.62619,2.62572,0.02319,,1.215e-03,296.5
2730,2.87378,2.87343,0.01754,,1.210e-03,297.6
2740,2.66636,2.66603,0.01654,,1.205e-03,298.7
2750,2.51575,2.51532,0.02176,,1.199e-03,299.8
2760,2.51237,2.51202,0.01760,,1.194e-03,300.8
2770,2.51147,2.51114,0.01650,,1.189e-03,301.9
2780,2.61603,2.61565,0.01935,,1.184e-03,303.0
2790,2.60981,2.60941,0.01972,,1.179e-03,304.1
2800,2.66585,2.66542,0.02177,,1.173e-03,305.2
2810,2.64744,2.64717,0.01326,,1.168e-03,306.3
2820,2.73242,2.73198,0.02198,,1.163e-03,307.4
2830,2.62861,2.62811,0.02507,,1.158e-03,308.5
2840,2.63118,2.63072,0.02299,,1.152e-03,309.6
2850,2.51989,2.51947,0.02122,,1.147e-03,310.7
2860,2.42156,2.42124,0.01606,,1.142e-03,311.8
2870,2.73151,2.73109,0.02094,,1.137e-03,312.8
2880,2.73912,2.73866,0.02294,,1.131e-03,313.9
2890,2.47361,2.47321,0.01993,,1.126e-03,315.1
2900,2.92312,2.92262,0.02510,,1.121e-03,316.1
2910,2.69935,2.69901,0.01690,,1.116e-03,317.2
2920,2.57008,2.56977,0.01524,,1.110e-03,318.3
2930,2.75130,2.75082,0.02386,,1.105e-03,319.4
2940,2.71358,2.71315,0.02179,,1.100e-03,320.4
2950,2.72764,2.72729,0.01779,,1.095e-03,321.5
2960,2.58263,2.58232,0.01526,,1.089e-03,322.6
2970,2.74241,2.74210,0.01518,,1.084e-03,323.7
2980,2.59500,2.59465,0.01763,,1.079e-03,324.8
2990,2.49630,2.49600,0.01501,,1.073e-03,325.9
3000,2.49180,2.49155,0.01223,2.42406,1.068e-03,327.4
3010,2.49346,2.49309,0.01854,,1.063e-03,328.7
3020,2.45855,2.45814,0.02053,,1.058e-03,329.8
3030,2.65810,2.65761,0.02451,,1.052e-03,330.9
3040,2.72047,2.72008,0.01937,,1.047e-03,332.0
3050,2.48795,2.48766,0.01424,,1.042e-03,333.1
3060,2.62611,2.62570,0.02055,,1.036e-03,334.2
3070,2.37711,2.37679,0.01629,,1.031e-03,335.3
3080,2.53105,2.53063,0.02101,,1.026e-03,336.3
3090,2.90541,2.90501,0.01965,,1.021e-03,337.4
3100,2.69246,2.69204,0.02116,,1.015e-03,338.5
3110,2.65740,2.65701,0.01921,,1.010e-03,339.6
3120,2.43946,2.43910,0.01796,,1.005e-03,340.7
3130,2.53963,2.53931,0.01602,,9.994e-04,341.8
3140,2.53151,2.53106,0.02239,,9.941e-04,342.9
3150,2.51207,2.51171,0.01816,,9.888e-04,344.0
3160,2.38526,2.38480,0.02336,,9.835e-04,345.0
3170,2.67725,2.67699,0.01302,,9.782e-04,346.3
3180,2.26878,2.26852,0.01285,,9.729e-04,347.4
3190,2.27176,2.27152,0.01174,,9.677e-04,348.5
3200,2.38820,2.38789,0.01553,,9.624e-04,349.6
3210,2.55020,2.54988,0.01561,,9.571e-04,350.6
3220,2.73925,2.73892,0.01669,,9.518e-04,351.7
3230,2.62114,2.62073,0.02075,,9.465e-04,352.8
3240,2.65727,2.65691,0.01827,,9.413e-04,354.0
3250,2.39878,2.39841,0.01845,,9.360e-04,355.0
3260,2.41325,2.41292,0.01674,,9.307e-04,356.1
3270,2.27725,2.27698,0.01362,,9.255e-04,357.2
3280,2.37415,2.37381,0.01687,,9.202e-04,358.3
3290,2.54638,2.54578,0.03017,,9.149e-04,359.2
3300,2.38207,2.38177,0.01485,,9.097e-04,360.1
3310,2.32956,2.32924,0.01588,,9.044e-04,361.1
3320,2.44970,2.44933,0.01876,,8.992e-04,362.2
3330,2.44589,2.44565,0.01205,,8.939e-04,363.3
3340,2.52943,2.52887,0.02816,,8.887e-04,364.4
3350,2.57626,2.57575,0.02512,,8.834e-04,365.5
3360,2.12636,2.12614,0.01091,,8.782e-04,366.6
3370,2.50802,2.50765,0.01812,,8.730e-04,367.7
3380,2.53149,2.53106,0.02116,,8.677e-04,368.8
3390,2.45410,2.45381,0.01453,,8.625e-04,369.9
3400,2.51146,2.51118,0.01387,,8.573e-04,371.0
3410,2.58438,2.58408,0.01507,,8.521e-04,372.1
3420,2.53580,2.53532,0.02416,,8.469e-04,373.2
3430,2.33276,2.33231,0.02245,,8.417e-04,374.3
3440,2.38860,2.38824,0.01765,,8.365e-04,375.4
3450,2.81430,2.81367,0.03169,,8.313e-04,376.5
3460,2.40825,2.40800,0.01270,,8.261e-04,377.6
3470,2.48442,2.48404,0.01903,,8.209e-04,378.7
3480,2.48651,2.48606,0.02244,,8.157e-04,379.8
3490,2.47999,2.47970,0.01451,,8.106e-04,380.8
3500,2.57262,2.57204,0.02920,,8.054e-04,381.9
3510,2.52369,2.52325,0.02193,,8.002e-04,383.0
3520,2.51101,2.51064,0.01853,,7.951e-04,384.1
3530,2.63262,2.63204,0.02887,,7.899e-04,385.2
3540,2.42925,2.42901,0.01190,,7.848e-04,386.3
3550,2.55856,2.55818,0.01926,,7.797e-04,387.3
3560,2.46570,2.46520,0.02476,,7.745e-04,388.4
3570,2.49773,2.49728,0.02236,,7.694e-04,389.5
3580,2.59857,2.59807,0.02466,,7.643e-04,390.6
3590,2.45766,2.45729,0.01872,,7.592e-04,391.6
3600,2.56311,2.56270,0.02011,,7.541e-04,392.8
3610,2.56404,2.56354,0.02535,,7.490e-04,393.9
3620,2.36886,2.36847,0.01950,,7.439e-04,394.9
3630,2.46319,2.46283,0.01825,,7.389e-04,396.0
3640,2.48281,2.48237,0.02208,,7.338e-04,397.1
3650,2.71604,2.71566,0.01926,,7.288e-04,398.2
3660,2.69260,2.69204,0.02787,,7.237e-04,399.3
3670,2.52805,2.52747,0.02874,,7.187e-04,400.5
3680,2.35618,2.35583,0.01744,,7.136e-04,401.6
3690,2.31796,2.31749,0.02310,,7.086e-04,402.7
3700,2.48622,2.48573,0.02464,,7.036e-04,403.9
3710,2.56844,2.56806,0.01874,,6.986e-04,405.0
3720,2.63551,2.63498,0.02631,,6.936e-04,406.1
3730,2.58613,2.58572,0.02041,,6.886e-04,407.2
3740,2.47338,2.47301,0.01882,,6.837e-04,408.4
3750,2.56690,2.56634,0.02818,,6.787e-04,409.5
3760,2.61940,2.61902,0.01908,,6.737e-04,410.5
3770,2.52311,2.52258,0.02625,,6.688e-04,411.6
3780,2.36927,2.36886,0.02072,,6.639e-04,412.7
3790,2.38875,2.38839,0.01784,,6.589e-04,413.8
3800,2.18770,2.18738,0.01586,,6.540e-04,414.9
3810,2.58847,2.58802,0.02286,,6.491e-04,416.0
3820,2.39459,2.39415,0.02222,,6.442e-04,417.2
3830,2.58617,2.58585,0.01592,,6.394e-04,418.3
3840,2.53646,2.53614,0.01591,,6.345e-04,419.4
3850,2.32956,2.32929,0.01325,,6.296e-04,420.5
3860,2.40242,2.40199,0.02133,,6.248e-04,421.6
3870,2.57235,2.57197,0.01895,,6.199e-04,422.7
3880,2.36785,2.36749,0.01786,,6.151e-04,423.8
3890,2.37755,2.37713,0.02067,,6.103e-04,424.9
3900,2.47814,2.47783,0.01539,,6.055e-04,426.0
3910,2.53884,2.53838,0.02299,,6.007e-04,427.1
3920,2.41039,2.41001,0.01891,,5.960e-04,428.2
3930,2.46639,2.46604,0.01730,,5.912e-04,429.3
3940,2.42266,2.42228,0.01899,,5.864e-04,430.4
3950,2.53802,2.53754,0.02377,,5.817e-04,431.5
3960,2.35958,2.35919,0.01947,,5.770e-04,432.6
3970,2.49930,2.49883,0.02315,,5.723e-04,433.7
3980,2.34513,2.34480,0.01620,,5.676e-04,434.8
3990,2.39239,2.39194,0.02234,,5.629e-04,435.9
4000,2.53777,2.53729,0.02401,2.34003,5.582e-04,437.5
4010,2.26144,2.26111,0.01690,,5.535e-04,438.6
4020,2.30060,2.30026,0.01702,,5.489e-04,439.7
4030,2.50326,2.50278,0.02416,,5.443e-04,440.8
4040,2.44027,2.43999,0.01382,,5.397e-04,441.9
4050,2.38341,2.38297,0.02198,,5.350e-04,443.0
4060,2.67531,2.67492,0.01940,,5.305e-04,444.1
4070,2.54189,2.54139,0.02495,,5.259e-04,445.2
4080,2.59710,2.59668,0.02057,,5.213e-04,446.3
4090,2.48049,2.48010,0.01905,,5.168e-04,447.4
4100,2.36879,2.36838,0.02033,,5.122e-04,448.6
4110,2.33579,2.33525,0.02710,,5.077e-04,449.6
4120,2.70232,2.70167,0.03234,,5.032e-04,450.7
4130,2.41456,2.41405,0.02553,,4.987e-04,451.8
4140,2.70654,2.70619,0.01767,,4.943e-04,452.9
4150,2.59454,2.59418,0.01815,,4.898e-04,454.1
4160,2.23031,2.22990,0.02030,,4.854e-04,455.1
4170,2.39535,2.39497,0.01912,,4.809e-04,456.3
4180,2.45325,2.45283,0.02106,,4.765e-04,457.4
4190,2.51041,2.50979,0.03089,,4.721e-04,458.5
4200,2.54762,2.54709,0.02620,,4.678e-04,459.6
4210,2.26589,2.26569,0.01008,,4.634e-04,460.7
4220,2.47050,2.47009,0.02022,,4.591e-04,461.8
4230,2.34197,2.34147,0.02483,,4.547e-04,462.9
4240,2.47072,2.47028,0.02167,,4.504e-04,464.0
4250,2.13196,2.13163,0.01627,,4.461e-04,465.1
4260,2.33648,2.33600,0.02389,,4.418e-04,466.2
4270,2.41748,2.41707,0.02062,,4.376e-04,467.4
4280,2.32276,2.32234,0.02093,,4.333e-04,468.5
4290,2.50219,2.50172,0.02366,,4.291e-04,469.5
4300,2.30969,2.30928,0.02033,,4.249e-04,470.6
4310,2.29288,2.29254,0.01690,,4.207e-04,471.7
4320,2.63582,2.63537,0.02248,,4.165e-04,472.9
4330,2.34204,2.34167,0.01819,,4.124e-04,474.0
4340,2.32642,2.32596,0.02321,,4.082e-04,475.0
4350,2.70809,2.70747,0.03122,,4.041e-04,476.1
4360,2.20624,2.20598,0.01294,,4.000e-04,477.2
4370,2.20692,2.20662,0.01505,,3.959e-04,478.3
4380,2.53545,2.53498,0.02354,,3.918e-04,479.4
4390,2.39869,2.39828,0.02062,,3.878e-04,480.5
4400,2.43556,2.43510,0.02279,,3.837e-04,481.6
4410,2.39037,2.39003,0.01741,,3.797e-04,482.6
4420,2.20521,2.20493,0.01375,,3.757e-04,483.7
4430,2.23800,2.23769,0.01552,,3.718e-04,484.8
4440,2.31272,2.31237,0.01736,,3.678e-04,485.9
4450,2.40813,2.40778,0.01761,,3.639e-04,487.0
4460,2.24194,2.24168,0.01275,,3.599e-04,488.1
4470,2.55747,2.55695,0.02605,,3.560e-04,489.2
4480,2.15030,2.14982,0.02384,,3.522e-04,490.3
4490,2.34905,2.34861,0.02186,,3.483e-04,491.4
4500,2.57058,2.57011,0.02358,,3.445e-04,492.5
4510,2.41849,2.41798,0.02590,,3.406e-04,493.6
4520,2.51033,2.50989,0.02226,,3.368e-04,494.7
4530,2.30068,2.30036,0.01594,,3.330e-04,495.7
4540,2.30218,2.30179,0.01939,,3.293e-04,496.8
4550,2.44643,2.44600,0.02137,,3.255e-04,497.9
4560,2.66048,2.65996,0.02589,,3.218e-04,499.0
4570,2.20825,2.20789,0.01797,,3.181e-04,500.2
4580,2.64298,2.64252,0.02297,,3.144e-04,501.3
4590,2.37755,2.37709,0.02273,,3.108e-04,502.4
4600,2.54187,2.54148,0.01954,,3.071e-04,503.4
4610,2.51677,2.51638,0.01951,,3.035e-04,504.3
4620,2.54269,2.54241,0.01426,,2.999e-04,505.3
4630,2.47552,2.47507,0.02289,,2.963e-04,506.3
4640,2.49644,2.49609,0.01737,,2.928e-04,507.3
4650,2.55603,2.55569,0.01712,,2.892e-04,508.3
4660,2.54006,2.53953,0.02638,,2.857e-04,509.3
4670,2.29565,2.29535,0.01537,,2.822e-04,510.4
4680,2.29616,2.29579,0.01860,,2.788e-04,511.5
4690,2.43912,2.43870,0.02059,,2.753e-04,512.6
4700,2.43704,2.43669,0.01776,,2.719e-04,513.7
4710,2.34414,2.34369,0.02232,,2.685e-04,514.8
4720,2.27722,2.27675,0.02334,,2.651e-04,515.9
4730,2.36223,2.36194,0.01445,,2.617e-04,517.0
4740,2.59705,2.59676,0.01465,,2.584e-04,518.1
4750,2.44584,2.44547,0.01824,,2.551e-04,519.1
4760,2.39325,2.39290,0.01763,,2.518e-04,520.2
4770,2.27908,2.27864,0.02220,,2.485e-04,521.4
4780,2.40829,2.40796,0.01654,,2.453e-04,522.4
4790,2.26218,2.26179,0.01953,,2.420e-04,523.5
4800,2.31887,2.31857,0.01530,,2.388e-04,524.6
4810,2.29651,2.29615,0.01769,,2.356e-04,525.8
4820,2.16732,2.16698,0.01746,,2.325e-04,526.9
4830,2.21784,2.21752,0.01567,,2.293e-04,528.0
4840,2.63546,2.63489,0.02837,,2.262e-04,529.1
4850,2.49044,2.48995,0.02444,,2.231e-04,530.1
4860,2.26930,2.26894,0.01798,,2.201e-04,531.2
4870,2.50981,2.50937,0.02171,,2.170e-04,532.3
4880,2.41412,2.41364,0.02398,,2.140e-04,533.6
4890,2.62010,2.61966,0.02192,,2.110e-04,534.6
4900,2.41558,2.41513,0.02239,,2.080e-04,535.7
4910,2.62647,2.62598,0.02436,,2.051e-04,536.8
4920,2.31037,2.31007,0.01516,,2.022e-04,537.9
4930,2.35527,2.35492,0.01730,,1.993e-04,539.0
4940,2.36943,2.36900,0.02147,,1.964e-04,540.1
4950,2.39326,2.39296,0.01514,,1.935e-04,541.2
4960,2.33131,2.33081,0.02501,,1.907e-04,542.3
4970,2.55306,2.55268,0.01865,,1.879e-04,543.4
4980,2.41276,2.41246,0.01503,,1.851e-04,544.4
4990,2.39064,2.39025,0.01973,,1.823e-04,545.5
5000,2.28544,2.28510,0.01702,2.28949,1.796e-04,547.0
5010,2.35448,2.35397,0.02542,,1.769e-04,548.1
5020,2.35749,2.35708,0.02030,,1.742e-04,549.2
5030,2.33190,2.33152,0.01870,,1.716e-04,550.3
5040,2.36447,2.36402,0.02260,,1.689e-04,551.4
5050,2.26488,2.26436,0.02608,,1.663e-04,552.5
5060,2.15035,2.14996,0.01951,,1.637e-04,553.6
5070,2.43409,2.43362,0.02394,,1.612e-04,554.7
5080,2.41512,2.41473,0.01989,,1.586e-04,555.8
5090,2.31286,2.31249,0.01844,,1.561e-04,556.9
5100,2.14798,2.14764,0.01702,,1.536e-04,558.0
5110,2.30130,2.30102,0.01369,,1.512e-04,559.2
5120,2.28377,2.28339,0.01939,,1.487e-04,560.3
5130,2.20941,2.20901,0.02032,,1.463e-04,561.4
5140,2.65083,2.65031,0.02623,,1.440e-04,562.5
5150,2.29521,2.29479,0.02088,,1.416e-04,563.6
5160,2.41177,2.41114,0.03172,,1.393e-04,564.6
5170,2.25123,2.25086,0.01825,,1.370e-04,565.8
5180,2.27838,2.27808,0.01478,,1.347e-04,566.8
5190,2.36991,2.36946,0.02215,,1.324e-04,567.9
5200,2.24940,2.24900,0.02014,,1.302e-04,569.1
5210,2.11244,2.11201,0.02187,,1.280e-04,570.2
5220,2.32404,2.32351,0.02622,,1.258e-04,571.3
5230,2.23421,2.23378,0.02168,,1.237e-04,572.4
5240,2.39484,2.39445,0.01944,,1.215e-04,573.4
5250,2.40054,2.40017,0.01840,,1.194e-04,574.6
5260,2.29618,2.29582,0.01823,,1.174e-04,575.7
5270,2.32310,2.32266,0.02213,,1.153e-04,576.8
5280,2.24725,2.24675,0.02505,,1.133e-04,577.9
5290,2.32339,2.32291,0.02405,,1.113e-04,578.9
5300,2.23682,2.23638,0.02205,,1.093e-04,580.0
5310,2.22222,2.22176,0.02298,,1.074e-04,581.1
5320,2.40015,2.39975,0.01994,,1.055e-04,582.2
5330,2.43009,2.42974,0.01759,,1.036e-04,583.3
5340,2.25971,2.25934,0.01869,,1.017e-04,584.4
5350,2.37156,2.37123,0.01638,,9.989e-05,585.5
5360,2.40195,2.40147,0.02413,,9.808e-05,586.6
5370,2.25990,2.25950,0.02005,,9.630e-05,587.7
5380,2.46591,2.46551,0.02004,,9.455e-05,588.8
5390,2.29423,2.29381,0.02103,,9.282e-05,590.0
5400,2.28881,2.28838,0.02144,,9.112e-05,591.1
5410,2.28803,2.28759,0.02223,,8.945e-05,592.2
5420,2.05279,2.05245,0.01692,,8.780e-05,593.3
5430,2.19588,2.19553,0.01710,,8.618e-05,594.4
5440,2.37193,2.37164,0.01467,,8.459e-05,595.4
5450,2.24234,2.24208,0.01279,,8.303e-05,596.5
5460,2.64819,2.64781,0.01871,,8.149e-05,597.6
5470,2.26564,2.26521,0.02156,,7.998e-05,598.7
5480,2.41727,2.41689,0.01887,,7.850e-05,599.8
5490,2.71968,2.71928,0.01991,,7.705e-05,600.9
5500,2.38709,2.38672,0.01834,,7.562e-05,601.9
5510,2.47932,2.47895,0.01842,,7.422e-05,603.0
5520,2.62037,2.61979,0.02917,,7.285e-05,604.1
5530,2.14102,2.14055,0.02357,,7.150e-05,605.2
5540,2.15033,2.15002,0.01559,,7.019e-05,606.3
5550,2.43054,2.43018,0.01778,,6.890e-05,607.4
5560,2.44470,2.44436,0.01690,,6.764e-05,608.5
5570,2.20119,2.20087,0.01589,,6.640e-05,609.5
5580,2.27844,2.27802,0.02113,,6.520e-05,610.6
5590,2.22710,2.22669,0.02048,,6.402e-05,611.7
5600,2.40901,2.40853,0.02428,,6.287e-05,612.8
5610,2.11984,2.11949,0.01755,,6.175e-05,613.9
5620,2.48782,2.48738,0.02206,,6.065e-05,615.0
5630,2.45971,2.45935,0.01783,,5.959e-05,616.1
5640,2.18965,2.18919,0.02277,,5.855e-05,617.2
5650,2.54563,2.54524,0.01962,,5.754e-05,618.3
5660,2.18956,2.18924,0.01569,,5.656e-05,619.4
5670,2.09560,2.09518,0.02104,,5.560e-05,620.5
5680,2.42388,2.42345,0.02163,,5.467e-05,621.6
5690,1.93858,1.93826,0.01585,,5.378e-05,622.7
5700,2.31826,2.31782,0.02197,,5.291e-05,623.8
5710,2.04336,2.04291,0.02256,,5.207e-05,624.9
5720,2.62922,2.62876,0.02298,,5.125e-05,626.1
5730,2.51330,2.51291,0.01979,,5.047e-05,627.1
5740,2.32019,2.31982,0.01836,,4.971e-05,628.2
5750,2.10776,2.10743,0.01668,,4.898e-05,629.3
5760,2.25691,2.25658,0.01675,,4.828e-05,630.4
5770,2.31600,2.31561,0.01983,,4.761e-05,631.5
5780,2.29721,2.29674,0.02362,,4.696e-05,632.6
5790,2.61106,2.61055,0.02514,,4.635e-05,633.7
5800,2.29427,2.29374,0.02663,,4.576e-05,634.8
5810,2.55724,2.55674,0.02502,,4.520e-05,635.9
5820,2.13603,2.13572,0.01563,,4.467e-05,636.9
5830,2.31367,2.31331,0.01802,,4.417e-05,638.0
5840,2.32484,2.32446,0.01892,,4.370e-05,639.2
5850,2.30944,2.30908,0.01823,,4.325e-05,640.3
5860,2.42834,2.42797,0.01881,,4.284e-05,641.4
5870,2.29328,2.29285,0.02155,,4.245e-05,642.5
5880,2.48524,2.48481,0.02145,,4.209e-05,643.6
5890,2.51230,2.51170,0.02995,,4.176e-05,644.7
5900,2.42147,2.42095,0.02610,,4.146e-05,645.8
5910,2.33888,2.33847,0.02018,,4.118e-05,646.9
5920,2.33731,2.33692,0.01973,,4.094e-05,648.0
5930,2.46131,2.46084,0.02353,,4.072e-05,649.1
5940,2.42356,2.42292,0.03178,,4.053e-05,650.2
5950,2.12633,2.12587,0.02262,,4.037e-05,651.3
5960,2.48137,2.48091,0.02333,,4.024e-05,652.4
5970,2.26140,2.26106,0.01727,,4.014e-05,653.5
5980,2.48915,2.48881,0.01656,,4.006e-05,654.6
5990,2.44871,2.44821,0.02499,,4.002e-05,655.6
6000,2.38730,2.38698,0.01590,2.26638,4.000e-05,657.0
