shape,slope,fr,heat,wdir,variant,status,case_id,dx_m,H_over_h,L_over_h,L_past_foot_over_h,L_sep_over_h,L_strong_over_h,area_rev_frac,fit_depth_m,fit_n_pts,fit_relief_m,fit_rms_fit,fit_rms_game_now,fit_rms_no_zone,fit_rotor_height_fraction,fit_rotor_reverse,fit_shear_layer_m,fit_sink_per_wind,fit_theta_deg,fit_w_rms_fit,fit_w_rms_game_now,fit_wind_reduction,foot_over_h,fr_local,has_reverse,lee_danger_sink_per_wind,lee_depth_scale_m,lee_r0_mean,lee_r0_peak,lee_rotor_height_fraction,lee_rotor_reverse,lee_rotor_reverse_mean,lee_shear_layer_m,lee_sink_band_per_wind,n_H_over_h,n_L_over_h,n_has_reverse,n_shadow_angle_deg,n_urev_over_U,old_H_over_h,old_L_over_h,old_area_rev_frac,old_fr_local,old_has_reverse,old_shadow_angle_deg,old_slope_lee,old_urev_over_U,old_xc_over_h,old_zc_over_h,reatt_at_edge,reatt_over_h,second_reverse,sep_over_h,shadow_angle_deg,shear_S_pope,shear_Uc,shear_Us,shear_ddelta_ds,shear_delta0_m,shear_delta1_m,slope_lee,urev_over_U,w_lee_mean_over_U,w_lee_min_over_U,win_iters,win_status,xc_over_h,zc_over_h
RIDGE,0.15,3.0,0.0,270.0,slope,0,6399,100.0,0.0,0.0,,,,0.0,,,,,,,,,,,,,,,10.0,3.0,0.0,,,,,,,,,,,,,,,0.0,0.0,0.0,2.9754,0.0,-1.0,0.15,0.0,0.0,0.0,,,,,-1.0,,,,,,,0.15,0.0,,,51,0,0.0,0.0
RIDGE,0.2,3.0,0.0,270.0,slope,0,6400,100.0,0.0,0.0,,,,0.0,,,,,,,,,,,,,,,7.6,3.0,0.0,,,,,,,,,,,,,,,0.0,0.0,0.0,2.9756,0.0,-1.0,0.1995,0.0,0.0,0.0,,,,,-1.0,,,,,,,0.1995,0.0,,,61,0,0.0,0.0
RIDGE,0.25,3.0,0.0,270.0,slope,0,6401,100.0,0.1197,5.7376,-0.4624,2.3376,0.0,0.0997,999.2302,216,226.9034,0.1034,0.3651,0.4095,0.8284,2.7057,501.3036,0.1827,9.2356,0.039,0.0748,0.6,6.2,3.0,1.0,nan,-17.3611,-0.0414,-0.0786,0.7732,0.4786,0.4414,354.3429,0.042,,,,,,0.1197,5.7376,0.0997,2.9757,1.0,9.2356,0.2494,-0.0418,4.6,0.1,0,5.7376,0,3.4,9.2356,0.0319,7.7337,16.1281,0.0665,434.2484,506.4141,0.2494,-0.0418,-0.0388,-0.0917,61,0,4.6,0.1
RIDGE,0.3,3.0,0.0,270.0,slope,0,6402,100.0,0.2165,7.0656,1.8656,4.8656,6.4,0.2106,1000.0,286,215.0767,0.0935,0.4425,0.5113,0.9345,2.281,607.5407,0.0857,8.0244,0.032,0.114,0.6,5.2,3.0,1.0,-0.006,24.7603,-0.1014,-0.1828,0.5916,0.5828,0.5014,407.9378,0.037,,,,,,0.2165,7.0658,0.2106,2.9755,1.0,8.0241,0.2981,-0.0974,4.8,0.2,0,7.0656,0,2.2,8.0244,0.0394,7.5065,16.654,0.0874,334.6613,570.0931,0.2981,-0.0973,-0.023,-0.0773,71,0,4.8,0.2
RIDGE,0.35,3.0,0.0,270.0,slope,0,6403,100.0,0.3011,7.6496,3.2496,5.8496,7.0,0.2361,999.9997,317,200.0951,0.0974,0.4793,0.5683,1.0414,2.2657,611.1516,0.0549,7.436,0.0304,0.1566,0.6,4.4,3.0,1.0,-0.0081,43.2335,-0.1644,-0.3059,0.4255,0.7059,0.5644,380.7955,0.0335,,,,,,0.301,7.6487,0.2361,2.9756,1.0,7.4369,0.3484,-0.1627,4.2,0.3,0,7.6496,0,1.8,7.436,0.0353,7.427,17.563,0.0834,306.6903,575.6667,0.3484,-0.1628,-0.0152,-0.0743,91,0,4.2,0.3
RIDGE,0.4,3.0,0.0,270.0,slope,0,6404,100.0,0.3414,7.9785,4.1785,6.3785,7.2,0.2592,1000.0,330,201.8175,0.1013,0.4953,0.5996,1.1202,2.1687,633.926,0.0395,7.1285,0.0285,0.1863,0.6,3.8,3.0,1.0,-0.009,53.4755,-0.1889,-0.3498,0.4532,0.7498,0.5889,368.1939,0.0314,,,,,,0.3413,7.9756,0.2592,2.9755,1.0,7.131,0.3971,-0.186,4.8,0.3,0,7.9785,0,1.6,7.1285,0.0342,7.3539,17.8367,0.0829,298.7976,587.1126,0.3971,-0.1862,-0.0109,-0.0661,131,0,4.8,0.3
RIDGE,0.45,3.0,0.0,270.0,slope,0,6405,100.0,0.3843,9.0957,5.6957,7.8957,8.4,0.2955,80.5228,388,213.4078,0.0989,0.5435,0.6442,0.7008,0.733,582.0926,0.0094,6.2566,0.0252,0.1922,0.6,3.4,3.0,1.0,-0.0103,49.1776,-0.2327,-0.4227,0.4808,0.8227,0.6327,405.179,0.0215,,,,,,0.3775,9.0832,0.2955,2.9755,1.0,6.2651,0.4458,-0.223,4.8,0.3,0,9.0957,0,1.2,6.2566,0.0286,7.2358,18.2844,0.0722,266.013,612.3676,0.4458,-0.225,-0.0045,-0.0541,241,0,4.8,0.3
RIDGE,0.5,3.0,0.0,270.0,slope,0,6406,100.0,0.3928,9.3592,6.1592,8.1592,8.4,0.3228,76.0394,399,199.8176,0.098,0.5491,0.6546,0.7216,0.708,612.2103,0.0088,6.0782,0.0232,0.2046,0.6,3.2,3.0,1.0,-0.0083,54.4154,-0.2229,-0.3965,0.5041,0.7965,0.6229,430.0515,0.0192,,,,,,0.3822,9.3426,0.3228,2.9753,1.0,6.0889,0.4915,-0.2089,4.6,0.3,0,9.3592,0,1.2,6.0782,0.027,7.2522,18.1429,0.0676,271.038,625.3429,0.4915,-0.2111,-0.0034,-0.0488,301,0,4.6,0.4
RIDGE,0.55,3.0,0.0,270.0,slope,0,6407,100.0,0.5864,10.8725,8.0725,9.8725,10.0,0.354,109.7842,472,225.7473,0.1019,0.6557,0.7574,0.9798,0.8582,677.1253,-0.0065,5.2341,0.0235,0.2042,0.6,2.8,3.0,1.0,-0.0215,-29.8629,-0.3369,-0.5563,0.6564,0.9563,0.7369,470.9334,0.0061,,,,,,0.5835,10.9089,0.354,2.9752,1.0,5.2167,0.5424,-0.2976,4.4,0.6,0,10.8725,0,1.0,5.2341,0.0185,6.7925,19.186,0.0522,257.3205,622.8924,0.5424,-0.2961,0.0072,-0.0473,1001,1,4.4,0.6
RIDGE,0.6,3.0,0.0,270.0,slope,0,6408,100.0,0.5398,10.3596,7.7596,9.5596,9.4,0.358,111.3154,448,201.5314,0.0963,0.6119,0.7242,0.893,0.8123,647.4438,0.0009,5.4868,0.0248,0.2149,0.6,2.6,3.0,1.0,-0.0146,8.5673,-0.3032,-0.5,0.6047,0.9,0.7032,455.6977,0.0125,,,,,,0.553,10.4417,0.358,2.9751,1.0,5.4439,0.5854,-0.2731,3.8,0.6,0,10.3596,0,0.8,5.4868,0.0222,6.9935,18.9548,0.06,226.9868,629.2485,0.5854,-0.2661,0.0022,-0.0503,1001,1,3.8,0.6
HILL,0.15,3.0,0.0,270.0,slope,0,6409,100.0,0.0,0.0,,,,0.0,,,,,,,,,,,,,,,10.0,3.0,0.0,,,,,,,,,,,,,,,0.0,0.0,0.0,2.9759,0.0,-1.0,0.1497,0.0,0.0,0.0,,,,,-1.0,,,,,,,0.15,0.0,,,61,0,0.0,0.0
HILL,0.2,3.0,0.0,270.0,slope,0,6410,100.0,0.0,0.0,,,,0.0,,,,,,,,,,,,,,,7.6,3.0,0.0,,,,,,,,,,,,,,,0.0,0.0,0.0,2.976,0.0,-1.0,0.1994,0.0,0.0,0.0,,,,,-1.0,,,,,,,0.1994,0.0,,,61,0,0.0,0.0
HILL,0.25,3.0,0.0,270.0,slope,0,6411,100.0,0.0,0.0,,,,0.0,,,,,,,,,,,,,,,6.2,3.0,0.0,,,,,,,,,,,,,,,0.0,0.0,0.0,2.976,0.0,-1.0,0.2488,0.0,0.0,0.0,,,,,-1.0,,,,,,,0.2488,0.0,,,61,0,0.0,0.0
HILL,0.3,3.0,0.0,270.0,slope,0,6412,100.0,0.0655,3.876,-1.324,0.276,0.0,0.0002,986.4236,142,211.0435,0.1195,0.2577,0.3701,0.8636,3.0,440.1125,0.2733,12.0039,0.0427,0.137,0.6,5.2,3.0,1.0,nan,-25.1298,-0.0087,-0.0174,nan,0.4174,0.4087,296.5995,0.0488,,,,,,0.0601,3.7164,0.0002,2.976,1.0,12.3542,0.2982,-0.0056,3.6,0.05,0,3.876,0,3.6,12.0039,,,,,,,0.2982,-0.0092,-0.0485,-0.1009,61,0,3.8,0.05
HILL,0.35,3.0,0.0,270.0,slope,0,6413,100.0,0.1742,4.6319,0.2319,2.6319,3.8,0.0059,999.9996,182,206.2241,0.1107,0.3018,0.4631,0.8284,2.5632,568.2095,0.1467,11.7638,0.0402,0.1977,0.6,4.4,3.0,1.0,-0.0109,-18.3192,-0.0651,-0.1483,0.6506,0.5483,0.4651,391.989,0.0402,,,,,,0.1741,4.6269,0.0059,2.9759,1.0,11.7736,0.3477,-0.0789,3.4,0.15,0,4.6319,0,2.0,11.7638,0.0721,7.3545,15.7507,0.1543,284.6155,490.4572,0.3477,-0.079,-0.0363,-0.0983,61,0,3.4,0.15
HILL,0.4,3.0,0.0,270.0,slope,0,6414,100.0,0.1826,4.4672,0.6672,2.6672,3.6,0.0095,999.7992,177,210.925,0.1062,0.2719,0.4724,0.8453,2.4848,565.2608,0.1535,12.3744,0.0431,0.2401,0.6,3.8,3.0,1.0,-0.0061,-2.1064,-0.0587,-0.1259,0.6666,0.5259,0.4587,385.7989,0.05,,,,,,0.1826,4.4665,0.0095,2.9758,1.0,12.376,0.3963,-0.067,3.0,0.2,0,4.4672,0,1.8,12.3744,0.0733,7.3954,15.7331,0.1559,283.6446,497.3851,0.3963,-0.067,-0.0389,-0.1055,61,0,3.0,0.2
HILL,0.45,3.0,0.0,270.0,slope,0,6415,100.0,0.2606,4.5842,1.1842,3.1842,4.2,0.0105,1000.0,181,198.1914,0.1067,0.2897,0.5317,0.9617,2.5246,580.4095,0.0944,12.1931,0.0416,0.2692,0.6,3.4,3.0,1.0,-0.0196,-2.2878,-0.1257,-0.2365,0.6059,0.6365,0.5257,410.9146,0.0434,,,,,,0.2605,4.5822,0.0105,2.9756,1.0,12.1981,0.4443,-0.1257,3.2,0.3,0,4.5842,0,1.4,12.1931,0.0697,7.0693,16.2769,0.1604,233.903,489.5995,0.4443,-0.1258,-0.0261,-0.0959,61,0,3.2,0.3
HILL,0.5,3.0,0.0,270.0,slope,0,6416,100.0,0.2442,4.3013,1.1013,2.7013,3.8,0.0104,999.8902,174,228.1608,0.1186,0.258,0.5248,0.966,2.4374,575.2126,0.1101,12.9726,0.0418,0.2912,0.6,3.2,3.0,1.0,-0.0125,7.0575,-0.1154,-0.2082,0.6215,0.6082,0.5154,403.9874,0.0506,,,,,,0.2442,4.3003,0.0104,2.9755,1.0,12.9753,0.4894,-0.1108,3.0,0.2,0,4.3013,0,1.6,12.9726,0.0637,7.1244,16.1793,0.1446,282.405,494.2777,0.4894,-0.1108,-0.03,-0.1001,71,0,3.0,0.2
HILL,0.55,3.0,0.0,270.0,slope,0,6417,100.0,0.3328,4.2888,1.4888,3.0888,3.8,0.0097,999.7215,175,203.43,0.1203,0.2783,0.5798,1.0765,2.5076,589.963,0.0548,13.0115,0.0406,0.3153,0.6,2.8,3.0,1.0,-0.0295,-11.8325,-0.1579,-0.2824,0.6786,0.6824,0.5579,404.1074,0.0374,,,,,,0.3327,4.2863,0.0097,2.9753,1.0,13.0189,0.5402,-0.1501,2.6,0.3,0,4.2888,0,1.2,13.0115,0.0636,6.9194,16.6541,0.1531,222.6467,480.2263,0.5402,-0.1503,-0.016,-0.0892,71,0,2.6,0.3
HILL,0.6,3.0,0.0,270.0,slope,0,6418,100.0,0.3799,4.1793,1.5793,2.9793,3.8,0.0089,999.4921,169,193.0755,0.1252,0.2819,0.6051,1.1243,2.5567,591.3553,0.0353,13.3267,0.0405,0.3319,0.6,2.6,3.0,1.0,-0.0364,-23.6378,-0.1898,-0.3196,0.7046,0.7196,0.5898,395.0142,0.0329,,,,,,0.3798,4.1753,0.0089,2.9751,1.0,13.3389,0.5825,-0.1698,2.4,0.4,0,4.1793,0,1.2,13.3267,0.0541,6.801,16.971,0.1349,243.1056,465.2387,0.5825,-0.1701,-0.0105,-0.09,61,0,2.4,0.4
STEP_DOWN,0.15,3.0,0.0,270.0,slope,0,6419,100.0,0.0,0.0,,,,0.0,,,,,,,,,,,,,,,7.0,3.0,0.0,,,,,,,,,,,,,,,0.0,0.0,0.0,1.7062,0.0,-1.0,0.1499,0.0,0.0,0.0,,,,,-1.0,,,,,,,0.1499,0.0,,,71,0,0.0,0.0
STEP_DOWN,0.2,3.0,0.0,270.0,slope,0,6420,100.0,0.0,0.0,,,,0.0,,,,,,,,,,,,,,,5.4,3.0,0.0,,,,,,,,,,,,,,,0.0,0.0,0.0,1.7062,0.0,-1.0,0.1991,0.0,0.0,0.0,,,,,-1.0,,,,,,,0.1995,0.0,,,71,0,0.0,0.0
STEP_DOWN,0.25,3.0,0.0,270.0,slope,0,6421,100.0,0.0,0.0,,,,0.0009,,,,,,,,,,,,,,,4.4,3.0,0.0,,,,,,,,,,,,,,,0.0,0.0,0.0009,1.7062,0.0,-1.0,0.2486,0.0,0.0,0.0,,,,,-1.0,,,,,,,0.249,0.0,,,71,0,0.0,0.0
STEP_DOWN,0.3,3.0,0.0,270.0,slope,0,6422,100.0,0.0625,3.0865,-0.5135,0.2865,0.0,0.0178,999.994,116,10.5734,0.0555,0.3475,0.4491,1.093,2.0052,732.0421,0.1818,12.831,0.0353,0.1355,0.6,3.6,3.0,1.0,nan,-19.1859,-0.0178,-0.0186,nan,0.4186,0.4178,619.397,0.0578,,,,,,0.0627,3.1758,0.0178,1.7062,1.0,12.7877,0.2974,-0.0102,3.0,0.05,0,3.0865,0,2.8,12.831,,,,,,,0.2973,-0.0099,-0.0521,-0.0995,71,0,3.0,0.05
STEP_DOWN,0.35,3.0,0.0,270.0,slope,0,6423,100.0,0.1448,3.9318,0.9318,2.7318,2.8,0.1113,999.9328,149,10.3043,0.0537,0.4074,0.5309,1.3625,2.0121,710.2061,0.1199,10.9673,0.0338,0.1787,0.6,3.0,3.0,1.0,0.0011,27.3079,-0.0541,-0.1228,0.7808,0.5228,0.4541,674.8459,0.0498,,,,,,0.1446,4.0302,0.1113,1.7062,1.0,11.0149,0.3461,-0.0623,2.8,0.15,0,3.9318,0,1.2,10.9673,0.0464,6.8361,14.5359,0.0986,463.5225,590.9842,0.3465,-0.0654,-0.0355,-0.0941,81,0,2.6,0.15
STEP_DOWN,0.4,3.0,0.0,270.0,slope,0,6424,100.0,0.216,4.4044,1.6044,3.4044,3.8,0.1388,999.9766,176,27.0727,0.0566,0.4283,0.5685,1.3111,1.9687,748.9679,0.091,10.3171,0.0338,0.2086,0.6,2.8,3.0,1.0,-0.0065,28.2556,-0.1018,-0.1809,0.7763,0.5809,0.5018,651.0591,0.0454,,,,,,0.2135,4.3038,0.1388,1.7062,1.0,10.1998,0.3942,-0.0919,2.4,0.2,0,4.4044,0,1.0,10.3171,0.0429,6.6814,15.0187,0.0965,438.0001,596.1681,0.3938,-0.0963,-0.0277,-0.0903,81,0,2.4,0.2
STEP_DOWN,0.45,3.0,0.0,270.0,slope,0,6425,100.0,0.2302,4.2035,1.8035,3.4035,3.6,0.1486,999.9996,168,27.82,0.0594,0.4292,0.5877,1.6137,2.0193,698.2351,0.0847,10.3976,0.034,0.2325,0.6,2.4,3.0,1.0,-0.0058,34.4394,-0.1066,-0.1977,0.5423,0.5977,0.5066,666.6852,0.0445,,,,,,0.2302,4.2036,0.1486,1.7062,1.0,10.3974,0.4417,-0.1052,2.2,0.2,0,4.2035,0,0.8,10.3976,0.0436,6.6593,15.0561,0.0985,437.6591,597.0669,0.4417,-0.1052,-0.0249,-0.0926,71,0,2.2,0.2
STEP_DOWN,0.5,3.0,0.0,270.0,slope,0,6426,100.0,0.2739,4.5066,2.3066,3.9066,4.0,0.1568,999.9999,176,33.5163,0.065,0.4388,0.616,1.6425,2.015,701.5162,0.0682,10.0366,0.0344,0.2525,0.6,2.2,3.0,1.0,-0.0095,29.4198,-0.1405,-0.2725,0.5314,0.6725,0.5405,626.5859,0.0421,,,,,,0.2683,4.6066,0.1568,1.7062,1.0,10.1705,0.4887,-0.1429,2.8,0.2,0,4.5066,0,0.6,10.0366,0.0439,6.57,15.4543,0.1033,403.0156,597.0425,0.4883,-0.1451,-0.0204,-0.0885,71,0,2.0,0.3
STEP_DOWN,0.55,3.0,0.0,270.0,slope,0,6427,100.0,0.2884,4.4278,2.2278,3.6278,3.8,0.1581,1000.0,186,38.0852,0.056,0.4043,0.5986,1.3469,1.9078,773.2873,0.0737,10.4504,0.0368,0.2623,0.6,2.2,3.0,1.0,-0.0078,48.7132,-0.145,-0.2717,0.5148,0.6717,0.545,631.3269,0.0461,,,,,,0.2884,4.4279,0.1581,1.7062,1.0,10.4503,0.5354,-0.1446,2.0,0.3,0,4.4278,0,0.8,10.4504,0.0397,6.5246,15.4314,0.0938,427.1103,597.9463,0.5354,-0.1446,-0.0216,-0.0938,71,0,2.0,0.3
STEP_DOWN,0.6,3.0,0.0,270.0,slope,0,6428,100.0,0.3055,4.4902,2.4902,3.6902,4.0,0.1589,999.8903,189,39.0077,0.0561,0.3916,0.6029,1.3147,1.9093,768.4652,0.072,10.5515,0.0384,0.277,0.6,2.0,3.0,1.0,-0.0076,51.6925,-0.158,-0.2997,0.5164,0.6997,0.558,614.9982,0.0497,,,,,,0.3055,4.4902,0.1589,1.7062,1.0,10.5515,0.5806,-0.1596,2.6,0.2,0,4.4902,0,0.8,10.5515,0.0386,6.4789,15.5739,0.0929,427.2765,598.4662,0.5806,-0.1595,-0.0206,-0.097,71,0,2.6,0.2
RIDGE,0.3,0.3,0.0,270.0,fr,1,6429,100.0,0.4743,11.8183,6.6183,7.4183,17.6,0.2652,46.3357,502,499.9998,0.9414,1.0633,1.0637,0.1222,2.3391,123.0016,0.0419,4.8303,0.2273,0.23,0.6,5.2,0.3,1.0,0.0549,-40.5624,-0.9059,-1.6155,0.2938,2.0155,1.3059,196.6317,0.1373,,,,,,0.489,11.8002,0.2652,0.6057,1.0,4.8377,0.2981,-0.8618,8.0,0.4,0,11.8183,1,4.4,4.8303,0.02,1.6012,4.6489,0.0581,338.0568,512.1096,0.2981,-0.8599,-0.1071,-0.6465,1001,1,8.0,0.4
RIDGE,0.3,0.5,0.0,270.0,fr,1,6430,100.0,1.1804,17.8,12.6,16.2,17.8,0.6938,1.0,772,500.0,0.3937,1.0498,1.0716,1.0522,1.2867,1000.0,0.0249,3.2113,0.0753,0.1048,0.6,5.2,0.5,1.0,0.003,-98.4022,-0.8911,-1.9627,0.6002,2.3627,1.2911,604.637,0.0074,,,,,,1.2192,17.8,0.6938,0.6114,1.0,3.2113,0.2981,-1.0527,15.6,1.2,1,17.8,0,1.6,3.2113,0.0142,1.5872,5.6118,0.0501,331.9846,779.1969,0.2981,-1.0446,-0.0038,-0.3778,1001,1,15.6,1.2
RIDGE,0.3,1.0,0.0,270.0,fr,0,6431,100.0,0.2949,11.6717,6.4717,9.4717,10.0,0.3883,999.8585,493,277.8298,0.124,0.5335,0.574,0.813,2.1521,643.8475,0.0288,4.8906,0.0236,0.0873,0.6,5.2,1.0,1.0,-0.0007,79.9229,-0.1567,-0.2852,0.4722,0.6852,0.5567,321.6292,0.0289,,,,,,0.2949,11.6777,0.3883,0.9855,1.0,4.8881,0.2981,-0.152,5.0,0.3,0,11.6717,0,2.2,4.8906,0.0186,2.6548,6.1568,0.0432,303.7902,544.1181,0.2981,-0.1518,-0.0127,-0.0866,191,0,5.0,0.3
RIDGE,0.3,2.0,0.0,270.0,fr,0,6432,100.0,0.1492,5.6908,0.4908,3.0908,3.8,0.133,999.2078,223,211.1159,0.0899,0.362,0.4527,0.8852,2.4629,548.0026,0.1549,9.7431,0.0416,0.1288,0.6,5.2,2.0,1.0,-0.0016,7.2097,-0.0469,-0.0951,0.7982,0.4951,0.4469,395.2516,0.0433,,,,,,0.1492,5.6911,0.133,1.9858,1.0,9.7427,0.2981,-0.0506,4.0,0.15,0,5.6908,0,2.6,9.7431,0.0356,5.1203,10.7402,0.0746,380.9231,512.921,0.2981,-0.0506,-0.0362,-0.0936,91,0,4.0,0.15
RIDGE,0.3,3.0,0.0,270.0,fr,0,6433,100.0,0.2165,7.0656,1.8656,4.8656,6.4,0.2106,1000.0,286,215.0767,0.0935,0.4425,0.5113,0.9345,2.281,607.5407,0.0857,8.0244,0.032,0.114,0.6,5.2,3.0,1.0,-0.006,24.7603,-0.1014,-0.1828,0.5916,0.5828,0.5014,407.9378,0.037,,,,,,0.2165,7.0658,0.2106,2.9755,1.0,8.0241,0.2981,-0.0974,4.8,0.2,0,7.0656,0,2.2,8.0244,0.0394,7.5065,16.654,0.0874,334.6613,570.0931,0.2981,-0.0973,-0.023,-0.0773,71,0,4.8,0.2
RIDGE,0.3,5.0,0.0,270.0,fr,0,6434,100.0,0.2157,6.9398,1.7398,4.7398,6.2,0.2027,999.703,277,217.1674,0.1023,0.4324,0.5048,0.8878,2.3848,580.0012,0.0923,8.1627,0.0339,0.1164,0.6,5.2,5.0,1.0,-0.0072,21.8551,-0.1101,-0.2028,0.5355,0.6028,0.5101,393.201,0.0393,,,,,,0.2157,6.9398,0.2027,4.9521,1.0,8.1626,0.2981,-0.1079,4.8,0.2,0,6.9398,0,2.2,8.1627,0.0431,12.5214,28.01,0.0965,324.0255,570.3792,0.2981,-0.1079,-0.0245,-0.0806,111,0,4.8,0.2
RIDGE,0.5,0.3,0.0,270.0,fr,1,6435,100.0,0.8879,7.9713,4.7713,6.9713,7.8,0.298,25.267,336,160.6727,0.151,0.8018,0.9357,0.8724,1.1785,1000.0,0.0067,7.1264,0.0941,0.2546,0.6,3.2,0.3,1.0,-0.0346,-143.4615,-0.6831,-1.1347,0.6194,1.5347,1.0831,632.6613,0.0038,,,,,,0.8772,7.9938,0.298,0.6239,1.0,7.1065,0.4915,-0.6064,5.0,0.8,0,7.9713,1,1.0,7.1264,-0.0101,0.5645,2.2568,-0.0404,826.1918,464.3939,0.4915,-0.6039,0.007,-0.3798,1001,1,5.0,0.8
RIDGE,0.5,0.5,0.0,270.0,fr,1,6436,100.0,0.3066,1.5633,-1.6367,0.7633,17.8,0.6782,534.6155,52,127.3012,0.4266,0.5023,0.583,1.9672,3.0,355.5498,-0.2822,18.4418,0.1333,0.2152,0.6,3.2,0.5,1.0,nan,-133.4856,-0.0725,-0.1922,1.5771,0.5922,0.4725,326.4536,-0.0837,,,,,,0.3019,1.4486,0.6782,0.6,1.0,17.8229,0.4915,-0.9501,1.0,0.15,0,1.5633,1,0.8,18.4418,0.015,2.4649,5.1905,0.0317,442.317,458.6062,0.4915,-0.946,0.1255,-0.0258,1001,1,1.0,0.15
RIDGE,0.5,1.0,0.0,270.0,fr,0,6437,100.0,0.6802,13.0781,9.8781,11.8781,12.0,0.4481,113.3552,570,480.7573,0.1637,0.7478,0.821,1.1526,0.9275,872.7438,-0.0203,4.3577,0.0166,0.1764,0.6,3.2,1.0,1.0,-0.0254,-110.1323,-0.3102,-0.5005,0.7888,0.9005,0.7102,436.1686,-0.0057,,,,,,0.6974,13.3925,0.4481,0.9853,1.0,4.2558,0.4915,-0.2824,5.8,0.6,0,13.0781,0,1.2,4.3577,0.0045,2.4958,6.8253,0.0123,254.1174,445.0026,0.4915,-0.2664,0.0139,-0.0668,601,0,5.6,0.6
RIDGE,0.5,2.0,0.0,270.0,fr,0,6438,100.0,0.4003,7.1919,3.9919,5.9919,6.6,0.2545,59.3351,300,198.9447,0.0946,0.475,0.626,0.7894,0.6796,502.1968,0.0145,7.8894,0.0331,0.2359,0.6,3.2,2.0,1.0,-0.0113,45.252,-0.1989,-0.3673,0.5001,0.7673,0.5989,384.3319,0.0295,,,,,,0.4003,7.1914,0.2545,1.9858,1.0,7.8899,0.4915,-0.1955,4.0,0.3,0,7.1919,0,1.2,7.8894,0.0311,4.8608,11.9246,0.0763,282.0766,534.5186,0.4915,-0.1955,-0.0079,-0.0613,91,0,4.0,0.3
RIDGE,0.5,3.0,0.0,270.0,fr,0,6439,100.0,0.3928,9.3592,6.1592,8.1592,8.4,0.3228,76.0394,399,199.8176,0.098,0.5491,0.6546,0.7216,0.708,612.2103,0.0088,6.0782,0.0232,0.2046,0.6,3.2,3.0,1.0,-0.0083,54.4154,-0.2229,-0.3965,0.5041,0.7965,0.6229,430.0515,0.0192,,,,,,0.3822,9.3426,0.3228,2.9753,1.0,6.0889,0.4915,-0.2089,4.6,0.3,0,9.3592,0,1.2,6.0782,0.027,7.2522,18.1429,0.0676,271.038,625.3429,0.4915,-0.2111,-0.0034,-0.0488,301,0,4.6,0.4
RIDGE,0.5,5.0,0.0,270.0,fr,0,6440,100.0,0.4826,9.0925,5.8925,7.8925,8.4,0.2975,105.6362,390,241.0169,0.1077,0.5776,0.6944,0.8056,0.8201,620.9474,0.0015,6.255,0.0271,0.2119,0.6,3.2,5.0,1.0,-0.0187,7.4958,-0.2973,-0.5368,0.5231,0.9368,0.6973,431.6305,0.0175,,,,,,0.4949,9.1702,0.2975,4.9517,1.0,6.2025,0.4915,-0.2924,4.4,0.4,0,9.0925,0,1.2,6.255,0.0291,11.5776,31.3678,0.0789,260.27,641.5777,0.4915,-0.2857,0.0009,-0.0508,1001,1,4.4,0.4
RIDGE,0.3,3.0,100.0,270.0,heat,0,6441,100.0,0.0,0.0,,,,0.0054,,,,,,,,,,,,,,,5.2,3.0,0.0,,,,,,,,,,,,,,,0.0,0.0,0.0054,2.9572,0.0,-1.0,0.2981,0.0,0.0,0.0,,,,,-1.0,,,,,,,0.2981,0.0,,,71,0,0.0,0.0
RIDGE,0.5,3.0,100.0,270.0,heat,0,6442,100.0,0.3042,5.4445,2.2445,4.0445,5.0,0.1733,999.9959,228,190.1752,0.122,0.3687,0.579,1.0252,2.1671,659.5155,0.0701,10.373,0.0382,0.2665,0.6,3.2,3.0,1.0,-0.0131,38.0297,-0.1656,-0.318,0.4192,0.718,0.5656,393.4681,0.0418,,,,,,0.3042,5.4444,0.1733,2.9569,1.0,10.3733,0.4915,-0.1692,3.0,0.3,0,5.4445,0,1.4,10.373,0.068,7.349,17.458,0.1616,284.4534,634.5947,0.4915,-0.1692,-0.0176,-0.0891,81,0,3.0,0.3
RIDGE,0.3,3.0,250.0,270.0,heat,0,6443,100.0,0.0,0.0,,,,0.0,,,,,,,,,,,,,,,5.2,3.0,0.0,,,,,,,,,,,,,,,0.0,0.0,0.0,2.9484,0.0,-1.0,0.2981,0.0,0.0,0.0,,,,,-1.0,,,,,,,0.2981,0.0,,,71,0,0.0,0.0
RIDGE,0.5,3.0,250.0,270.0,heat,0,6444,100.0,0.2087,4.3163,1.1163,2.7163,3.8,0.117,999.9445,174,227.6014,0.1426,0.2756,0.5226,0.9613,2.2009,628.5526,0.1316,12.9719,0.0469,0.2914,0.6,3.2,3.0,1.0,-0.0079,29.8899,-0.097,-0.1689,0.6201,0.5689,0.497,404.5161,0.0577,,,,,,0.2087,4.3163,0.117,2.9481,1.0,12.9719,0.4915,-0.0899,3.0,0.2,0,4.3163,0,1.6,12.9719,0.0959,7.6183,16.8023,0.2114,347.4925,627.0242,0.4915,-0.0899,-0.0339,-0.1213,81,0,3.0,0.2
RIDGE,0.3,3.0,0.0,300.0,oblique,0,6445,100.0,0.0,0.0,,,,0.0018,,,,,,,,,,,,,,,4.8,3.0,0.0,,,,,,,,,,0.1236,4.9895,1.0,10.6765,-0.0246,0.0,0.0,0.0018,2.2384,0.0,-1.0,0.0,0.0,0.0,0.0,,,,,-1.0,,,,,,,0.2979,0.0,,,121,0,0.0,0.0
RIDGE,0.5,3.0,0.0,300.0,oblique,0,6446,100.0,0.4523,3.8931,1.0931,2.6931,2.6,0.0095,1.0004,159,214.7065,0.1055,0.4288,0.6545,1.3525,0.5959,999.9992,-0.0253,14.0651,0.0062,0.3109,0.6,2.8,3.0,1.0,-0.0245,-89.0851,-0.0753,-0.1215,1.8745,0.5215,0.4753,556.1746,-0.0189,0.3939,6.3487,1.0,8.8525,-0.062,0.0,0.0,0.0095,2.2384,0.0,-1.0,0.0,0.0,0.0,0.0,0,3.8931,0,1.2,14.0651,0.028,7.3648,16.0601,0.061,415.9133,508.2034,0.4926,-0.0647,0.0165,-0.0002,141,0,2.2,0.4
RIDGE,0.3,3.0,0.0,330.0,oblique,0,6447,100.0,0.0581,2.8309,-1.7691,0.4309,0.0,0.001,999.8614,105,189.5087,0.0635,0.2918,0.395,1.1608,2.4701,613.3439,0.0995,13.888,0.0192,0.1259,0.6,4.6,3.0,1.0,nan,-26.4445,-0.0046,-0.007,nan,0.407,0.4046,424.9093,0.0253,0.0,0.0,0.0,-1.0,0.0,0.0,0.0,0.001,2.2384,0.0,-1.0,0.0352,0.0,0.0,0.0,0,2.8309,0,2.4,13.888,,,,,,,0.2978,-0.0037,-0.0247,-0.0485,81,0,2.4,0.05
RIDGE,0.5,3.0,0.0,330.0,oblique,0,6448,100.0,0.0,0.0,,,,0.0024,,,,,,,,,,,,,,,2.8,3.0,0.0,,,,,,,,,,0.2321,4.0304,1.0,13.6819,-0.0491,0.0,0.0,0.0024,2.2394,0.0,-1.0,0.0008,0.0,0.0,0.0,,,,,-1.0,,,,,,,0.4895,0.0,,,71,0,0.0,0.0
RIDGE,0.15,3.0,0.0,270.0,slope,0,6449,400.0,0.0,0.0,,,,0.0,,,,,,,,,,,,,,,10.4,3.0,0.0,,,,,,,,,,,,,,,0.0,0.0,0.0,2.9728,0.0,-1.0,0.1457,0.0,0.0,0.0,,,,,-1.0,,,,,,,0.1457,0.0,,,,,0.0,0.0
RIDGE,0.2,3.0,0.0,270.0,slope,0,6450,400.0,0.0,0.0,,,,0.0,,,,,,,,,,,,,,,8.0,3.0,0.0,,,,,,,,,,,,,,,0.0,0.0,0.0,2.9723,0.0,-1.0,0.1922,0.0,0.0,0.0,,,,,-1.0,,,,,,,0.1922,0.0,,,,,0.0,0.0
RIDGE,0.25,3.0,0.0,270.0,slope,0,6451,400.0,0.1082,5.6772,-0.7228,0.8772,0.0,0.0049,999.8081,59,267.6977,0.1344,0.4094,0.4357,1.1427,2.2518,630.065,0.1075,8.9415,0.0213,0.0526,0.6,6.4,3.0,1.0,nan,-27.3088,-0.0061,-0.0092,nan,0.4092,0.4061,483.8609,0.0216,,,,,,0.1082,5.6772,0.0049,2.9715,1.0,8.9416,0.2306,-0.0049,5.6,0.1,0,5.6772,0,4.8,8.9415,,,,,,,0.2306,-0.0049,-0.0208,-0.0597,,,5.6,0.1
RIDGE,0.3,3.0,0.0,270.0,slope,0,6452,400.0,0.2769,6.2265,0.6265,3.8265,4.0,0.0249,1.0005,59,270.6089,0.1273,0.4685,0.528,0.8694,0.5973,564.0571,0.0193,8.7512,0.0177,0.1005,0.6,5.6,3.0,1.0,-0.0027,-52.9564,-0.0651,-0.1113,1.4382,0.5113,0.4651,494.5485,0.0072,,,,,,0.2769,6.2264,0.0249,2.9704,1.0,8.7513,0.2769,-0.0593,4.0,0.3,0,6.2265,0,2.4,8.7512,0.0521,7.8042,16.6476,0.1111,397.9982,578.0107,0.2769,-0.0593,-0.008,-0.0402,,,4.0,0.3
RIDGE,0.35,3.0,0.0,270.0,slope,0,6453,400.0,0.1917,5.1328,0.3328,1.1328,0.0,0.0108,999.9681,53,278.5905,0.1386,0.3838,0.4886,1.4134,2.1809,644.4014,0.075,10.3785,0.0225,0.1575,0.6,4.8,3.0,1.0,-0.003,-43.3658,-0.0366,-0.0388,1.9844,0.4388,0.4366,464.1147,0.0219,,,,,,0.1917,5.1328,0.0108,2.9694,1.0,10.3784,0.3075,-0.0207,4.8,0.2,0,5.1328,0,4.0,10.3785,,,,,,,0.3075,-0.0207,-0.0181,-0.0525,,,4.8,0.2
RIDGE,0.4,3.0,0.0,270.0,slope,0,6454,400.0,0.2417,5.2467,0.4467,2.0467,4.0,0.0173,1.0003,53,319.4511,0.1359,0.3936,0.5275,0.9376,0.5672,555.2152,0.0243,10.2454,0.0217,0.1998,0.6,4.8,3.0,1.0,-0.0041,-32.1439,-0.072,-0.1074,1.129,0.5074,0.472,468.2043,0.0206,,,,,,0.2417,5.2467,0.0173,2.968,1.0,10.2455,0.3344,-0.0571,4.0,0.2,0,5.2467,0,3.2,10.2454,,,,,,,0.3344,-0.0571,-0.0145,-0.0502,,,4.0,0.2
RIDGE,0.45,3.0,0.0,270.0,slope,0,6455,400.0,0.3176,5.6538,1.6538,3.2538,4.8,0.0279,1.4502,63,243.2813,0.1246,0.4478,0.5744,0.8434,0.6014,605.1248,0.0183,9.4844,0.0198,0.2081,0.6,4.0,3.0,1.0,-0.0074,-31.2339,-0.0818,-0.1546,1.0412,0.5546,0.4818,482.3661,0.0166,,,,,,0.3176,5.6538,0.0279,2.9665,1.0,9.4843,0.3741,-0.0823,4.0,0.3,0,5.6538,0,2.4,9.4844,0.043,7.6626,16.6311,0.0934,432.0651,582.4475,0.3741,-0.0823,-0.0092,-0.0428,,,4.0,0.3
RIDGE,0.5,3.0,0.0,270.0,slope,0,6456,400.0,0.4182,6.2928,2.2928,4.6928,5.6,0.0387,2.8715,63,236.7884,0.1162,0.4841,0.6235,0.9569,0.6471,577.4536,0.0085,8.4328,0.0199,0.2241,0.6,4.0,3.0,1.0,-0.008,-24.5038,-0.1242,-0.2234,0.9802,0.6234,0.5242,467.9905,0.0067,,,,,,0.4182,6.2928,0.0387,2.9648,1.0,8.4328,0.4057,-0.1189,4.0,0.4,0,6.2928,0,1.6,8.4328,0.0469,7.5736,17.1307,0.1061,390.6744,588.0806,0.4057,-0.1189,-0.0011,-0.0336,,,4.0,0.4
RIDGE,0.55,3.0,0.0,270.0,slope,0,6457,400.0,0.4278,6.4068,3.2068,4.8068,5.6,0.0387,24.0146,73,256.478,0.1095,0.5124,0.64,1.0377,0.6744,655.6237,0.0094,8.1706,0.021,0.2177,0.6,3.2,3.0,1.0,-0.0092,-38.4989,-0.1483,-0.2741,0.8744,0.6741,0.5483,521.3055,0.0079,,,,,,0.4277,6.4068,0.0387,2.963,1.0,8.1706,0.4292,-0.146,4.0,0.4,0,6.4068,0,1.6,8.1706,0.0343,7.4381,17.2435,0.0795,415.7442,604.4099,0.4292,-0.1459,-0.0013,-0.0343,,,4.0,0.4
RIDGE,0.6,3.0,0.0,270.0,slope,0,6458,400.0,0.442,6.3902,3.1902,4.7902,5.6,0.0387,1.0,64,270.4701,0.1091,0.5012,0.6495,1.0572,0.6711,592.6315,0.0062,8.0696,0.0202,0.2376,0.6,3.2,3.0,1.0,-0.0096,-22.8457,-0.1696,-0.2661,0.9043,0.6661,0.5696,488.822,0.0083,,,,,,0.442,6.3902,0.0387,2.9611,1.0,8.0696,0.4455,-0.1417,4.0,0.4,0,6.3902,0,1.6,8.0696,0.039,7.3819,17.4718,0.0923,407.5342,594.1275,0.4455,-0.1416,0.0006,-0.0338,,,4.0,0.4
HILL,0.15,3.0,0.0,270.0,slope,0,6459,400.0,0.0,0.0,,,,0.0,,,,,,,,,,,,,,,10.4,3.0,0.0,,,,,,,,,,,,,,,0.0,0.0,0.0,2.9725,0.0,-1.0,0.1448,0.0,0.0,0.0,,,,,-1.0,,,,,,,0.1448,0.0,,,,,0.0,0.0
HILL,0.2,3.0,0.0,270.0,slope,0,6460,400.0,0.0,0.0,,,,0.0,,,,,,,,,,,,,,,8.0,3.0,0.0,,,,,,,,,,,,,,,0.0,0.0,0.0,2.9714,0.0,-1.0,0.19,0.0,0.0,0.0,,,,,-1.0,,,,,,,0.19,0.0,,,,,0.0,0.0
HILL,0.25,3.0,0.0,270.0,slope,0,6461,400.0,0.0,0.0,,,,0.0,,,,,,,,,,,,,,,6.4,3.0,0.0,,,,,,,,,,,,,,,0.0,0.0,0.0,2.9698,0.0,-1.0,0.2265,0.0,0.0,0.0,,,,,-1.0,,,,,,,0.2265,0.0,,,,,0.0,0.0
HILL,0.3,3.0,0.0,270.0,slope,0,6462,400.0,0.0,0.0,,,,0.0,,,,,,,,,,,,,,,5.6,3.0,0.0,,,,,,,,,,,,,,,0.0,0.0,0.0,2.9678,0.0,-1.0,0.27,0.0,0.0,0.0,,,,,-1.0,,,,,,,0.27,0.0,,,,,0.0,0.0
HILL,0.35,3.0,0.0,270.0,slope,0,6463,400.0,0.0,0.0,,,,0.0,,,,,,,,,,,,,,,4.8,3.0,0.0,,,,,,,,,,,,,,,0.0,0.0,0.0,2.9655,0.0,-1.0,0.297,0.0,0.0,0.0,,,,,-1.0,,,,,,,0.297,0.0,,,,,0.0,0.0
HILL,0.4,3.0,0.0,270.0,slope,0,6464,400.0,0.1147,3.4911,-1.3089,1.0911,0.0,0.0005,999.9228,35,168.8317,0.1263,0.313,0.4465,1.5026,2.4375,583.9748,0.095,12.7911,0.0194,0.1871,0.6,4.8,3.0,1.0,nan,-36.1788,-0.0112,-0.0176,nan,0.4176,0.4112,493.0071,0.0159,,,,,,0.1147,3.4911,0.0005,2.9629,1.0,12.7911,0.3197,-0.0094,3.2,0.1,0,3.4911,0,2.4,12.7911,,,,,,,0.3197,-0.0094,-0.0197,-0.0517,,,3.2,0.1
HILL,0.45,3.0,0.0,270.0,slope,0,6465,400.0,0.143,3.4086,-0.5914,1.0086,0.0,0.0005,1.0,35,208.8863,0.1273,0.3278,0.4832,1.8011,0.5163,487.5309,0.0298,13.3921,0.0199,0.2184,0.6,4.0,3.0,1.0,nan,-52.2025,-0.0202,-0.0247,3.5494,0.4247,0.4202,521.1142,0.0156,,,,,,0.143,3.4086,0.0005,2.96,1.0,13.3921,0.3535,-0.0132,2.4,0.15,0,3.4086,0,2.4,13.3921,,,,,,,0.3535,-0.0132,-0.017,-0.0529,,,2.4,0.15
HILL,0.5,3.0,0.0,270.0,slope,0,6466,400.0,0.0,0.0,,,,0.0,,,,,,,,,,,,,,,4.0,3.0,0.0,,,,,,,,,,,,,,,0.0,0.0,0.0,2.9569,0.0,-1.0,0.3785,0.0,0.0,0.0,,,,,-1.0,,,,,,,0.3785,0.0,,,,,0.0,0.0
HILL,0.55,3.0,0.0,270.0,slope,0,6467,400.0,0.0834,2.6995,-0.5005,0.2995,0.0,0.0003,1.0,27,211.4422,0.1341,0.311,0.4666,2.8334,0.4736,488.7377,0.0241,15.1344,0.0158,0.2267,0.6,3.2,3.0,1.0,nan,-25.2766,-0.0158,-0.0158,nan,0.4158,0.4158,508.3586,0.0081,,,,,,0.0834,2.6995,0.0003,2.9536,1.0,15.1344,0.3948,-0.0084,2.4,0.1,0,2.6995,0,2.4,15.1344,,,,,,,0.3948,-0.0084,-0.0124,-0.0488,,,2.4,0.1
HILL,0.6,3.0,0.0,270.0,slope,0,6468,400.0,0.0,0.0,,,,0.0003,,,,,,,,,,,,,,,3.2,3.0,0.0,,,,,,,,,,,,,,,0.0,0.0,0.0003,2.9502,0.0,-1.0,0.4035,0.0,0.0,0.0,,,,,-1.0,,,,,,,0.4035,0.0,,,,,0.0,0.0
STEP_DOWN,0.15,3.0,0.0,270.0,slope,0,6469,400.0,0.0,0.0,,,,0.0,,,,,,,,,,,,,,,8.0,3.0,0.0,,,,,,,,,,,,,,,0.0,0.0,0.0,1.7092,0.0,-1.0,0.1446,0.0,0.0,0.0,,,,,-1.0,,,,,,,0.1446,0.0,,,,,0.0,0.0
STEP_DOWN,0.2,3.0,0.0,270.0,slope,0,6470,400.0,0.0,0.0,,,,0.0,,,,,,,,,,,,,,,6.4,3.0,0.0,,,,,,,,,,,,,,,0.0,0.0,0.0,1.7092,0.0,-1.0,0.1877,0.0,0.0,0.0,,,,,-1.0,,,,,,,0.1877,0.0,,,,,0.0,0.0
STEP_DOWN,0.25,3.0,0.0,270.0,slope,0,6471,400.0,0.0,0.0,,,,0.0,,,,,,,,,,,,,,,5.6,3.0,0.0,,,,,,,,,,,,,,,0.0,0.0,0.0,1.7092,0.0,-1.0,0.2273,0.0,0.0,0.0,,,,,-1.0,,,,,,,0.2273,0.0,,,,,0.0,0.0
STEP_DOWN,0.3,3.0,0.0,270.0,slope,0,6472,400.0,0.0,0.0,,,,0.0019,,,,,,,,,,,,,,,4.0,3.0,0.0,,,,,,,,,,,,,,,0.0,0.0,0.0019,1.7092,0.0,-1.0,0.263,0.0,0.0,0.0,,,,,-1.0,,,,,,,0.263,0.0,,,,,0.0,0.0
STEP_DOWN,0.35,3.0,0.0,270.0,slope,0,6473,400.0,0.2193,3.9433,-0.0567,2.3433,0.0,0.0465,999.8631,37,119.0633,0.0671,0.4579,0.5644,1.9449,1.8686,859.9332,0.0617,11.2865,0.0198,0.1596,0.6,4.0,3.0,1.0,-0.0028,-12.233,-0.0587,-0.0799,1.5963,0.4799,0.4587,587.4662,0.0232,,,,,,0.2193,3.9434,0.0465,1.7092,1.0,11.2865,0.295,-0.0426,3.2,0.2,0,3.9433,0,1.6,11.2865,,,,,,,0.295,-0.0425,-0.018,-0.0538,,,3.2,0.2
STEP_DOWN,0.4,3.0,0.0,270.0,slope,0,6474,400.0,0.2321,3.8946,0.6946,2.2946,0.0,0.0465,999.9534,37,131.1988,0.067,0.4316,0.5702,1.6587,1.739,960.8046,0.0558,11.8946,0.0198,0.2022,0.6,3.2,3.0,1.0,-0.0036,-7.3874,-0.056,-0.0739,1.7174,0.4739,0.456,585.798,0.025,,,,,,0.2321,3.8946,0.0465,1.7092,1.0,11.8945,0.3233,-0.0393,3.2,0.2,0,3.8946,0,1.6,11.8946,,,,,,,0.3233,-0.0393,-0.0174,-0.0546,,,3.2,0.2
STEP_DOWN,0.45,3.0,0.0,270.0,slope,0,6475,400.0,0.2483,3.8605,0.6605,2.2605,0.0,0.0465,999.9328,38,142.636,0.0668,0.4058,0.5683,1.7349,1.7947,900.5311,0.0576,12.3822,0.0211,0.2299,0.6,3.2,3.0,1.0,-0.0029,-7.6915,-0.0532,-0.0695,1.8062,0.4695,0.4532,583.5373,0.0272,,,,,,0.2483,3.8605,0.0465,1.7092,1.0,12.3822,0.3483,-0.037,3.2,0.2,0,3.8605,0,1.6,12.3822,,,,,,,0.3483,-0.037,-0.0168,-0.0538,,,3.2,0.2
STEP_DOWN,0.5,3.0,0.0,270.0,slope,0,6476,400.0,0.2608,3.8355,0.6355,2.2355,0.0,0.04,1.0007,38,165.375,0.0666,0.3927,0.5717,1.2349,0.5546,720.6005,0.0265,12.778,0.022,0.252,0.6,3.2,3.0,1.0,-0.0033,-3.9611,-0.0511,-0.0663,1.871,0.4663,0.4511,580.0485,0.0266,,,,,,0.2608,3.8355,0.04,1.7092,1.0,12.778,0.3704,-0.0353,3.2,0.2,0,3.8355,0,1.6,12.778,,,,,,,0.3704,-0.0353,-0.0163,-0.053,,,3.2,0.2
STEP_DOWN,0.55,3.0,0.0,270.0,slope,0,6477,400.0,0.2707,3.8173,0.6173,2.2173,0.0,0.0384,1.0,39,175.5896,0.0654,0.3704,0.5669,1.2537,0.5519,694.6436,0.0268,13.0961,0.0232,0.2628,0.6,3.2,3.0,1.0,-0.0035,-0.4479,-0.0495,-0.0639,1.9163,0.4639,0.4495,576.9804,0.0262,,,,,,0.2707,3.8172,0.0384,1.7092,1.0,13.0964,0.3899,-0.034,3.2,0.2,0,3.8173,0,1.6,13.0961,,,,,,,0.3899,-0.034,-0.0161,-0.0523,,,3.2,0.2
STEP_DOWN,0.6,3.0,0.0,270.0,slope,0,6478,400.0,0.2787,3.8033,0.6033,2.2033,0.0,0.0376,1.0,39,184.8349,0.0648,0.3537,0.5682,1.2159,0.5517,699.8019,0.0263,13.3571,0.0233,0.2737,0.6,3.2,3.0,1.0,-0.0038,2.6018,-0.0482,-0.062,1.9504,0.462,0.4482,574.4589,0.026,,,,,,0.2787,3.8033,0.0376,1.7092,1.0,13.3573,0.407,-0.033,3.2,0.3,0,3.8033,0,1.6,13.3571,,,,,,,0.407,-0.033,-0.0159,-0.0516,,,3.2,0.3
RIDGE,0.3,0.3,0.0,270.0,fr,1,6479,400.0,0.3202,8.8952,3.2952,6.4952,7.2,0.0368,24.8048,95,357.2106,0.1957,0.5571,0.5897,0.7771,0.6667,456.4441,0.0106,6.2536,0.0139,0.0797,0.6,5.6,0.3,1.0,-0.0039,11.1688,-0.1012,-0.1907,0.8309,0.5907,0.5012,383.9468,0.0118,,,,,,0.3202,8.8951,0.0368,0.3157,1.0,6.2536,0.2769,-0.1015,5.6,0.3,0,8.8952,0,2.4,6.2536,0.0325,0.9108,1.9832,0.0708,289.3806,531.1596,0.2769,-0.1015,-0.0066,-0.0438,,,5.6,0.3
RIDGE,0.3,0.5,0.0,270.0,fr,0,6480,400.0,0.3713,10.5427,4.9427,8.1427,8.8,0.0454,38.6714,113,345.7651,0.1524,0.5966,0.6236,0.77,0.6993,585.1069,0.0049,5.283,0.01,0.0734,0.6,5.6,0.5,1.0,-0.0047,5.7151,-0.1335,-0.2375,0.8021,0.6375,0.5335,396.2839,0.0084,,,,,,0.3713,10.5426,0.0454,0.4962,1.0,5.283,0.2769,-0.1264,6.4,0.4,0,10.5427,0,2.4,5.283,0.024,1.4041,3.1636,0.054,338.8528,568.3357,0.2769,-0.1264,-0.0023,-0.0314,,,6.4,0.4
RIDGE,0.3,1.0,0.0,270.0,fr,0,6481,400.0,0.3529,9.2035,3.6035,6.8035,7.2,0.0403,27.0216,95,341.353,0.1498,0.5693,0.6021,0.8564,0.659,543.5614,0.0068,6.0459,0.0113,0.0797,0.6,5.6,1.0,1.0,-0.0052,4.6282,-0.1118,-0.1826,0.9564,0.5826,0.5118,399.8158,0.0082,,,,,,0.3529,9.2036,0.0403,0.9837,1.0,6.0459,0.2769,-0.0972,5.6,0.3,0,9.2035,0,2.4,6.0459,0.0308,2.7947,6.1843,0.0681,328.2636,556.6931,0.2769,-0.0972,-0.0037,-0.0343,,,5.6,0.3
RIDGE,0.3,2.0,0.0,270.0,fr,0,6482,400.0,0.2292,5.034,-0.566,1.834,0.0,0.017,999.9578,50,245.452,0.1254,0.4061,0.4807,1.3539,2.3335,647.1308,0.0799,10.1725,0.0203,0.1081,0.6,5.6,2.0,1.0,nan,-51.8142,-0.0385,-0.0523,2.3811,0.4523,0.4385,495.8605,0.0105,,,,,,0.2292,5.034,0.017,1.9821,1.0,10.1726,0.2769,-0.0278,4.0,0.2,0,5.034,0,3.2,10.1725,,,,,,,0.2769,-0.0278,-0.0142,-0.0549,,,4.0,0.2
RIDGE,0.3,3.0,0.0,270.0,fr,0,6483,400.0,0.2769,6.2265,0.6265,3.8265,4.0,0.0249,1.0005,59,270.6089,0.1273,0.4685,0.528,0.8694,0.5973,564.0571,0.0193,8.7512,0.0177,0.1005,0.6,5.6,3.0,1.0,-0.0027,-52.9564,-0.0651,-0.1113,1.4382,0.5113,0.4651,494.5485,0.0072,,,,,,0.2769,6.2264,0.0249,2.9704,1.0,8.7513,0.2769,-0.0593,4.0,0.3,0,6.2265,0,2.4,8.7512,0.0521,7.8042,16.6476,0.1111,397.9982,578.0107,0.2769,-0.0593,-0.008,-0.0402,,,4.0,0.3
RIDGE,0.3,5.0,0.0,270.0,fr,0,6484,400.0,0.2716,6.1223,0.5223,3.7223,4.0,0.0233,1.0081,59,275.2072,0.1376,0.4654,0.5251,0.8298,0.6013,560.7559,0.0205,8.8709,0.0182,0.1006,0.6,5.6,5.0,1.0,-0.0022,-48.8861,-0.0638,-0.1108,1.4162,0.5108,0.4638,489.9331,0.0078,,,,,,0.2716,6.1222,0.0233,4.9434,1.0,8.871,0.2769,-0.059,4.0,0.3,0,6.1223,0,2.4,8.8709,0.0566,13.0913,27.8804,0.1205,382.6351,579.2406,0.2769,-0.059,-0.0085,-0.0425,,,4.0,0.3
RIDGE,0.5,0.3,0.0,270.0,fr,1,6485,400.0,0.3773,7.6582,3.6582,6.0582,6.4,0.0379,13.4684,81,263.2725,0.1782,0.5197,0.6238,0.7949,0.6717,429.5174,0.0085,6.9456,0.0168,0.1972,0.6,4.0,0.3,1.0,-0.0049,18.02,-0.1245,-0.2419,0.8492,0.6419,0.5245,342.9135,0.0162,,,,,,0.3773,7.6581,0.0379,0.3114,1.0,6.9456,0.4057,-0.1287,4.0,0.4,0,7.6582,0,1.6,6.9456,0.0365,0.9119,2.0225,0.0809,306.0477,537.1147,0.4057,-0.1287,-0.0047,-0.0397,,,4.0,0.4
RIDGE,0.5,0.5,0.0,270.0,fr,0,6486,400.0,0.4177,8.3393,4.3393,6.7393,6.4,0.0487,24.7258,90,251.9684,0.1436,0.5507,0.6429,0.8602,0.6849,526.6725,0.0038,6.3832,0.0137,0.1883,0.6,4.0,0.5,1.0,-0.0076,5.7758,-0.1411,-0.2642,0.8108,0.6642,0.5411,380.2407,0.009,,,,,,0.4177,8.3392,0.0487,0.4957,1.0,6.3832,0.4057,-0.1406,4.0,0.4,0,8.3393,0,1.6,6.3832,0.0318,1.4091,3.1938,0.072,337.0917,566.1877,0.4057,-0.1406,-0.0009,-0.0233,,,4.0,0.4
RIDGE,0.5,1.0,0.0,270.0,fr,0,6487,400.0,0.41,7.752,3.752,6.152,6.4,0.0433,14.772,81,248.9199,0.1376,0.5288,0.6323,0.8776,0.6636,503.1104,0.0062,6.8623,0.0152,0.1977,0.6,4.0,1.0,1.0,-0.0068,5.7529,-0.1302,-0.2341,0.9511,0.6341,0.5302,379.7083,0.012,,,,,,0.41,7.7521,0.0433,0.983,1.0,6.8623,0.4057,-0.1246,4.0,0.4,0,7.752,0,1.6,6.8623,0.0375,2.7781,6.249,0.0843,322.8047,557.2199,0.4057,-0.1246,-0.0022,-0.0276,,,4.0,0.4
RIDGE,0.5,2.0,0.0,270.0,fr,0,6488,400.0,0.3787,5.4549,1.4549,3.8549,4.8,0.0324,1.0122,54,233.2669,0.1103,0.4211,0.5908,1.0095,0.6096,548.3555,0.0135,9.7019,0.0223,0.2402,0.6,4.0,2.0,1.0,-0.0084,-29.251,-0.0893,-0.1633,1.0764,0.5633,0.4893,451.9567,0.0097,,,,,,0.3787,5.455,0.0324,1.9788,1.0,9.7018,0.4057,-0.0869,4.0,0.3,0,5.4549,0,1.6,9.7019,0.0569,5.124,11.1985,0.1243,375.2356,563.1718,0.4057,-0.0869,-0.0045,-0.0398,,,4.0,0.3
RIDGE,0.5,3.0,0.0,270.0,fr,0,6489,400.0,0.4182,6.2928,2.2928,4.6928,5.6,0.0387,2.8715,63,236.7884,0.1162,0.4841,0.6235,0.9569,0.6471,577.4536,0.0085,8.4328,0.0199,0.2241,0.6,4.0,3.0,1.0,-0.008,-24.5038,-0.1242,-0.2234,0.9802,0.6234,0.5242,467.9905,0.0067,,,,,,0.4182,6.2928,0.0387,2.9648,1.0,8.4328,0.4057,-0.1189,4.0,0.4,0,6.2928,0,1.6,8.4328,0.0469,7.5736,17.1307,0.1061,390.6744,588.0806,0.4057,-0.1189,-0.0011,-0.0336,,,4.0,0.4
RIDGE,0.5,5.0,0.0,270.0,fr,0,6490,400.0,0.4067,6.008,2.008,4.408,4.8,0.0338,3.5623,63,238.9595,0.1262,0.4735,0.615,0.9122,0.6467,585.861,0.0108,8.8262,0.0209,0.2241,0.6,4.0,5.0,1.0,-0.0107,-28.2535,-0.1157,-0.2223,0.9248,0.6223,0.5157,463.2516,0.0077,,,,,,0.4067,6.0078,0.0338,4.9334,1.0,8.8264,0.4057,-0.1183,4.0,0.4,0,6.008,0,1.6,8.8262,0.0528,12.7675,28.613,0.1183,374.5419,593.1757,0.4057,-0.1183,-0.0024,-0.0349,,,4.0,0.4
RIDGE,0.3,3.0,100.0,270.0,heat,0,6491,400.0,0.0,0.0,,,,0.0051,,,,,,,,,,,,,,,5.6,3.0,0.0,,,,,,,,,,,,,,,0.0,0.0,0.0051,2.9509,0.0,-1.0,0.2769,0.0,0.0,0.0,,,,,-1.0,,,,,,,0.2769,0.0,,,,,0.0,0.0
RIDGE,0.5,3.0,100.0,270.0,heat,0,6492,400.0,0.2705,4.3239,0.3239,1.9239,0.0,0.0176,1.0031,45,239.5504,0.1461,0.3529,0.5485,0.9903,0.57,581.4768,0.0244,12.0774,0.0238,0.2571,0.6,4.0,3.0,1.0,-0.0091,-43.9448,-0.0511,-0.0613,2.1869,0.4613,0.4511,491.7278,0.0127,,,,,,0.2705,4.324,0.0176,2.9433,1.0,12.0772,0.4057,-0.0326,3.2,0.3,0,4.3239,0,2.4,12.0774,,,,,,,0.4057,-0.0326,-0.0108,-0.0466,,,3.2,0.3
RIDGE,0.3,3.0,250.0,270.0,heat,0,6493,400.0,0.0,0.0,,,,0.0,,,,,,,,,,,,,,,5.6,3.0,0.0,,,,,,,,,,,,,,,0.0,0.0,0.0,2.9421,0.0,-1.0,0.2769,0.0,0.0,0.0,,,,,-1.0,,,,,,,0.2769,0.0,,,,,0.0,0.0
RIDGE,0.5,3.0,250.0,270.0,heat,0,6494,400.0,0.1147,3.2361,-0.7639,0.0361,0.0,0.0059,999.9179,36,223.0992,0.1703,0.3078,0.4995,1.4678,2.1089,701.89,0.094,15.0424,0.0255,0.2541,0.6,4.0,3.0,1.0,nan,-53.7138,-0.0032,-0.0032,nan,0.4032,0.4032,508.7786,0.0168,,,,,,0.1147,3.2362,0.0059,2.9339,1.0,15.0424,0.4057,-0.0017,3.2,0.1,0,3.2361,0,3.2,15.0424,,,,,,,0.4057,-0.0017,-0.019,-0.0625,,,3.2,0.1
RIDGE,0.3,3.0,0.0,300.0,oblique,0,6495,400.0,0.0,0.0,,,,0.0,,,,,,,,,,,,,,,5.6,3.0,0.0,,,,,,,,,,0.239,5.264,1.0,9.8979,-0.0312,0.0,0.0,0.0,2.9331,0.0,-1.0,0.2391,0.0,0.0,0.0,,,,,-1.0,,,,,,,0.2391,0.0,,,,,0.0,0.0
RIDGE,0.5,3.0,0.0,300.0,oblique,0,6496,400.0,0.0,0.0,,,,0.0,,,,,,,,,,,,,,,4.0,3.0,0.0,,,,,,,,,,0.3868,5.4414,1.0,9.7254,-0.0835,0.0,0.0,0.0,2.9252,0.0,-1.0,0.3606,0.0,0.0,0.0,,,,,-1.0,,,,,,,0.3606,0.0,,,,,0.0,0.0
RIDGE,0.3,3.0,0.0,330.0,oblique,0,6497,400.0,0.0,0.0,,,,0.0,,,,,,,,,,,,,,,9.6,3.0,0.0,,,,,,,,,,0.0,0.0,0.0,-1.0,0.0,0.0,0.0,0.0,2.9356,0.0,-1.0,0.1416,0.0,0.0,0.0,,,,,-1.0,,,,,,,0.1416,0.0,,,,,0.0,0.0
RIDGE,0.5,3.0,0.0,330.0,oblique,0,6498,400.0,0.0,0.0,,,,0.0,,,,,,,,,,,,,,,7.2,3.0,0.0,,,,,,,,,,0.0,0.0,0.0,-1.0,0.0,0.0,0.0,0.0,2.9268,0.0,-1.0,0.2147,0.0,0.0,0.0,,,,,-1.0,,,,,,,0.2147,0.0,,,,,0.0,0.0
