wing,group,mass_kg,changed,s,stall_before,stall_after,stall_passport,stall_diff_pct,trim_before,trim_after,trim_passport,trim_diff_pct,full_pull_before,full_pull_after,full_pull_passport,full_pull_diff_pct,min_sink_before,min_sink_after,min_sink_passport,min_sink_diff_pct,min_sink_speed_before,min_sink_speed_after,min_sink_speed_passport,min_sink_speed_diff_pct,best_glide_before,best_glide_after,best_glide_passport,best_glide_diff_pct,best_glide_speed_before,best_glide_speed_after,best_glide_speed_passport,best_glide_speed_diff_pct,cl_max_before,cl_max_after,alpha_stall_before,alpha_stall_after,alpha_neutral_before,alpha_neutral_after,alpha_margin_before,alpha_margin_after,gs6_trim_before,gs6_trim_after,gs6_pull_after
aeros_combat_c,topless,120.3,1,1.0,28.464,32.01,31.907,0.3,37.3,37.3,,,100.8,89.7,89.739,-0.0,0.847,0.847,,,45.384,41.37,,,15.966,15.961,,,50.424,50.55,,,2.426,1.918,24.89,18.42,17.0,12.0,7.89,6.42,4.33,4.33,18.74
aeros_combat_l,topless,124.3,1,1.0,27.858,30.406,30.294,0.4,36.5,36.5,,,98.7,89.4,89.391,0.0,0.829,0.829,,,40.458,40.486,,,15.969,15.967,,,49.458,49.486,,,2.426,2.036,24.89,19.93,17.0,13.5,7.89,6.43,4.1,4.1,18.65
aeros_discus,kingpost,129.0,1,1.0,28.936,31.746,31.568,0.6,38.6,33.4,33.391,0.0,93.6,84.2,84.183,0.0,0.991,0.991,,,41.896,41.826,,,13.168,13.165,,,50.716,50.646,,,2.334,1.939,23.71,18.68,17.0,13.0,6.71,5.68,4.67,3.2,17.17
aeros_fox,trainer,112.2,1,1.004,25.109,30.585,30.401,0.6,31.9,34.0,,,61.7,78.8,78.818,-0.0,1.237,1.24,,,31.949,32.025,,,7.265,7.268,,,35.009,35.085,,,2.28,1.536,23.02,13.56,16.0,9.0,7.02,4.56,2.77,3.35,14.47
air_rev,topless,120.4,1,1.0,27.617,28.955,28.8,0.5,36.2,36.2,,,97.8,80.8,80.825,-0.0,0.822,0.822,,,43.997,40.115,,,15.963,15.967,,,49.037,48.935,,,2.426,2.207,24.89,22.1,17.0,15.0,7.89,7.1,4.02,4.02,16.32
air_sting3,kingpost,104.3,1,1.0,25.44,29.587,29.47,0.4,33.9,33.9,,,82.3,86.4,86.377,0.0,0.872,0.872,,,36.78,36.787,,,13.161,13.162,,,44.52,44.527,,,2.334,1.725,23.71,15.97,17.0,11.0,6.71,4.97,3.37,3.37,17.64
apogee,soviet,100.0,0,,24.514,24.514,,,32.0,32.0,,,60.0,60.0,,,1.302,1.302,,,32.074,32.074,,,7.042,7.042,6.5,8.3,34.954,34.954,,,2.158,2.158,21.48,21.48,16.0,16.0,5.48,5.48,2.79,2.79,10.2
atlas,soviet,105.0,1,0.9985,31.133,31.141,31.014,0.4,34.0,34.0,,,65.0,72.0,72.0,0.0,1.061,1.061,1.0,6.1,32.033,32.041,,,8.408,8.412,,,33.113,32.941,,,1.45,1.449,12.47,12.46,16.0,8.0,-3.53,4.46,3.38,3.38,13.27
bautek_astir,kingpost,120.0,1,0.796,26.966,25.422,25.333,0.4,35.9,28.6,,,87.2,69.4,,,0.924,0.736,,,39.026,31.002,31.054,-0.2,13.166,13.163,,,47.306,37.662,37.592,0.2,2.333,2.625,23.7,27.42,17.0,17.0,6.7,10.42,3.93,1.91,13.03
bautek_fizz,kingpost,124.5,1,0.821,28.027,31.776,31.708,0.2,37.3,35.5,,,90.7,92.1,92.056,0.0,0.961,0.789,,,40.627,33.216,31.093,6.8,13.169,13.16,,,49.087,40.416,,,2.333,1.815,23.7,17.1,17.0,12.0,6.7,5.1,4.31,3.83,18.89
bautek_kite,kingpost,124.4,1,0.7595,28.32,25.453,25.356,0.4,37.7,28.6,,,91.6,69.6,,,0.97,0.738,,,40.92,31.213,31.081,0.4,13.164,13.173,,,49.56,37.693,,,2.332,2.887,23.7,30.76,17.0,17.0,6.7,13.76,4.43,1.91,13.08
combat,topless,123.0,1,1.0,28.232,29.903,29.759,0.5,37.0,37.0,,,100.0,100.0,,,0.84,0.84,,,41.012,41.063,,,15.964,15.962,,,50.012,50.063,,,2.426,2.162,24.89,21.53,17.0,14.5,7.89,7.03,4.24,4.24,21.49
condor_crex3,trainer,94.0,1,1.21,24.283,34.684,34.544,0.4,31.0,38.7,,,60.1,79.0,78.957,0.1,1.001,1.212,,,30.043,36.304,,,9.02,9.023,,,37.963,46.024,,,2.281,1.118,23.05,8.24,16.0,5.0,7.05,3.24,2.55,4.68,15.52
condor_flex,trainer,87.6,1,1.083,22.312,28.568,28.453,0.4,28.5,31.9,,,55.2,63.8,63.774,0.0,0.921,0.997,,,27.532,29.828,,,9.023,9.023,,,34.912,37.928,,,2.282,1.392,23.06,11.72,16.0,7.5,7.06,4.22,1.86,2.8,11.4
dp_she1,topless,112.4,1,1.0,27.515,37.879,37.815,0.2,36.1,42.4,,,97.5,97.5,,,0.819,0.819,,,39.935,43.819,,,15.961,15.957,,,48.755,48.859,,,2.426,1.28,24.88,10.3,17.0,6.0,7.88,4.3,3.99,5.75,20.8
fs_funky,trainer,108.0,1,1.0,25.334,27.891,27.744,0.5,32.4,32.4,,,62.7,65.9,65.893,0.0,1.046,1.045,,,31.274,31.311,,,9.022,9.02,,,39.734,39.771,,,2.282,1.883,23.06,17.97,16.0,12.0,7.06,5.97,2.94,2.94,11.99
fs_space,trainer,109.5,1,1.0135,26.476,31.701,31.57,0.4,33.8,35.4,,,65.5,68.1,68.074,0.0,1.092,1.108,,,32.776,33.141,,,9.022,9.022,,,41.416,41.961,,,2.283,1.592,23.06,14.27,16.0,9.5,7.06,4.77,3.32,3.77,12.61
icaro_alto,kingpost,111.5,1,1.0,26.067,33.795,33.706,0.3,34.7,37.8,,,84.3,86.7,86.669,0.0,0.894,0.893,,,37.767,37.755,,,13.176,13.177,,,45.687,45.675,,,2.332,1.388,23.69,11.67,17.0,7.5,6.69,4.17,3.6,4.46,17.74
icaro_laminar_z9,topless,117.9,1,1.0,27.001,29.198,29.078,0.4,35.4,35.4,,,95.6,75.0,75.04,-0.1,0.803,0.803,,,43.021,43.058,,,15.963,15.961,,,47.881,47.918,,,2.426,2.075,24.89,20.42,17.0,13.5,7.89,6.92,3.8,3.8,14.74
icaro_mastr,kingpost,127.5,1,1.0,27.143,32.991,32.916,0.2,35.6,36.9,,,96.2,76.1,76.119,-0.0,0.808,0.808,,,39.383,43.251,,,15.951,15.955,,,48.203,48.111,,,2.426,1.642,24.89,14.91,17.0,9.5,7.89,5.41,3.86,4.22,15.04
icaro_piuma,trainer,103.0,1,1.1125,24.162,31.751,31.62,0.4,30.9,35.4,,,59.8,81.6,81.6,-0.0,0.997,1.109,,,29.922,33.191,,,9.019,9.017,,,37.842,42.191,,,2.282,1.322,23.06,10.83,16.0,6.5,7.06,4.33,2.52,3.77,16.01
moyes_gecko,kingpost,102.5,1,1.0,25.077,26.449,26.264,0.7,33.4,33.4,,,81.1,75.0,75.039,-0.1,0.859,0.86,,,36.237,36.349,,,13.169,13.172,,,43.977,43.909,,,2.333,2.097,23.7,20.7,17.0,14.5,6.7,6.2,3.24,3.24,14.62
moyes_litespeed_rx,topless,126.2,1,1.0205,28.127,30.297,30.178,0.4,37.3,36.6,36.566,0.1,98.4,71.9,71.852,0.1,0.849,0.866,,,37.307,38.037,,,14.997,14.995,15,-0.0,46.667,47.577,47.566,0.0,2.381,2.052,24.32,20.13,17.0,14.0,7.32,6.13,4.33,4.13,13.88
moyes_litespeed_s,topless,122.0,1,0.9655,27.855,30.389,30.312,0.3,36.9,33.6,33.559,0.1,97.4,80.8,80.832,-0.0,0.841,0.812,,,36.855,35.609,,,15.008,15.001,15,0.0,46.215,44.609,44.581,0.1,2.381,2.001,24.32,19.48,17.0,13.5,7.32,5.98,4.22,3.3,16.23
moyes_litesport,kingpost,122.8,1,0.944,28.128,26.542,26.269,1.0,37.5,34.4,34.351,0.1,91.0,85.9,,,0.964,0.91,1.01,-9.9,40.728,38.422,38.393,0.1,13.165,13.166,14,-6.0,49.368,46.522,,,2.334,2.621,23.71,27.37,17.0,17.0,6.71,10.37,4.37,3.51,17.55
moyes_malibu2,trainer,106.0,1,1.0895,25.021,27.986,27.74,0.9,32.0,31.6,31.557,0.1,61.9,69.3,69.349,-0.1,1.032,1.124,,,30.961,33.746,,,9.019,9.02,9.5,-5.1,39.241,42.746,,,2.281,1.824,23.05,17.22,16.0,11.5,7.05,5.72,2.83,2.7,12.94
seed_skyrunner_xr,kingpost,127.8,1,1.0,28.29,31.51,31.345,0.5,37.7,37.7,,,91.5,91.0,91.002,-0.0,0.969,0.97,,,40.89,40.87,,,13.167,13.165,,,49.53,49.51,,,2.333,1.881,23.71,17.95,17.0,12.5,6.71,5.45,4.43,4.43,18.96
seed_spyder,topless,95.5,1,1.0045,25.803,32.801,32.744,0.2,34.2,36.7,,,90.2,81.9,81.86,0.0,0.779,0.783,,,31.383,34.241,,,15.003,14.994,,,42.723,43.061,,,2.381,1.473,24.32,12.76,17.0,8.0,7.32,4.76,3.47,4.16,16.5
slavutich_ut,soviet,100.0,0,,23.481,23.481,,,29.0,29.0,,,55.0,55.0,,,1.351,1.351,,,29.061,29.061,,,6.24,6.24,6.0,4.0,31.041,31.041,,,2.156,2.156,21.45,21.45,16.0,16.0,5.45,5.45,1.94,1.94,8.77
sport,topless,119.4,1,1.086,27.161,29.495,,,36.0,35.4,35.397,0.0,95.0,103.2,,,0.82,0.891,0.885,0.7,35.981,39.035,39.33,-0.8,14.999,14.997,15.0,-0.0,44.981,48.935,,,2.382,2.02,24.33,19.72,17.0,13.5,7.33,6.22,3.97,3.79,22.22
target,trainer,106.0,0,,24.407,24.407,,,31.0,31.0,,,60.0,60.0,,,1.202,1.202,,,31.067,31.067,,,7.263,7.263,7.0,3.8,33.947,33.947,,,2.279,2.279,23.02,23.02,16.0,16.0,7.02,7.02,2.53,2.53,10.19
training,trainer,102.2,1,1.043,24.253,25.293,,,31.0,32.3,,,60.0,62.6,,,1.0,1.044,1.079,-3.2,30.013,31.233,30.205,3.4,9.019,9.02,,,37.933,39.693,,,2.282,2.098,23.05,20.71,16.0,14.0,7.05,6.71,2.55,2.91,11.13
ww_eagle,kingpost,120.5,1,1.027,27.332,28.071,,,35.3,36.3,,,77.9,80.0,,,1.039,1.067,1.066,0.1,35.252,36.351,36.249,0.3,10.622,10.622,,,45.692,46.791,,,2.196,2.082,21.96,20.51,17.0,16.0,4.96,4.51,3.75,4.03,15.87
ww_fusion,topless,125.5,1,1.088,28.006,30.471,,,37.1,40.4,,,98.0,106.6,,,0.845,0.919,0.903,1.7,34.126,40.371,37.396,8.0,14.998,14.991,,,46.546,50.631,,,2.382,2.012,24.33,19.62,17.0,13.5,7.33,6.12,4.27,5.18,23.15
ww_sport3,kingpost,122.6,1,0.7795,27.522,27.313,,,36.7,30.5,,,89.0,69.4,,,0.944,0.735,,,39.762,31.093,31.009,0.3,13.174,13.173,,,48.222,37.573,,,2.332,2.368,23.7,24.15,17.0,17.0,6.7,7.15,4.15,2.44,13.03
ww_super_sport,kingpost,123.1,1,0.9535,28.607,28.516,,,36.9,35.2,,,81.5,77.7,,,1.088,1.037,1.013,2.3,37.067,35.176,36.025,-2.4,10.62,10.621,,,47.687,45.616,,,2.196,2.211,21.97,22.15,17.0,17.0,4.97,5.15,4.19,3.72,15.25
ww_t2c,topless,121.4,1,0.812,28.096,32.039,31.987,0.2,37.2,35.8,,,98.3,85.0,84.965,0.0,0.848,0.693,,,37.276,32.039,33.578,-4.6,14.997,14.999,,,46.636,37.799,,,2.381,1.831,24.32,17.32,17.0,11.5,7.32,5.82,4.3,3.92,17.16
ww_t3,topless,120.2,1,0.9875,27.976,27.962,,,37.1,36.6,,,97.8,96.6,,,0.845,0.834,,,34.096,36.602,33.575,9.0,15.001,15.01,,,46.336,45.782,,,2.382,2.384,24.33,24.35,17.0,17.0,7.33,7.35,4.27,4.13,20.42
ww_talon,topless,119.4,1,1.05,27.312,28.68,,,36.2,38.0,,,95.5,100.3,,,0.825,0.866,0.872,-0.7,33.252,38.04,37.685,0.9,15.0,14.998,,,45.312,47.58,,,2.383,2.161,24.34,21.51,17.0,15.0,7.34,6.51,4.02,4.52,21.43
ww_u2,kingpost,111.6,1,0.894,27.118,31.231,31.154,0.2,36.1,34.9,,,87.7,85.4,85.422,-0.0,0.929,0.832,0.899,-7.5,39.178,35.011,32.411,8.0,13.173,13.169,,,47.458,42.571,,,2.333,1.759,23.7,16.39,17.0,11.5,6.7,4.89,3.98,3.66,17.32
ww_ultra_sport,kingpost,123.5,1,0.9385,29.225,29.101,,,37.7,35.4,,,83.3,78.2,,,1.111,1.042,1.019,2.3,37.865,35.401,36.236,-2.3,10.623,10.629,,,48.845,45.841,,,2.196,2.215,21.97,22.2,17.0,17.0,4.97,5.2,4.41,3.78,15.38
