group,y,n_cases,n_top,p90_thr,tail_cells_in_top10pct_cases,sumsq_all_in_top10pct_cases,sumsq_tail_in_top10pct_cases,tail_in_top10pct_by_tailfrac,top_mean_err,rest_mean_err
conv,w,584,58,1.842,0.3109,0.2696,0.3664,0.3116,1.555,0.7817
conv,w_over_S,584,58,0.4121,0.3347,0.2753,0.4209,0.3361,0.3645,0.1877
conv,lift,584,58,0.2175,0.2651,0.2862,0.3269,0.2659,0.1759,0.08125
nc,w,136,14,1.069,0.419,0.4013,0.5981,0.4241,1.137,0.48
nc,w_over_S,136,14,0.7553,0.3092,0.2488,0.3805,0.3142,0.6222,0.3596
nc,lift,136,14,0.1115,0.3322,0.453,0.5592,0.3322,0.1066,0.04097
all,w,720,72,1.717,0.3421,0.299,0.4071,0.3436,1.537,0.7179
all,w_over_S,720,72,0.4869,0.4081,0.3507,0.5334,0.4086,0.4883,0.2119
all,lift,720,72,0.1976,0.2942,0.3224,0.3693,0.2943,0.1727,0.07253
