class_code,class_name,albedo,albedo_min,albedo_max,bowen,bowen_min,bowen_max,z0_m,z0_min_m,z0_max_m,g_frac,g_frac_min,g_frac_max,sources
10,trees,0.12,0.05,0.2,0.7,0.4,1.7,1.0,0.5,6.0,0.04,0.03,0.15,OKE87;WIL02;HESS22;WIKI_ALB;MODIS;WIKI_BR;WMO08
20,shrubland,0.15,0.13,0.2,1.0,0.5,2.4,0.3,0.1,0.5,0.17,0.15,0.32,SAGE;SHRUB_CN;LIN22;WMO08;WIL02;HESS22;EST
30,grassland,0.2,0.16,0.26,0.6,0.25,2.0,0.03,0.003,0.1,0.15,0.04,0.25,OKE87;WMO08;WIE92;WIKI_BR;WIL02;KD90;SF03;HESS22;MODIS
40,cropland,0.19,0.14,0.25,0.6,0.2,1.9,0.1,0.04,0.25,0.17,0.1,0.3,OKE87;WMO08;WIE92;KD90;WIL02;MODIS;WIKI_BR
50,built_up,0.15,0.1,0.27,1.5,0.4,6.0,1.0,0.2,2.5,0.25,0.1,0.3,OKE87;GO99;EST
60,bare_rock,0.25,0.1,0.4,2.0,0.4,6.0,0.01,0.0003,0.03,0.25,0.13,0.4,OKE87;WIE92;CHO87;KD90;HESS22;WIKI_BR;EST
70,snow_ice,0.55,0.2,0.9,2.0,1.0,3.0,0.001,0.0001,0.005,0.9,0.5,1.0,OKE87;HAIG20;BRO06;MUN89;MD92;EST
80,water,0.07,0.03,0.1,0.15,0.07,0.25,0.0002,1e-06,0.0002,0.5,0.2,0.6,OKE87;WMO08;BIE16;EST
90,wetland,0.15,0.1,0.2,0.5,0.3,1.0,0.05,0.03,0.1,0.2,0.06,0.3,LIN22;BIE16;EUG00;SUB01;OKE87;EST
95,mangroves,0.12,0.05,0.15,0.3,0.1,0.8,1.0,0.5,6.0,0.05,0.03,0.15,OKE87;WIKI_BR;ANALOG_TREES;EST
100,moss_lichen,0.18,0.1,0.25,1.0,0.5,2.0,0.03,0.005,0.1,0.12,0.06,0.21,OKE87;EUG00;SUB01;WMO08;EST
snow_fresh,snow_fresh,0.85,0.8,0.95,2.0,1.0,3.0,0.0002,5e-05,0.001,0.7,0.5,1.0,OKE87;HAIG20;VER91;BRO06;MUN89;MD92;EST
snow_old,snow_old,0.5,0.4,0.8,2.0,1.0,3.0,0.001,0.0005,0.005,0.9,0.5,1.0,OKE87;HAIG20;BRO06;MUN89;MD92;EST
