вариант,agl,точек,в зоне,w_min air было,w_min air стало,w_min поле было,w_min поле стало,w зона air было,w зона air стало,w зона поле,возвр. % было,возвр. % стало,возвр. % поле,u_прод min было,u_прод min стало,u_прод min поле,U200 p95,болт. w_min зона,болт. σ_w зона,"lee_f>0,5 и ΔU>1: точек",ΔU ср.,U_H ср.,σ_w/ΔU ср.,min (w_min − w поля)/U_H,3σ_w/U_H ср.
base 3 м/с,10,441,109,-0.616,-0.288,-0.203,-0.203,-0.136,-0.142,-0.06,0.0,0.0,0.0,0.029,0.051,0.057,4.738,,,,,,,,
base 3 м/с,20,441,98,-0.587,-0.422,-0.253,-0.253,-0.236,-0.242,-0.077,0.0,0.0,0.0,0.148,0.163,0.167,4.738,,,,,,,,
base 3 м/с,50,441,51,-0.794,-0.794,-0.382,-0.382,-0.524,-0.529,-0.115,0.0,0.0,0.0,0.844,0.847,0.849,4.738,,,,,,,,
base 3 м/с,100,441,16,-0.899,-0.899,-0.399,-0.399,-0.605,-0.6,-0.1,0.0,0.0,0.0,1.662,1.662,1.662,4.738,,,,,,,,
base 3 м/с,200,441,0,-0.848,-0.848,-0.348,-0.348,nan,nan,nan,0.0,0.0,0.0,2.765,2.765,2.765,4.738,,,,,,,,
base 9 м/с,10,441,136,-12.969,-0.878,-0.792,-0.792,0.128,-0.242,-0.159,15.873,3.175,2.948,-4.663,-0.532,-0.519,19.111,-6.214,0.921,75,7.188,10.495,0.179,-0.563,0.311
base 9 м/с,20,441,134,-18.231,-1.153,-0.984,-0.984,-0.485,-0.377,-0.211,10.204,1.814,1.814,-3.94,-0.471,-0.463,19.111,-7.565,1.344,69,6.655,10.621,0.267,-0.582,0.385
base 9 м/с,50,441,98,-16.4,-1.813,-1.401,-1.401,-0.746,-0.836,-0.421,1.361,0.0,0.0,-1.194,0.696,0.696,19.111,-8.654,1.797,41,5.411,11.223,0.462,-0.66,0.46
base 9 м/с,100,441,63,-8.471,-1.876,-1.376,-1.376,-1.006,-1.068,-0.568,0.0,0.0,0.0,2.955,3.533,3.533,19.111,-7.885,1.843,14,3.956,11.442,0.561,-0.633,0.467
base 9 м/с,200,441,13,-1.63,-1.63,-1.13,-1.13,-1.101,-1.179,-0.679,0.0,0.0,0.0,8.756,8.756,8.756,19.111,-6.335,1.78,0,,,,,
saddle 3 м/с,10,441,158,-0.616,-0.231,-0.148,-0.148,-0.101,-0.099,-0.016,0.0,0.0,0.0,0.014,0.014,0.014,4.897,,,,,,,,
saddle 3 м/с,20,441,155,-0.587,-0.352,-0.186,-0.186,-0.189,-0.19,-0.023,0.0,0.0,0.0,0.017,0.017,0.017,4.897,,,,,,,,
saddle 3 м/с,50,441,118,-0.715,-0.715,-0.299,-0.299,-0.442,-0.442,-0.026,0.0,0.0,0.0,0.133,0.133,0.133,4.897,,,,,,,,
saddle 3 м/с,100,441,64,-0.872,-0.872,-0.372,-0.372,-0.499,-0.497,0.003,0.0,0.0,0.0,0.678,0.679,0.679,4.897,,,,,,,,
saddle 3 м/с,200,441,15,-0.848,-0.848,-0.348,-0.348,-0.482,-0.482,0.018,0.0,0.0,0.0,1.657,1.658,1.658,4.897,,,,,,,,
saddle 9 м/с,10,441,226,-14.487,-0.639,-0.556,-0.556,0.101,-0.048,0.035,32.653,17.007,14.739,-4.663,-2.147,-2.147,18.773,-6.214,0.63,68,6.708,10.266,0.164,-0.563,0.288
saddle 9 м/с,20,441,224,-18.231,-0.855,-0.689,-0.689,-0.263,-0.145,0.021,26.984,13.832,12.925,-3.94,-2.545,-2.545,18.773,-7.565,0.825,66,6.252,10.319,0.225,-0.582,0.335
saddle 9 м/с,50,441,204,-16.4,-1.491,-1.075,-1.075,-0.371,-0.442,-0.026,11.791,7.029,6.803,-2.084,-2.084,-2.084,18.773,-8.654,1.333,48,5.128,10.665,0.404,-0.737,0.446
saddle 9 м/с,100,441,166,-8.471,-1.761,-1.261,-1.261,-0.603,-0.632,-0.132,0.0,0.0,0.0,0.101,0.101,0.101,18.773,-7.8,1.586,19,3.504,10.906,0.605,-0.633,0.481
saddle 9 м/с,200,441,89,-1.63,-1.63,-1.13,-1.13,-0.584,-0.626,-0.126,0.0,0.0,0.0,2.83,2.83,2.83,18.773,-7.874,1.744,0,,,,,
mountain 3 м/с,50,676,54,-0.933,-0.73,-0.315,-0.315,-0.441,-0.432,-0.018,0.0,0.0,0.0,0.133,0.133,0.133,4.749,,,,,,,,
mountain 3 м/с,100,676,35,-0.899,-0.899,-0.399,-0.399,-0.525,-0.527,-0.027,0.0,0.0,0.0,0.678,0.679,0.679,4.749,,,,,,,,
mountain 3 м/с,200,676,2,-0.81,-0.81,-0.31,-0.31,-0.552,-0.554,-0.054,0.0,0.0,0.0,1.677,1.677,1.677,4.749,,,,,,,,
mountain 9 м/с,50,676,240,-14.552,-1.495,-1.08,-1.08,-0.43,-0.442,-0.027,4.586,2.367,1.036,-2.302,-2.084,-2.084,18.002,-9.334,1.045,59,5.634,10.12,0.277,-0.66,0.349
mountain 9 м/с,100,676,195,-11.186,-1.876,-1.376,-1.376,-0.567,-0.616,-0.116,0.444,0.296,0.0,-1.1,-0.284,0.239,18.002,-9.304,1.395,39,5.069,10.431,0.392,-0.69,0.461
mountain 9 м/с,200,676,76,-2.064,-1.523,-1.023,-1.023,-0.633,-0.749,-0.249,0.0,0.0,0.0,2.903,2.988,2.988,18.002,-8.641,1.716,8,3.288,10.122,0.597,-0.54,0.504
