key,n_s,gs_sd_ms,airspeed_sd_ms,vz_sd_ms,wind_w_sd_ms
penetration|altai/sinyukha_west|analytic|combat|3.0|-0.5|100.0,30.0,1.116,1.013,0.668,0.316
penetration|altai/sinyukha_west|analytic|combat|3.0|-0.5|200.0,30.0,0.758,0.696,0.584,0.396
penetration|altai/sinyukha_west|analytic|combat|3.0|-0.5|30.0,30.0,0.851,0.986,0.564,0.469
penetration|altai/sinyukha_west|analytic|combat|3.0|-1.0|100.0,30.0,0.337,0.724,0.310,0.369
penetration|altai/sinyukha_west|analytic|combat|3.0|-1.0|200.0,30.0,0.694,1.133,0.392,0.354
penetration|altai/sinyukha_west|analytic|combat|3.0|-1.0|30.0,30.0,0.323,0.982,0.318,0.387
penetration|altai/sinyukha_west|analytic|combat|3.0|0.0|100.0,30.0,0.826,0.877,0.901,0.681
penetration|altai/sinyukha_west|analytic|combat|3.0|0.0|200.0,30.0,1.028,1.127,1.383,0.737
penetration|altai/sinyukha_west|analytic|combat|3.0|0.0|30.0,30.0,0.890,0.932,0.873,0.717
penetration|altai/sinyukha_west|analytic|combat|6.0|-0.5|100.0,30.0,1.286,2.373,1.262,1.107
penetration|altai/sinyukha_west|analytic|combat|6.0|-0.5|200.0,30.0,0.960,1.859,1.053,1.067
penetration|altai/sinyukha_west|analytic|combat|6.0|-0.5|30.0,30.0,2.168,2.015,1.479,1.062
penetration|altai/sinyukha_west|analytic|combat|6.0|-1.0|100.0,30.0,1.540,2.864,1.329,1.232
penetration|altai/sinyukha_west|analytic|combat|6.0|-1.0|200.0,30.0,0.923,1.695,0.956,0.902
penetration|altai/sinyukha_west|analytic|combat|6.0|-1.0|30.0,30.0,1.311,2.051,1.268,1.187
penetration|altai/sinyukha_west|analytic|combat|6.0|0.0|100.0,30.0,3.965,4.359,5.592,1.727
penetration|altai/sinyukha_west|analytic|combat|6.0|0.0|200.0,30.0,6.145,4.392,5.560,1.564
penetration|altai/sinyukha_west|analytic|combat|6.0|0.0|30.0,30.0,1.508,2.605,2.592,1.568
penetration|altai/sinyukha_west|analytic|laminar|3.0|-0.5|100.0,30.0,1.310,0.978,0.605,0.345
penetration|altai/sinyukha_west|analytic|laminar|3.0|-0.5|200.0,30.0,0.967,0.766,0.551,0.481
penetration|altai/sinyukha_west|analytic|laminar|3.0|-0.5|30.0,30.0,0.794,0.961,0.629,0.511
penetration|altai/sinyukha_west|analytic|laminar|3.0|-1.0|100.0,30.0,0.255,0.635,0.347,0.383
penetration|altai/sinyukha_west|analytic|laminar|3.0|-1.0|200.0,30.0,0.760,1.003,0.374,0.319
penetration|altai/sinyukha_west|analytic|laminar|3.0|-1.0|30.0,30.0,0.492,1.095,0.489,0.538
penetration|altai/sinyukha_west|analytic|laminar|3.0|0.0|100.0,30.0,0.791,0.861,0.972,0.745
penetration|altai/sinyukha_west|analytic|laminar|3.0|0.0|200.0,30.0,0.981,1.150,1.432,0.784
penetration|altai/sinyukha_west|analytic|laminar|3.0|0.0|30.0,30.0,0.906,0.895,0.827,0.747
penetration|altai/sinyukha_west|analytic|laminar|6.0|-0.5|100.0,30.0,1.733,2.293,1.538,1.552
penetration|altai/sinyukha_west|analytic|laminar|6.0|-0.5|200.0,30.0,1.407,2.153,1.512,1.560
penetration|altai/sinyukha_west|analytic|laminar|6.0|-0.5|30.0,30.0,1.692,2.360,1.499,1.236
penetration|altai/sinyukha_west|analytic|laminar|6.0|-1.0|100.0,30.0,1.619,2.304,1.330,1.238
penetration|altai/sinyukha_west|analytic|laminar|6.0|-1.0|200.0,30.0,1.406,1.735,0.643,0.807
penetration|altai/sinyukha_west|analytic|laminar|6.0|-1.0|30.0,30.0,1.484,2.197,1.450,1.445
penetration|altai/sinyukha_west|analytic|laminar|6.0|0.0|100.0,30.0,3.481,3.075,3.799,1.594
penetration|altai/sinyukha_west|analytic|laminar|6.0|0.0|200.0,30.0,2.467,2.575,2.289,1.557
penetration|altai/sinyukha_west|analytic|laminar|6.0|0.0|30.0,30.0,2.943,2.980,3.062,1.573
penetration|altai/sinyukha_west|analytic|slavutich_ut|3.0|-0.5|100.0,30.0,0.810,0.813,0.565,0.673
penetration|altai/sinyukha_west|analytic|slavutich_ut|3.0|-0.5|200.0,30.0,0.719,0.860,0.479,0.349
penetration|altai/sinyukha_west|analytic|slavutich_ut|3.0|-0.5|30.0,30.0,0.992,0.846,0.540,0.715
penetration|altai/sinyukha_west|analytic|slavutich_ut|3.0|-1.0|100.0,30.0,0.774,0.985,0.492,0.670
penetration|altai/sinyukha_west|analytic|slavutich_ut|3.0|-1.0|200.0,30.0,1.306,0.937,0.653,0.551
penetration|altai/sinyukha_west|analytic|slavutich_ut|3.0|-1.0|30.0,30.0,0.817,0.900,0.510,0.597
penetration|altai/sinyukha_west|analytic|slavutich_ut|3.0|0.0|100.0,30.0,0.905,0.724,0.844,0.626
penetration|altai/sinyukha_west|analytic|slavutich_ut|3.0|0.0|200.0,30.0,1.000,0.720,0.902,0.659
penetration|altai/sinyukha_west|analytic|slavutich_ut|3.0|0.0|30.0,30.0,0.956,0.842,0.989,0.750
penetration|altai/sinyukha_west|analytic|slavutich_ut|6.0|-0.5|100.0,30.0,1.848,2.125,1.896,1.699
penetration|altai/sinyukha_west|analytic|slavutich_ut|6.0|-0.5|200.0,30.0,1.759,2.091,1.674,1.531
penetration|altai/sinyukha_west|analytic|slavutich_ut|6.0|-0.5|30.0,30.0,1.936,1.849,1.903,1.804
penetration|altai/sinyukha_west|analytic|slavutich_ut|6.0|-1.0|100.0,30.0,1.248,2.487,1.390,1.540
penetration|altai/sinyukha_west|analytic|slavutich_ut|6.0|-1.0|200.0,30.0,1.400,1.917,0.915,1.350
penetration|altai/sinyukha_west|analytic|slavutich_ut|6.0|-1.0|30.0,30.0,0.815,1.871,1.067,1.333
penetration|altai/sinyukha_west|analytic|slavutich_ut|6.0|0.0|100.0,30.0,2.696,3.153,2.999,0.843
penetration|altai/sinyukha_west|analytic|slavutich_ut|6.0|0.0|200.0,30.0,3.238,2.887,3.313,1.273
penetration|altai/sinyukha_west|analytic|slavutich_ut|6.0|0.0|30.0,30.0,3.500,3.040,3.635,0.942
penetration|altai/sinyukha_west|analytic|training|3.0|-0.5|100.0,30.0,1.261,0.979,0.840,0.539
penetration|altai/sinyukha_west|analytic|training|3.0|-0.5|200.0,30.0,0.525,0.826,0.634,0.492
penetration|altai/sinyukha_west|analytic|training|3.0|-0.5|30.0,30.0,0.732,1.061,0.783,0.579
penetration|altai/sinyukha_west|analytic|training|3.0|-1.0|100.0,30.0,0.549,0.758,0.546,0.640
penetration|altai/sinyukha_west|analytic|training|3.0|-1.0|200.0,30.0,0.824,0.616,0.293,0.373
penetration|altai/sinyukha_west|analytic|training|3.0|-1.0|30.0,30.0,0.777,0.937,0.704,0.821
penetration|altai/sinyukha_west|analytic|training|3.0|0.0|100.0,30.0,0.969,0.951,0.950,0.549
penetration|altai/sinyukha_west|analytic|training|3.0|0.0|200.0,30.0,0.908,0.963,1.086,0.641
penetration|altai/sinyukha_west|analytic|training|3.0|0.0|30.0,30.0,0.815,0.886,0.832,0.758
penetration|altai/sinyukha_west|analytic|training|6.0|-0.5|100.0,30.0,1.199,2.376,1.359,1.113
penetration|altai/sinyukha_west|analytic|training|6.0|-0.5|200.0,30.0,1.380,2.264,2.256,2.122
penetration|altai/sinyukha_west|analytic|training|6.0|-0.5|30.0,30.0,1.746,2.231,1.539,1.456
penetration|altai/sinyukha_west|analytic|training|6.0|-1.0|100.0,30.0,1.926,2.271,1.321,1.405
penetration|altai/sinyukha_west|analytic|training|6.0|-1.0|200.0,30.0,1.107,2.363,1.333,1.356
penetration|altai/sinyukha_west|analytic|training|6.0|-1.0|30.0,30.0,1.732,1.940,1.228,1.430
penetration|altai/sinyukha_west|analytic|training|6.0|0.0|100.0,30.0,3.356,3.679,3.589,1.255
penetration|altai/sinyukha_west|analytic|training|6.0|0.0|200.0,30.0,2.018,2.013,2.016,1.253
penetration|altai/sinyukha_west|analytic|training|6.0|0.0|30.0,30.0,3.511,3.255,3.658,1.484
penetration|altai/sinyukha_west|field|combat|3.0|-0.5|100.0,30.0,0.664,0.888,1.075,1.132
penetration|altai/sinyukha_west|field|combat|3.0|-0.5|200.0,30.0,0.562,0.739,1.525,1.632
penetration|altai/sinyukha_west|field|combat|3.0|-0.5|30.0,30.0,1.221,0.720,1.511,1.384
penetration|altai/sinyukha_west|field|combat|3.0|-1.0|100.0,30.0,2.125,1.516,0.909,1.139
penetration|altai/sinyukha_west|field|combat|3.0|-1.0|200.0,30.0,1.315,1.009,1.031,1.261
penetration|altai/sinyukha_west|field|combat|3.0|-1.0|30.0,30.0,1.858,1.144,0.974,1.318
penetration|altai/sinyukha_west|field|combat|3.0|0.0|100.0,30.0,0.541,0.376,0.616,0.580
penetration|altai/sinyukha_west|field|combat|3.0|0.0|200.0,30.0,0.830,0.554,0.889,0.648
penetration|altai/sinyukha_west|field|combat|3.0|0.0|30.0,30.0,1.029,0.515,0.764,0.675
penetration|altai/sinyukha_west|field|combat|6.0|-0.5|100.0,30.0,0.824,1.091,1.533,1.491
penetration|altai/sinyukha_west|field|combat|6.0|-0.5|200.0,30.0,0.851,0.765,1.540,1.806
penetration|altai/sinyukha_west|field|combat|6.0|-0.5|30.0,30.0,0.870,0.696,1.374,1.399
penetration|altai/sinyukha_west|field|combat|6.0|-1.0|100.0,30.0,2.190,1.411,1.257,1.558
penetration|altai/sinyukha_west|field|combat|6.0|-1.0|200.0,30.0,1.961,1.011,1.230,1.644
penetration|altai/sinyukha_west|field|combat|6.0|-1.0|30.0,30.0,2.219,1.535,0.935,1.198
penetration|altai/sinyukha_west|field|combat|6.0|0.0|100.0,30.0,1.163,0.570,0.809,0.669
penetration|altai/sinyukha_west|field|combat|6.0|0.0|200.0,30.0,0.513,0.433,0.861,0.923
penetration|altai/sinyukha_west|field|combat|6.0|0.0|30.0,30.0,1.384,1.135,1.088,0.803
penetration|altai/sinyukha_west|field|laminar|3.0|-0.5|100.0,30.0,0.542,0.803,1.571,1.553
penetration|altai/sinyukha_west|field|laminar|3.0|-0.5|200.0,30.0,0.889,1.007,1.596,1.551
penetration|altai/sinyukha_west|field|laminar|3.0|-0.5|30.0,30.0,0.926,0.648,1.662,1.619
penetration|altai/sinyukha_west|field|laminar|3.0|-1.0|100.0,30.0,2.148,1.089,1.118,1.235
penetration|altai/sinyukha_west|field|laminar|3.0|-1.0|200.0,30.0,1.411,1.155,1.210,1.282
penetration|altai/sinyukha_west|field|laminar|3.0|-1.0|30.0,30.0,2.009,0.871,1.296,1.358
penetration|altai/sinyukha_west|field|laminar|3.0|0.0|100.0,30.0,0.556,0.410,0.688,0.608
penetration|altai/sinyukha_west|field|laminar|3.0|0.0|200.0,30.0,0.825,0.581,0.863,0.631
penetration|altai/sinyukha_west|field|laminar|3.0|0.0|30.0,30.0,1.109,0.550,0.807,0.665
penetration|altai/sinyukha_west|field|laminar|6.0|-0.5|100.0,30.0,0.831,1.166,1.468,1.291
penetration|altai/sinyukha_west|field|laminar|6.0|-0.5|200.0,30.0,0.884,0.863,1.835,1.959
penetration|altai/sinyukha_west|field|laminar|6.0|-0.5|30.0,30.0,0.722,0.626,1.120,1.250
penetration|altai/sinyukha_west|field|laminar|6.0|-1.0|100.0,30.0,1.457,1.173,1.612,1.481
penetration|altai/sinyukha_west|field|laminar|6.0|-1.0|200.0,30.0,0.958,0.771,1.179,1.263
penetration|altai/sinyukha_west|field|laminar|6.0|-1.0|30.0,30.0,2.037,1.009,1.046,1.166
penetration|altai/sinyukha_west|field|laminar|6.0|0.0|100.0,30.0,0.920,0.738,0.991,0.789
penetration|altai/sinyukha_west|field|laminar|6.0|0.0|200.0,30.0,0.534,0.414,0.679,0.760
penetration|altai/sinyukha_west|field|laminar|6.0|0.0|30.0,30.0,1.900,1.013,1.376,0.977
penetration|altai/sinyukha_west|field|slavutich_ut|3.0|-0.5|100.0,30.0,0.855,0.715,1.116,1.011
penetration|altai/sinyukha_west|field|slavutich_ut|3.0|-0.5|200.0,30.0,0.880,0.456,0.548,0.538
penetration|altai/sinyukha_west|field|slavutich_ut|3.0|-0.5|30.0,30.0,0.690,0.588,0.391,0.434
penetration|altai/sinyukha_west|field|slavutich_ut|3.0|-1.0|100.0,30.0,0.713,0.692,1.008,1.066
penetration|altai/sinyukha_west|field|slavutich_ut|3.0|-1.0|200.0,30.0,0.734,0.614,1.185,1.254
penetration|altai/sinyukha_west|field|slavutich_ut|3.0|-1.0|30.0,30.0,0.605,0.559,0.827,0.840
penetration|altai/sinyukha_west|field|slavutich_ut|3.0|0.0|100.0,30.0,0.817,0.443,0.764,0.710
penetration|altai/sinyukha_west|field|slavutich_ut|3.0|0.0|200.0,30.0,0.574,0.524,1.077,0.968
penetration|altai/sinyukha_west|field|slavutich_ut|3.0|0.0|30.0,30.0,1.241,0.518,0.692,0.627
penetration|altai/sinyukha_west|field|slavutich_ut|6.0|-0.5|100.0,30.0,1.336,1.075,1.156,1.265
penetration|altai/sinyukha_west|field|slavutich_ut|6.0|-0.5|200.0,30.0,0.975,0.856,0.779,0.889
penetration|altai/sinyukha_west|field|slavutich_ut|6.0|-0.5|30.0,25.3,1.868,1.039,1.228,1.420
penetration|altai/sinyukha_west|field|slavutich_ut|6.0|-1.0|100.0,30.0,0.554,0.858,1.154,1.229
penetration|altai/sinyukha_west|field|slavutich_ut|6.0|-1.0|200.0,30.0,0.708,0.696,1.254,1.231
penetration|altai/sinyukha_west|field|slavutich_ut|6.0|-1.0|30.0,30.0,1.771,0.630,1.061,1.200
penetration|altai/sinyukha_west|field|slavutich_ut|6.0|0.0|100.0,30.0,0.862,0.532,0.886,0.913
penetration|altai/sinyukha_west|field|slavutich_ut|6.0|0.0|200.0,30.0,0.690,0.608,1.147,1.061
penetration|altai/sinyukha_west|field|slavutich_ut|6.0|0.0|30.0,29.0,3.890,1.278,2.053,1.373
penetration|altai/sinyukha_west|field|training|3.0|-0.5|100.0,30.0,0.588,0.626,1.022,0.960
penetration|altai/sinyukha_west|field|training|3.0|-0.5|200.0,30.0,1.004,0.726,0.947,0.800
penetration|altai/sinyukha_west|field|training|3.0|-0.5|30.0,30.0,0.668,0.683,0.830,0.875
penetration|altai/sinyukha_west|field|training|3.0|-1.0|100.0,30.0,0.856,0.652,1.469,1.504
penetration|altai/sinyukha_west|field|training|3.0|-1.0|200.0,30.0,0.721,0.899,1.143,1.145
penetration|altai/sinyukha_west|field|training|3.0|-1.0|30.0,30.0,0.741,0.728,1.340,1.295
penetration|altai/sinyukha_west|field|training|3.0|0.0|100.0,30.0,0.598,0.414,0.783,0.733
penetration|altai/sinyukha_west|field|training|3.0|0.0|200.0,30.0,0.756,0.414,1.008,0.852
penetration|altai/sinyukha_west|field|training|3.0|0.0|30.0,30.0,1.005,0.536,0.480,0.454
penetration|altai/sinyukha_west|field|training|6.0|-0.5|100.0,30.0,0.837,0.987,1.224,1.194
penetration|altai/sinyukha_west|field|training|6.0|-0.5|200.0,30.0,1.043,0.788,0.844,0.915
penetration|altai/sinyukha_west|field|training|6.0|-0.5|30.0,30.0,1.043,0.728,0.946,1.105
penetration|altai/sinyukha_west|field|training|6.0|-1.0|100.0,30.0,0.646,0.717,1.251,1.291
penetration|altai/sinyukha_west|field|training|6.0|-1.0|200.0,30.0,0.560,0.707,1.950,1.919
penetration|altai/sinyukha_west|field|training|6.0|-1.0|30.0,30.0,1.339,0.752,0.947,1.168
penetration|altai/sinyukha_west|field|training|6.0|0.0|100.0,30.0,0.643,0.541,1.103,1.035
penetration|altai/sinyukha_west|field|training|6.0|0.0|200.0,30.0,0.627,0.436,0.688,0.665
penetration|altai/sinyukha_west|field|training|6.0|0.0|30.0,30.0,3.197,1.771,1.615,0.931
penetration|askarovo/biyagoda_west|analytic|combat|3.0|-0.5|100.0,30.0,0.967,1.171,0.709,0.609
penetration|askarovo/biyagoda_west|analytic|combat|3.0|-0.5|200.0,30.0,0.630,0.670,0.324,0.340
penetration|askarovo/biyagoda_west|analytic|combat|3.0|-0.5|30.0,30.0,0.642,1.038,0.611,0.603
penetration|askarovo/biyagoda_west|analytic|combat|3.0|-1.0|100.0,30.0,0.299,0.837,0.480,0.656
penetration|askarovo/biyagoda_west|analytic|combat|3.0|-1.0|200.0,30.0,0.736,0.889,0.486,0.592
penetration|askarovo/biyagoda_west|analytic|combat|3.0|-1.0|30.0,30.0,0.454,0.902,0.393,0.507
penetration|askarovo/biyagoda_west|analytic|combat|3.0|0.0|100.0,30.0,0.993,0.982,1.169,0.717
penetration|askarovo/biyagoda_west|analytic|combat|3.0|0.0|200.0,30.0,0.590,0.646,0.564,0.422
penetration|askarovo/biyagoda_west|analytic|combat|3.0|0.0|30.0,30.0,1.288,1.028,1.075,0.733
penetration|askarovo/biyagoda_west|analytic|combat|6.0|-0.5|100.0,30.0,2.341,2.247,1.227,1.016
penetration|askarovo/biyagoda_west|analytic|combat|6.0|-0.5|200.0,30.0,1.324,1.504,0.840,1.001
penetration|askarovo/biyagoda_west|analytic|combat|6.0|-0.5|30.0,30.0,2.337,2.205,1.486,1.286
penetration|askarovo/biyagoda_west|analytic|combat|6.0|-1.0|100.0,30.0,1.492,2.306,1.183,1.657
penetration|askarovo/biyagoda_west|analytic|combat|6.0|-1.0|200.0,30.0,1.731,2.101,1.190,1.326
penetration|askarovo/biyagoda_west|analytic|combat|6.0|-1.0|30.0,30.0,1.736,2.000,1.145,1.494
penetration|askarovo/biyagoda_west|analytic|combat|6.0|0.0|100.0,30.0,3.024,2.497,2.604,1.448
penetration|askarovo/biyagoda_west|analytic|combat|6.0|0.0|200.0,30.0,3.662,3.338,4.110,1.333
penetration|askarovo/biyagoda_west|analytic|combat|6.0|0.0|30.0,30.0,5.590,4.022,4.706,1.852
penetration|askarovo/biyagoda_west|analytic|laminar|3.0|-0.5|100.0,30.0,0.580,0.850,0.586,0.505
penetration|askarovo/biyagoda_west|analytic|laminar|3.0|-0.5|200.0,30.0,0.590,0.764,0.451,0.395
penetration|askarovo/biyagoda_west|analytic|laminar|3.0|-0.5|30.0,30.0,0.581,0.923,0.610,0.706
penetration|askarovo/biyagoda_west|analytic|laminar|3.0|-1.0|100.0,30.0,0.522,0.782,0.458,0.576
penetration|askarovo/biyagoda_west|analytic|laminar|3.0|-1.0|200.0,30.0,0.373,0.842,0.474,0.663
penetration|askarovo/biyagoda_west|analytic|laminar|3.0|-1.0|30.0,30.0,0.381,1.029,0.496,0.613
penetration|askarovo/biyagoda_west|analytic|laminar|3.0|0.0|100.0,30.0,0.577,0.858,0.866,0.667
penetration|askarovo/biyagoda_west|analytic|laminar|3.0|0.0|200.0,30.0,0.801,0.797,0.709,0.482
penetration|askarovo/biyagoda_west|analytic|laminar|3.0|0.0|30.0,30.0,1.243,0.865,0.902,0.759
penetration|askarovo/biyagoda_west|analytic|laminar|6.0|-0.5|100.0,30.0,2.271,2.331,1.281,1.213
penetration|askarovo/biyagoda_west|analytic|laminar|6.0|-0.5|200.0,30.0,2.326,2.489,1.516,1.420
penetration|askarovo/biyagoda_west|analytic|laminar|6.0|-0.5|30.0,30.0,2.434,2.182,1.310,1.215
penetration|askarovo/biyagoda_west|analytic|laminar|6.0|-1.0|100.0,30.0,1.087,2.327,1.498,1.811
penetration|askarovo/biyagoda_west|analytic|laminar|6.0|-1.0|200.0,30.0,0.919,2.078,1.672,1.595
penetration|askarovo/biyagoda_west|analytic|laminar|6.0|-1.0|30.0,30.0,1.624,2.128,0.932,1.394
penetration|askarovo/biyagoda_west|analytic|laminar|6.0|0.0|100.0,30.0,3.372,2.642,3.042,1.344
penetration|askarovo/biyagoda_west|analytic|laminar|6.0|0.0|200.0,30.0,4.003,3.084,3.119,1.292
penetration|askarovo/biyagoda_west|analytic|laminar|6.0|0.0|30.0,30.0,3.833,4.081,4.440,1.779
penetration|askarovo/biyagoda_west|analytic|slavutich_ut|3.0|-0.5|100.0,30.0,1.004,0.799,0.635,0.726
penetration|askarovo/biyagoda_west|analytic|slavutich_ut|3.0|-0.5|200.0,30.0,0.703,0.890,0.565,0.474
penetration|askarovo/biyagoda_west|analytic|slavutich_ut|3.0|-0.5|30.0,30.0,0.736,0.962,0.510,0.606
penetration|askarovo/biyagoda_west|analytic|slavutich_ut|3.0|-1.0|100.0,30.0,0.611,0.835,0.713,0.779
penetration|askarovo/biyagoda_west|analytic|slavutich_ut|3.0|-1.0|200.0,30.0,0.663,0.799,0.693,0.729
penetration|askarovo/biyagoda_west|analytic|slavutich_ut|3.0|-1.0|30.0,30.0,0.673,0.798,0.507,0.596
penetration|askarovo/biyagoda_west|analytic|slavutich_ut|3.0|0.0|100.0,30.0,0.523,0.562,0.724,0.643
penetration|askarovo/biyagoda_west|analytic|slavutich_ut|3.0|0.0|200.0,30.0,1.083,0.711,0.845,0.503
penetration|askarovo/biyagoda_west|analytic|slavutich_ut|3.0|0.0|30.0,30.0,1.170,0.788,1.013,0.731
penetration|askarovo/biyagoda_west|analytic|slavutich_ut|6.0|-0.5|100.0,30.0,1.696,2.443,1.824,1.518
penetration|askarovo/biyagoda_west|analytic|slavutich_ut|6.0|-0.5|200.0,30.0,1.587,1.780,1.172,1.501
penetration|askarovo/biyagoda_west|analytic|slavutich_ut|6.0|-0.5|30.0,30.0,1.516,1.815,1.646,1.534
penetration|askarovo/biyagoda_west|analytic|slavutich_ut|6.0|-1.0|100.0,30.0,1.886,2.246,1.532,1.900
penetration|askarovo/biyagoda_west|analytic|slavutich_ut|6.0|-1.0|200.0,30.0,1.779,1.954,0.988,1.238
penetration|askarovo/biyagoda_west|analytic|slavutich_ut|6.0|-1.0|30.0,30.0,1.411,1.868,1.289,1.696
penetration|askarovo/biyagoda_west|analytic|slavutich_ut|6.0|0.0|100.0,30.0,2.992,2.715,3.055,0.677
penetration|askarovo/biyagoda_west|analytic|slavutich_ut|6.0|0.0|200.0,30.0,2.527,2.031,2.210,1.631
penetration|askarovo/biyagoda_west|analytic|slavutich_ut|6.0|0.0|30.0,30.0,3.488,3.101,3.074,0.681
penetration|askarovo/biyagoda_west|analytic|training|3.0|-0.5|100.0,30.0,0.544,0.710,0.650,0.625
penetration|askarovo/biyagoda_west|analytic|training|3.0|-0.5|200.0,30.0,0.857,0.892,0.589,0.454
penetration|askarovo/biyagoda_west|analytic|training|3.0|-0.5|30.0,30.0,0.825,0.789,0.874,0.920
penetration|askarovo/biyagoda_west|analytic|training|3.0|-1.0|100.0,30.0,0.681,0.807,0.556,0.744
penetration|askarovo/biyagoda_west|analytic|training|3.0|-1.0|200.0,30.0,0.751,0.758,0.470,0.617
penetration|askarovo/biyagoda_west|analytic|training|3.0|-1.0|30.0,30.0,0.443,0.965,0.480,0.539
penetration|askarovo/biyagoda_west|analytic|training|3.0|0.0|100.0,30.0,0.867,0.923,0.877,0.670
penetration|askarovo/biyagoda_west|analytic|training|3.0|0.0|200.0,30.0,0.770,0.624,0.882,0.635
penetration|askarovo/biyagoda_west|analytic|training|3.0|0.0|30.0,30.0,1.039,0.657,0.878,0.752
penetration|askarovo/biyagoda_west|analytic|training|6.0|-0.5|100.0,30.0,2.076,2.187,1.574,1.228
penetration|askarovo/biyagoda_west|analytic|training|6.0|-0.5|200.0,30.0,1.573,2.947,1.561,1.173
penetration|askarovo/biyagoda_west|analytic|training|6.0|-0.5|30.0,30.0,1.670,1.719,1.693,1.546
penetration|askarovo/biyagoda_west|analytic|training|6.0|-1.0|100.0,30.0,2.065,2.246,1.413,1.571
penetration|askarovo/biyagoda_west|analytic|training|6.0|-1.0|200.0,30.0,1.182,2.119,0.959,1.010
penetration|askarovo/biyagoda_west|analytic|training|6.0|-1.0|30.0,30.0,0.948,1.960,1.351,1.625
penetration|askarovo/biyagoda_west|analytic|training|6.0|0.0|100.0,30.0,1.644,1.666,1.520,0.915
penetration|askarovo/biyagoda_west|analytic|training|6.0|0.0|200.0,30.0,2.881,2.619,2.598,1.175
penetration|askarovo/biyagoda_west|analytic|training|6.0|0.0|30.0,30.0,3.113,2.136,2.733,1.149
penetration|askarovo/biyagoda_west|field|combat|3.0|-0.5|100.0,30.0,1.028,0.814,0.572,0.741
penetration|askarovo/biyagoda_west|field|combat|3.0|-0.5|200.0,30.0,0.943,0.841,1.064,0.859
penetration|askarovo/biyagoda_west|field|combat|3.0|-0.5|30.0,30.0,0.851,1.199,1.086,0.867
penetration|askarovo/biyagoda_west|field|combat|3.0|-1.0|100.0,30.0,1.304,1.257,0.450,0.695
penetration|askarovo/biyagoda_west|field|combat|3.0|-1.0|200.0,30.0,1.314,0.949,0.569,0.853
penetration|askarovo/biyagoda_west|field|combat|3.0|-1.0|30.0,30.0,0.418,1.005,0.545,0.457
penetration|askarovo/biyagoda_west|field|combat|3.0|0.0|100.0,30.0,0.939,0.586,0.760,0.807
penetration|askarovo/biyagoda_west|field|combat|3.0|0.0|200.0,30.0,0.926,0.503,1.080,1.082
penetration|askarovo/biyagoda_west|field|combat|3.0|0.0|30.0,30.0,1.083,0.742,1.073,0.781
penetration|askarovo/biyagoda_west|field|combat|6.0|-0.5|100.0,30.0,0.509,0.809,0.823,0.909
penetration|askarovo/biyagoda_west|field|combat|6.0|-0.5|200.0,30.0,0.724,0.955,1.071,0.840
penetration|askarovo/biyagoda_west|field|combat|6.0|-0.5|30.0,30.0,1.173,0.952,0.598,1.021
penetration|askarovo/biyagoda_west|field|combat|6.0|-1.0|100.0,30.0,1.366,1.391,0.574,0.584
penetration|askarovo/biyagoda_west|field|combat|6.0|-1.0|200.0,30.0,1.098,0.827,0.495,0.722
penetration|askarovo/biyagoda_west|field|combat|6.0|-1.0|30.0,30.0,0.816,1.223,0.462,0.713
penetration|askarovo/biyagoda_west|field|combat|6.0|0.0|100.0,30.0,1.089,0.853,1.124,0.966
penetration|askarovo/biyagoda_west|field|combat|6.0|0.0|200.0,30.0,1.127,0.652,0.925,1.089
penetration|askarovo/biyagoda_west|field|combat|6.0|0.0|30.0,30.0,1.063,0.926,1.056,0.903
penetration|askarovo/biyagoda_west|field|laminar|3.0|-0.5|100.0,30.0,1.157,0.799,0.628,0.710
penetration|askarovo/biyagoda_west|field|laminar|3.0|-0.5|200.0,30.0,1.098,0.697,1.097,0.973
penetration|askarovo/biyagoda_west|field|laminar|3.0|-0.5|30.0,30.0,0.927,1.063,1.072,0.806
penetration|askarovo/biyagoda_west|field|laminar|3.0|-1.0|100.0,30.0,1.539,1.268,0.650,0.852
penetration|askarovo/biyagoda_west|field|laminar|3.0|-1.0|200.0,30.0,1.105,0.797,0.556,0.868
penetration|askarovo/biyagoda_west|field|laminar|3.0|-1.0|30.0,30.0,0.837,1.126,0.638,0.472
penetration|askarovo/biyagoda_west|field|laminar|3.0|0.0|100.0,30.0,1.137,0.636,0.847,0.674
penetration|askarovo/biyagoda_west|field|laminar|3.0|0.0|200.0,30.0,0.955,0.485,1.043,1.128
penetration|askarovo/biyagoda_west|field|laminar|3.0|0.0|30.0,30.0,1.135,0.705,1.108,0.849
penetration|askarovo/biyagoda_west|field|laminar|6.0|-0.5|100.0,30.0,0.523,0.769,0.857,0.925
penetration|askarovo/biyagoda_west|field|laminar|6.0|-0.5|200.0,30.0,0.928,0.870,0.983,0.757
penetration|askarovo/biyagoda_west|field|laminar|6.0|-0.5|30.0,30.0,1.087,0.967,0.690,0.969
penetration|askarovo/biyagoda_west|field|laminar|6.0|-1.0|100.0,30.0,1.586,1.272,0.629,0.690
penetration|askarovo/biyagoda_west|field|laminar|6.0|-1.0|200.0,30.0,0.948,0.810,0.639,0.899
penetration|askarovo/biyagoda_west|field|laminar|6.0|-1.0|30.0,30.0,0.999,1.130,0.685,0.891
penetration|askarovo/biyagoda_west|field|laminar|6.0|0.0|100.0,30.0,0.849,0.707,0.844,0.882
penetration|askarovo/biyagoda_west|field|laminar|6.0|0.0|200.0,30.0,1.004,0.559,0.802,0.981
penetration|askarovo/biyagoda_west|field|laminar|6.0|0.0|30.0,30.0,1.171,0.904,1.113,0.754
penetration|askarovo/biyagoda_west|field|slavutich_ut|3.0|-0.5|100.0,30.0,0.558,0.525,0.628,0.701
penetration|askarovo/biyagoda_west|field|slavutich_ut|3.0|-0.5|200.0,30.0,0.534,0.545,0.840,0.815
penetration|askarovo/biyagoda_west|field|slavutich_ut|3.0|-0.5|30.0,30.0,1.007,0.573,0.428,0.415
penetration|askarovo/biyagoda_west|field|slavutich_ut|3.0|-1.0|100.0,30.0,0.516,0.651,0.444,0.458
penetration|askarovo/biyagoda_west|field|slavutich_ut|3.0|-1.0|200.0,30.0,1.058,0.816,0.642,0.707
penetration|askarovo/biyagoda_west|field|slavutich_ut|3.0|-1.0|30.0,30.0,0.986,0.843,0.385,0.520
penetration|askarovo/biyagoda_west|field|slavutich_ut|3.0|0.0|100.0,30.0,1.086,0.445,0.778,0.742
penetration|askarovo/biyagoda_west|field|slavutich_ut|3.0|0.0|200.0,30.0,0.752,0.435,0.759,0.721
penetration|askarovo/biyagoda_west|field|slavutich_ut|3.0|0.0|30.0,30.0,1.060,0.447,0.661,0.545
penetration|askarovo/biyagoda_west|field|slavutich_ut|6.0|-0.5|100.0,30.0,1.070,0.787,0.715,0.695
penetration|askarovo/biyagoda_west|field|slavutich_ut|6.0|-0.5|200.0,30.0,1.173,0.905,0.917,0.938
penetration|askarovo/biyagoda_west|field|slavutich_ut|6.0|-0.5|30.0,30.0,1.155,1.033,0.813,0.644
penetration|askarovo/biyagoda_west|field|slavutich_ut|6.0|-1.0|100.0,30.0,1.164,0.904,0.830,0.950
penetration|askarovo/biyagoda_west|field|slavutich_ut|6.0|-1.0|200.0,30.0,1.317,0.802,0.650,0.769
penetration|askarovo/biyagoda_west|field|slavutich_ut|6.0|-1.0|30.0,30.0,0.569,0.830,0.945,1.017
penetration|askarovo/biyagoda_west|field|slavutich_ut|6.0|0.0|100.0,30.0,0.888,0.574,1.074,0.941
penetration|askarovo/biyagoda_west|field|slavutich_ut|6.0|0.0|200.0,30.0,0.954,0.517,1.305,1.270
penetration|askarovo/biyagoda_west|field|slavutich_ut|6.0|0.0|30.0,30.0,2.580,0.996,1.425,0.908
penetration|askarovo/biyagoda_west|field|training|3.0|-0.5|100.0,30.0,0.807,0.681,0.692,0.732
penetration|askarovo/biyagoda_west|field|training|3.0|-0.5|200.0,30.0,1.052,0.663,0.828,0.826
penetration|askarovo/biyagoda_west|field|training|3.0|-0.5|30.0,30.0,1.375,0.843,0.760,0.699
penetration|askarovo/biyagoda_west|field|training|3.0|-1.0|100.0,30.0,0.837,0.830,0.879,0.781
penetration|askarovo/biyagoda_west|field|training|3.0|-1.0|200.0,30.0,1.091,0.799,0.546,0.649
penetration|askarovo/biyagoda_west|field|training|3.0|-1.0|30.0,30.0,0.767,0.704,0.578,0.633
penetration|askarovo/biyagoda_west|field|training|3.0|0.0|100.0,30.0,0.991,0.432,0.664,0.658
penetration|askarovo/biyagoda_west|field|training|3.0|0.0|200.0,30.0,1.019,0.473,0.970,1.046
penetration|askarovo/biyagoda_west|field|training|3.0|0.0|30.0,30.0,1.111,0.643,1.030,0.797
penetration|askarovo/biyagoda_west|field|training|6.0|-0.5|100.0,30.0,0.799,0.544,0.865,0.901
penetration|askarovo/biyagoda_west|field|training|6.0|-0.5|200.0,30.0,1.266,0.657,0.659,0.669
penetration|askarovo/biyagoda_west|field|training|6.0|-0.5|30.0,30.0,1.207,0.882,0.580,0.515
penetration|askarovo/biyagoda_west|field|training|6.0|-1.0|100.0,30.0,1.266,0.851,0.604,0.947
penetration|askarovo/biyagoda_west|field|training|6.0|-1.0|200.0,30.0,1.070,0.855,0.960,1.007
penetration|askarovo/biyagoda_west|field|training|6.0|-1.0|30.0,30.0,1.243,1.056,1.051,1.170
penetration|askarovo/biyagoda_west|field|training|6.0|0.0|100.0,30.0,0.832,0.566,0.847,0.777
penetration|askarovo/biyagoda_west|field|training|6.0|0.0|200.0,30.0,1.139,0.597,1.218,1.190
penetration|askarovo/biyagoda_west|field|training|6.0|0.0|30.0,30.0,3.279,1.123,1.878,1.215
penetration|aushkul/aushtau_east|analytic|combat|3.0|-0.5|100.0,30.0,0.996,0.960,0.793,0.594
penetration|aushkul/aushtau_east|analytic|combat|3.0|-0.5|200.0,30.0,1.124,1.044,0.709,0.412
penetration|aushkul/aushtau_east|analytic|combat|3.0|-0.5|30.0,30.0,1.330,1.238,0.853,0.599
penetration|aushkul/aushtau_east|analytic|combat|3.0|-1.0|100.0,30.0,0.895,1.135,0.644,0.627
penetration|aushkul/aushtau_east|analytic|combat|3.0|-1.0|200.0,30.0,0.501,1.325,0.571,0.494
penetration|aushkul/aushtau_east|analytic|combat|3.0|-1.0|30.0,30.0,0.327,0.890,0.395,0.470
penetration|aushkul/aushtau_east|analytic|combat|3.0|0.0|100.0,30.0,0.779,0.680,0.725,0.652
penetration|aushkul/aushtau_east|analytic|combat|3.0|0.0|200.0,30.0,1.291,0.751,0.846,0.552
penetration|aushkul/aushtau_east|analytic|combat|3.0|0.0|30.0,30.0,0.658,0.727,0.757,0.651
penetration|aushkul/aushtau_east|analytic|combat|6.0|-0.5|100.0,30.0,1.616,2.169,1.159,1.133
penetration|aushkul/aushtau_east|analytic|combat|6.0|-0.5|200.0,30.0,2.692,2.320,1.714,1.058
penetration|aushkul/aushtau_east|analytic|combat|6.0|-0.5|30.0,30.0,1.198,1.829,1.443,1.426
penetration|aushkul/aushtau_east|analytic|combat|6.0|-1.0|100.0,30.0,1.470,2.582,1.605,1.405
penetration|aushkul/aushtau_east|analytic|combat|6.0|-1.0|200.0,30.0,1.410,2.718,1.519,1.215
penetration|aushkul/aushtau_east|analytic|combat|6.0|-1.0|30.0,30.0,1.152,2.493,1.165,1.477
penetration|aushkul/aushtau_east|analytic|combat|6.0|0.0|100.0,30.0,2.341,2.562,2.644,1.625
penetration|aushkul/aushtau_east|analytic|combat|6.0|0.0|200.0,30.0,7.369,4.423,5.218,1.448
penetration|aushkul/aushtau_east|analytic|combat|6.0|0.0|30.0,30.0,3.332,2.739,3.005,0.842
penetration|aushkul/aushtau_east|analytic|laminar|3.0|-0.5|100.0,30.0,1.167,0.842,0.703,0.547
penetration|aushkul/aushtau_east|analytic|laminar|3.0|-0.5|200.0,30.0,1.328,0.987,0.548,0.526
penetration|aushkul/aushtau_east|analytic|laminar|3.0|-0.5|30.0,30.0,1.288,1.156,0.780,0.614
penetration|aushkul/aushtau_east|analytic|laminar|3.0|-1.0|100.0,30.0,0.744,1.191,0.562,0.628
penetration|aushkul/aushtau_east|analytic|laminar|3.0|-1.0|200.0,30.0,0.521,1.084,0.460,0.504
penetration|aushkul/aushtau_east|analytic|laminar|3.0|-1.0|30.0,30.0,0.231,0.866,0.468,0.550
penetration|aushkul/aushtau_east|analytic|laminar|3.0|0.0|100.0,30.0,0.629,0.682,0.862,0.672
penetration|aushkul/aushtau_east|analytic|laminar|3.0|0.0|200.0,30.0,1.446,0.760,0.841,0.597
penetration|aushkul/aushtau_east|analytic|laminar|3.0|0.0|30.0,30.0,0.607,0.689,0.862,0.773
penetration|aushkul/aushtau_east|analytic|laminar|6.0|-0.5|100.0,30.0,1.341,2.068,1.553,1.544
penetration|aushkul/aushtau_east|analytic|laminar|6.0|-0.5|200.0,30.0,2.494,2.589,1.908,1.361
penetration|aushkul/aushtau_east|analytic|laminar|6.0|-0.5|30.0,30.0,1.497,2.030,1.136,1.315
penetration|aushkul/aushtau_east|analytic|laminar|6.0|-1.0|100.0,30.0,1.347,2.714,2.128,1.656
penetration|aushkul/aushtau_east|analytic|laminar|6.0|-1.0|200.0,30.0,1.301,2.363,1.196,1.094
penetration|aushkul/aushtau_east|analytic|laminar|6.0|-1.0|30.0,30.0,1.462,2.510,1.566,1.565
penetration|aushkul/aushtau_east|analytic|laminar|6.0|0.0|100.0,30.0,3.082,3.011,3.511,1.854
penetration|aushkul/aushtau_east|analytic|laminar|6.0|0.0|200.0,30.0,2.421,1.665,1.770,1.532
penetration|aushkul/aushtau_east|analytic|laminar|6.0|0.0|30.0,30.0,3.642,3.594,4.126,1.814
penetration|aushkul/aushtau_east|analytic|slavutich_ut|3.0|-0.5|100.0,30.0,0.839,0.827,0.651,0.570
penetration|aushkul/aushtau_east|analytic|slavutich_ut|3.0|-0.5|200.0,30.0,1.175,0.837,0.822,0.547
penetration|aushkul/aushtau_east|analytic|slavutich_ut|3.0|-0.5|30.0,30.0,0.958,1.254,0.715,0.569
penetration|aushkul/aushtau_east|analytic|slavutich_ut|3.0|-1.0|100.0,30.0,0.550,0.772,0.635,0.773
penetration|aushkul/aushtau_east|analytic|slavutich_ut|3.0|-1.0|200.0,30.0,0.955,0.853,0.416,0.567
penetration|aushkul/aushtau_east|analytic|slavutich_ut|3.0|-1.0|30.0,30.0,0.436,0.825,0.573,0.672
penetration|aushkul/aushtau_east|analytic|slavutich_ut|3.0|0.0|100.0,30.0,0.952,1.007,0.899,0.435
penetration|aushkul/aushtau_east|analytic|slavutich_ut|3.0|0.0|200.0,30.0,1.360,0.686,1.024,0.785
penetration|aushkul/aushtau_east|analytic|slavutich_ut|3.0|0.0|30.0,30.0,0.899,0.719,0.935,0.681
penetration|aushkul/aushtau_east|analytic|slavutich_ut|6.0|-0.5|100.0,30.0,1.686,1.676,1.915,1.745
penetration|aushkul/aushtau_east|analytic|slavutich_ut|6.0|-0.5|200.0,30.0,1.905,1.772,1.647,1.810
penetration|aushkul/aushtau_east|analytic|slavutich_ut|6.0|-0.5|30.0,30.0,2.777,2.079,1.951,1.669
penetration|aushkul/aushtau_east|analytic|slavutich_ut|6.0|-1.0|100.0,30.0,2.586,2.076,1.375,1.537
penetration|aushkul/aushtau_east|analytic|slavutich_ut|6.0|-1.0|200.0,30.0,2.718,2.373,1.020,1.108
penetration|aushkul/aushtau_east|analytic|slavutich_ut|6.0|-1.0|30.0,30.0,2.038,1.455,1.194,1.253
penetration|aushkul/aushtau_east|analytic|slavutich_ut|6.0|0.0|100.0,30.0,1.695,1.892,2.031,0.651
penetration|aushkul/aushtau_east|analytic|slavutich_ut|6.0|0.0|200.0,30.0,3.159,3.006,3.303,1.492
penetration|aushkul/aushtau_east|analytic|slavutich_ut|6.0|0.0|30.0,30.0,3.143,2.703,2.584,1.147
penetration|aushkul/aushtau_east|analytic|training|3.0|-0.5|100.0,30.0,0.949,0.818,0.499,0.490
penetration|aushkul/aushtau_east|analytic|training|3.0|-0.5|200.0,30.0,1.156,0.779,0.689,0.562
penetration|aushkul/aushtau_east|analytic|training|3.0|-0.5|30.0,30.0,1.105,0.785,0.765,0.688
penetration|aushkul/aushtau_east|analytic|training|3.0|-1.0|100.0,30.0,1.178,0.977,0.673,0.647
penetration|aushkul/aushtau_east|analytic|training|3.0|-1.0|200.0,30.0,1.012,0.887,0.503,0.453
penetration|aushkul/aushtau_east|analytic|training|3.0|-1.0|30.0,30.0,0.619,0.867,0.411,0.528
penetration|aushkul/aushtau_east|analytic|training|3.0|0.0|100.0,30.0,0.898,0.679,0.944,0.688
penetration|aushkul/aushtau_east|analytic|training|3.0|0.0|200.0,30.0,1.320,0.659,0.680,0.629
penetration|aushkul/aushtau_east|analytic|training|3.0|0.0|30.0,30.0,1.004,0.746,0.887,0.747
penetration|aushkul/aushtau_east|analytic|training|6.0|-0.5|100.0,30.0,2.391,1.945,1.651,1.605
penetration|aushkul/aushtau_east|analytic|training|6.0|-0.5|200.0,30.0,1.531,2.059,1.954,1.434
penetration|aushkul/aushtau_east|analytic|training|6.0|-0.5|30.0,30.0,1.933,2.403,1.354,1.369
penetration|aushkul/aushtau_east|analytic|training|6.0|-1.0|100.0,30.0,2.193,1.786,1.337,1.268
penetration|aushkul/aushtau_east|analytic|training|6.0|-1.0|200.0,30.0,1.627,2.195,1.747,1.361
penetration|aushkul/aushtau_east|analytic|training|6.0|-1.0|30.0,30.0,1.879,2.290,1.582,1.409
penetration|aushkul/aushtau_east|analytic|training|6.0|0.0|100.0,30.0,2.131,2.195,2.098,0.874
penetration|aushkul/aushtau_east|analytic|training|6.0|0.0|200.0,30.0,2.848,2.173,2.203,1.428
penetration|aushkul/aushtau_east|analytic|training|6.0|0.0|30.0,30.0,4.298,3.463,4.394,1.587
penetration|aushkul/aushtau_east|field|combat|3.0|-0.5|100.0,30.0,1.252,1.352,0.810,0.833
penetration|aushkul/aushtau_east|field|combat|3.0|-0.5|200.0,30.0,0.793,0.901,0.810,1.009
penetration|aushkul/aushtau_east|field|combat|3.0|-0.5|30.0,30.0,1.296,1.243,0.882,0.615
penetration|aushkul/aushtau_east|field|combat|3.0|-1.0|100.0,30.0,2.147,1.707,1.179,0.855
penetration|aushkul/aushtau_east|field|combat|3.0|-1.0|200.0,30.0,2.191,1.462,0.990,1.025
penetration|aushkul/aushtau_east|field|combat|3.0|-1.0|30.0,30.0,1.774,1.305,0.772,0.741
penetration|aushkul/aushtau_east|field|combat|3.0|0.0|100.0,30.0,0.959,0.552,0.704,0.515
penetration|aushkul/aushtau_east|field|combat|3.0|0.0|200.0,30.0,0.929,0.542,0.717,0.630
penetration|aushkul/aushtau_east|field|combat|3.0|0.0|30.0,30.0,1.069,0.610,1.288,1.096
penetration|aushkul/aushtau_east|field|combat|6.0|-0.5|100.0,30.0,0.697,1.064,1.271,1.199
penetration|aushkul/aushtau_east|field|combat|6.0|-0.5|200.0,30.0,1.035,1.237,0.776,0.896
penetration|aushkul/aushtau_east|field|combat|6.0|-0.5|30.0,30.0,1.936,1.398,1.177,0.794
penetration|aushkul/aushtau_east|field|combat|6.0|-1.0|100.0,30.0,2.091,1.587,1.183,1.121
penetration|aushkul/aushtau_east|field|combat|6.0|-1.0|200.0,30.0,2.081,1.641,1.263,1.329
penetration|aushkul/aushtau_east|field|combat|6.0|-1.0|30.0,30.0,2.285,1.693,1.134,1.118
penetration|aushkul/aushtau_east|field|combat|6.0|0.0|100.0,30.0,2.386,0.773,1.015,0.779
penetration|aushkul/aushtau_east|field|combat|6.0|0.0|200.0,30.0,1.159,0.595,0.900,0.988
penetration|aushkul/aushtau_east|field|combat|6.0|0.0|30.0,30.0,2.846,1.344,1.687,1.029
penetration|aushkul/aushtau_east|field|laminar|3.0|-0.5|100.0,30.0,1.694,1.339,0.757,0.755
penetration|aushkul/aushtau_east|field|laminar|3.0|-0.5|200.0,30.0,1.177,0.811,0.767,0.932
penetration|aushkul/aushtau_east|field|laminar|3.0|-0.5|30.0,30.0,1.361,1.038,0.669,0.578
penetration|aushkul/aushtau_east|field|laminar|3.0|-1.0|100.0,30.0,2.012,1.472,1.130,0.896
penetration|aushkul/aushtau_east|field|laminar|3.0|-1.0|200.0,30.0,2.014,1.709,1.065,0.974
penetration|aushkul/aushtau_east|field|laminar|3.0|-1.0|30.0,30.0,1.556,1.182,0.726,0.639
penetration|aushkul/aushtau_east|field|laminar|3.0|0.0|100.0,30.0,0.794,0.426,0.628,0.576
penetration|aushkul/aushtau_east|field|laminar|3.0|0.0|200.0,30.0,1.070,0.602,0.904,0.710
penetration|aushkul/aushtau_east|field|laminar|3.0|0.0|30.0,30.0,0.956,0.618,1.310,1.108
penetration|aushkul/aushtau_east|field|laminar|6.0|-0.5|100.0,30.0,0.899,1.012,1.202,1.149
penetration|aushkul/aushtau_east|field|laminar|6.0|-0.5|200.0,30.0,1.233,1.082,0.762,0.887
penetration|aushkul/aushtau_east|field|laminar|6.0|-0.5|30.0,30.0,1.294,1.305,1.076,0.735
penetration|aushkul/aushtau_east|field|laminar|6.0|-1.0|100.0,30.0,1.905,1.565,1.359,1.160
penetration|aushkul/aushtau_east|field|laminar|6.0|-1.0|200.0,30.0,1.998,1.495,1.264,1.358
penetration|aushkul/aushtau_east|field|laminar|6.0|-1.0|30.0,30.0,2.153,1.747,1.144,0.986
penetration|aushkul/aushtau_east|field|laminar|6.0|0.0|100.0,30.0,4.786,1.562,1.806,0.933
penetration|aushkul/aushtau_east|field|laminar|6.0|0.0|200.0,30.0,1.427,0.606,0.829,0.889
penetration|aushkul/aushtau_east|field|laminar|6.0|0.0|30.0,30.0,2.826,1.398,1.686,1.067
penetration|aushkul/aushtau_east|field|slavutich_ut|3.0|-0.5|100.0,30.0,1.621,0.653,0.559,0.561
penetration|aushkul/aushtau_east|field|slavutich_ut|3.0|-0.5|200.0,30.0,1.425,0.798,0.697,0.523
penetration|aushkul/aushtau_east|field|slavutich_ut|3.0|-0.5|30.0,30.0,1.603,0.627,0.690,0.669
penetration|aushkul/aushtau_east|field|slavutich_ut|3.0|-1.0|100.0,30.0,1.383,0.725,0.568,0.694
penetration|aushkul/aushtau_east|field|slavutich_ut|3.0|-1.0|200.0,30.0,1.687,0.707,0.448,0.711
penetration|aushkul/aushtau_east|field|slavutich_ut|3.0|-1.0|30.0,30.0,1.483,0.915,0.570,0.611
penetration|aushkul/aushtau_east|field|slavutich_ut|3.0|0.0|100.0,30.0,0.781,0.552,0.839,0.652
penetration|aushkul/aushtau_east|field|slavutich_ut|3.0|0.0|200.0,30.0,0.622,0.394,0.510,0.442
penetration|aushkul/aushtau_east|field|slavutich_ut|3.0|0.0|30.0,30.0,0.747,0.479,0.940,0.874
penetration|aushkul/aushtau_east|field|slavutich_ut|6.0|-0.5|100.0,30.0,2.175,1.098,1.043,1.005
penetration|aushkul/aushtau_east|field|slavutich_ut|6.0|-0.5|200.0,30.0,2.743,0.928,0.821,0.757
penetration|aushkul/aushtau_east|field|slavutich_ut|6.0|-0.5|30.0,30.0,3.291,1.377,1.272,1.066
penetration|aushkul/aushtau_east|field|slavutich_ut|6.0|-1.0|100.0,30.0,2.233,1.109,0.596,0.878
penetration|aushkul/aushtau_east|field|slavutich_ut|6.0|-1.0|200.0,30.0,1.556,0.811,0.910,0.908
penetration|aushkul/aushtau_east|field|slavutich_ut|6.0|-1.0|30.0,30.0,1.451,1.055,0.519,0.858
penetration|aushkul/aushtau_east|field|slavutich_ut|6.0|0.0|100.0,30.0,4.614,2.863,3.603,1.546
penetration|aushkul/aushtau_east|field|slavutich_ut|6.0|0.0|200.0,30.0,1.140,0.531,0.749,0.481
penetration|aushkul/aushtau_east|field|slavutich_ut|6.0|0.0|30.0,30.0,1.856,1.559,1.886,1.040
penetration|aushkul/aushtau_east|field|training|3.0|-0.5|100.0,30.0,2.134,0.688,0.679,0.625
penetration|aushkul/aushtau_east|field|training|3.0|-0.5|200.0,30.0,1.628,0.701,0.491,0.551
penetration|aushkul/aushtau_east|field|training|3.0|-0.5|30.0,30.0,2.051,0.689,0.843,0.735
penetration|aushkul/aushtau_east|field|training|3.0|-1.0|100.0,30.0,1.505,0.877,0.568,0.620
penetration|aushkul/aushtau_east|field|training|3.0|-1.0|200.0,30.0,1.309,0.882,0.873,0.854
penetration|aushkul/aushtau_east|field|training|3.0|-1.0|30.0,30.0,0.842,0.954,0.574,0.657
penetration|aushkul/aushtau_east|field|training|3.0|0.0|100.0,30.0,0.728,0.425,0.657,0.572
penetration|aushkul/aushtau_east|field|training|3.0|0.0|200.0,30.0,0.882,0.520,0.815,0.677
penetration|aushkul/aushtau_east|field|training|3.0|0.0|30.0,30.0,0.599,0.542,0.970,0.980
penetration|aushkul/aushtau_east|field|training|6.0|-0.5|100.0,30.0,3.043,1.041,0.997,1.063
penetration|aushkul/aushtau_east|field|training|6.0|-0.5|200.0,30.0,2.152,0.914,0.915,0.910
penetration|aushkul/aushtau_east|field|training|6.0|-0.5|30.0,30.0,2.421,1.173,1.317,0.904
penetration|aushkul/aushtau_east|field|training|6.0|-1.0|100.0,30.0,1.543,1.021,0.679,0.865
penetration|aushkul/aushtau_east|field|training|6.0|-1.0|200.0,30.0,1.382,0.895,0.902,0.924
penetration|aushkul/aushtau_east|field|training|6.0|-1.0|30.0,30.0,1.667,1.186,0.640,0.603
penetration|aushkul/aushtau_east|field|training|6.0|0.0|100.0,30.0,3.643,1.938,1.982,1.589
penetration|aushkul/aushtau_east|field|training|6.0|0.0|200.0,30.0,1.219,0.517,0.623,0.418
penetration|aushkul/aushtau_east|field|training|6.0|0.0|30.0,30.0,3.093,1.535,1.842,0.838
penetration|ongudai/kayancha_south|analytic|combat|3.0|-0.5|100.0,30.0,1.148,0.851,0.722,0.601
penetration|ongudai/kayancha_south|analytic|combat|3.0|-0.5|200.0,30.0,1.192,0.735,0.454,0.480
penetration|ongudai/kayancha_south|analytic|combat|3.0|-0.5|30.0,30.0,0.653,0.951,0.743,0.730
penetration|ongudai/kayancha_south|analytic|combat|3.0|-1.0|100.0,30.0,0.280,0.985,0.666,0.697
penetration|ongudai/kayancha_south|analytic|combat|3.0|-1.0|200.0,30.0,0.742,0.967,0.752,0.655
penetration|ongudai/kayancha_south|analytic|combat|3.0|-1.0|30.0,30.0,0.383,0.851,0.656,0.860
penetration|ongudai/kayancha_south|analytic|combat|3.0|0.0|100.0,30.0,1.624,1.089,1.282,0.580
penetration|ongudai/kayancha_south|analytic|combat|3.0|0.0|200.0,30.0,0.815,0.801,0.875,0.415
penetration|ongudai/kayancha_south|analytic|combat|3.0|0.0|30.0,30.0,0.946,0.780,1.009,0.679
penetration|ongudai/kayancha_south|analytic|combat|6.0|-0.5|100.0,30.0,4.303,2.328,1.525,0.949
penetration|ongudai/kayancha_south|analytic|combat|6.0|-0.5|200.0,30.0,1.494,1.729,1.092,0.988
penetration|ongudai/kayancha_south|analytic|combat|6.0|-0.5|30.0,30.0,3.301,1.979,1.553,1.235
penetration|ongudai/kayancha_south|analytic|combat|6.0|-1.0|100.0,30.0,1.616,2.095,2.401,1.900
penetration|ongudai/kayancha_south|analytic|combat|6.0|-1.0|200.0,30.0,2.483,3.338,1.532,1.313
penetration|ongudai/kayancha_south|analytic|combat|6.0|-1.0|30.0,30.0,1.752,2.737,2.613,2.238
penetration|ongudai/kayancha_south|analytic|combat|6.0|0.0|100.0,30.0,2.754,1.515,2.101,1.543
penetration|ongudai/kayancha_south|analytic|combat|6.0|0.0|200.0,30.0,3.416,2.945,3.858,1.692
penetration|ongudai/kayancha_south|analytic|combat|6.0|0.0|30.0,30.0,6.567,6.246,8.191,1.648
penetration|ongudai/kayancha_south|analytic|laminar|3.0|-0.5|100.0,30.0,0.912,0.796,0.419,0.479
penetration|ongudai/kayancha_south|analytic|laminar|3.0|-0.5|200.0,30.0,0.590,0.724,0.322,0.439
penetration|ongudai/kayancha_south|analytic|laminar|3.0|-0.5|30.0,30.0,0.440,0.948,0.712,0.758
penetration|ongudai/kayancha_south|analytic|laminar|3.0|-1.0|100.0,30.0,0.370,1.069,0.615,0.691
penetration|ongudai/kayancha_south|analytic|laminar|3.0|-1.0|200.0,30.0,1.082,1.023,0.521,0.585
penetration|ongudai/kayancha_south|analytic|laminar|3.0|-1.0|30.0,30.0,0.355,1.049,0.676,0.750
penetration|ongudai/kayancha_south|analytic|laminar|3.0|0.0|100.0,30.0,1.749,1.226,1.417,0.640
penetration|ongudai/kayancha_south|analytic|laminar|3.0|0.0|200.0,30.0,0.707,0.658,0.802,0.547
penetration|ongudai/kayancha_south|analytic|laminar|3.0|0.0|30.0,30.0,1.028,0.826,1.007,0.632
penetration|ongudai/kayancha_south|analytic|laminar|6.0|-0.5|100.0,30.0,3.227,2.230,1.182,1.339
penetration|ongudai/kayancha_south|analytic|laminar|6.0|-0.5|200.0,30.0,1.204,2.362,1.711,1.483
penetration|ongudai/kayancha_south|analytic|laminar|6.0|-0.5|30.0,30.0,3.256,1.696,1.233,1.398
penetration|ongudai/kayancha_south|analytic|laminar|6.0|-1.0|100.0,30.0,1.617,1.972,1.920,1.709
penetration|ongudai/kayancha_south|analytic|laminar|6.0|-1.0|200.0,30.0,3.451,3.026,1.319,1.070
penetration|ongudai/kayancha_south|analytic|laminar|6.0|-1.0|30.0,30.0,1.832,2.287,2.594,2.304
penetration|ongudai/kayancha_south|analytic|laminar|6.0|0.0|100.0,30.0,3.188,2.999,3.330,1.403
penetration|ongudai/kayancha_south|analytic|laminar|6.0|0.0|200.0,30.0,3.463,2.462,3.997,1.870
penetration|ongudai/kayancha_south|analytic|laminar|6.0|0.0|30.0,30.0,4.382,4.530,5.146,1.638
penetration|ongudai/kayancha_south|analytic|slavutich_ut|3.0|-0.5|100.0,30.0,0.900,0.785,0.733,0.637
penetration|ongudai/kayancha_south|analytic|slavutich_ut|3.0|-0.5|200.0,30.0,0.907,0.650,0.428,0.499
penetration|ongudai/kayancha_south|analytic|slavutich_ut|3.0|-0.5|30.0,30.0,0.708,0.839,0.873,0.826
penetration|ongudai/kayancha_south|analytic|slavutich_ut|3.0|-1.0|100.0,30.0,0.518,0.965,0.854,0.830
penetration|ongudai/kayancha_south|analytic|slavutich_ut|3.0|-1.0|200.0,30.0,0.507,0.722,0.491,0.530
penetration|ongudai/kayancha_south|analytic|slavutich_ut|3.0|-1.0|30.0,30.0,0.403,0.762,0.905,0.997
penetration|ongudai/kayancha_south|analytic|slavutich_ut|3.0|0.0|100.0,30.0,1.046,0.878,1.002,0.680
penetration|ongudai/kayancha_south|analytic|slavutich_ut|3.0|0.0|200.0,30.0,0.860,0.839,0.840,0.546
penetration|ongudai/kayancha_south|analytic|slavutich_ut|3.0|0.0|30.0,30.0,0.955,0.923,0.885,0.607
penetration|ongudai/kayancha_south|analytic|slavutich_ut|6.0|-0.5|100.0,30.0,1.712,2.333,1.808,1.636
penetration|ongudai/kayancha_south|analytic|slavutich_ut|6.0|-0.5|200.0,30.0,2.848,2.906,2.824,2.178
penetration|ongudai/kayancha_south|analytic|slavutich_ut|6.0|-0.5|30.0,30.0,1.449,2.223,1.676,1.344
penetration|ongudai/kayancha_south|analytic|slavutich_ut|6.0|-1.0|100.0,30.0,1.329,2.016,1.186,1.624
penetration|ongudai/kayancha_south|analytic|slavutich_ut|6.0|-1.0|200.0,30.0,1.656,2.153,1.139,1.472
penetration|ongudai/kayancha_south|analytic|slavutich_ut|6.0|-1.0|30.0,30.0,0.997,2.343,1.258,1.328
penetration|ongudai/kayancha_south|analytic|slavutich_ut|6.0|0.0|100.0,30.0,3.396,2.629,2.802,0.648
penetration|ongudai/kayancha_south|analytic|slavutich_ut|6.0|0.0|200.0,30.0,2.668,2.467,2.538,1.012
penetration|ongudai/kayancha_south|analytic|slavutich_ut|6.0|0.0|30.0,30.0,2.588,3.159,3.452,1.190
penetration|ongudai/kayancha_south|analytic|training|3.0|-0.5|100.0,30.0,0.819,0.921,0.561,0.583
penetration|ongudai/kayancha_south|analytic|training|3.0|-0.5|200.0,30.0,0.981,0.760,0.454,0.392
penetration|ongudai/kayancha_south|analytic|training|3.0|-0.5|30.0,30.0,0.749,0.852,0.755,0.597
penetration|ongudai/kayancha_south|analytic|training|3.0|-1.0|100.0,30.0,0.515,0.899,0.813,0.841
penetration|ongudai/kayancha_south|analytic|training|3.0|-1.0|200.0,30.0,0.926,0.689,0.378,0.462
penetration|ongudai/kayancha_south|analytic|training|3.0|-1.0|30.0,30.0,0.554,0.944,0.852,0.855
penetration|ongudai/kayancha_south|analytic|training|3.0|0.0|100.0,30.0,1.734,1.077,1.235,0.718
penetration|ongudai/kayancha_south|analytic|training|3.0|0.0|200.0,30.0,0.686,0.571,0.872,0.681
penetration|ongudai/kayancha_south|analytic|training|3.0|0.0|30.0,30.0,1.143,1.003,1.109,0.600
penetration|ongudai/kayancha_south|analytic|training|6.0|-0.5|100.0,30.0,1.488,2.467,1.778,1.563
penetration|ongudai/kayancha_south|analytic|training|6.0|-0.5|200.0,30.0,2.683,3.213,2.413,1.606
penetration|ongudai/kayancha_south|analytic|training|6.0|-0.5|30.0,30.0,2.320,2.910,2.092,1.665
penetration|ongudai/kayancha_south|analytic|training|6.0|-1.0|100.0,30.0,1.832,1.921,1.131,1.398
penetration|ongudai/kayancha_south|analytic|training|6.0|-1.0|200.0,30.0,2.744,1.617,1.070,1.393
penetration|ongudai/kayancha_south|analytic|training|6.0|-1.0|30.0,30.0,2.398,2.323,1.176,1.301
penetration|ongudai/kayancha_south|analytic|training|6.0|0.0|100.0,30.0,1.761,2.424,1.900,1.234
penetration|ongudai/kayancha_south|analytic|training|6.0|0.0|200.0,30.0,2.549,3.091,3.315,1.423
penetration|ongudai/kayancha_south|analytic|training|6.0|0.0|30.0,30.0,2.647,2.336,2.365,0.693
penetration|ongudai/kayancha_south|field|combat|3.0|-0.5|100.0,30.0,1.523,0.970,1.200,1.629
penetration|ongudai/kayancha_south|field|combat|3.0|-0.5|200.0,30.0,1.309,1.037,1.397,1.736
penetration|ongudai/kayancha_south|field|combat|3.0|-0.5|30.0,30.0,0.811,0.951,1.378,1.463
penetration|ongudai/kayancha_south|field|combat|3.0|-1.0|100.0,30.0,0.799,0.957,1.113,1.406
penetration|ongudai/kayancha_south|field|combat|3.0|-1.0|200.0,30.0,0.645,0.806,0.981,1.250
penetration|ongudai/kayancha_south|field|combat|3.0|-1.0|30.0,30.0,1.247,1.134,1.225,1.282
penetration|ongudai/kayancha_south|field|combat|3.0|0.0|100.0,30.0,0.952,0.699,1.293,1.031
penetration|ongudai/kayancha_south|field|combat|3.0|0.0|200.0,30.0,1.073,0.507,0.928,0.923
penetration|ongudai/kayancha_south|field|combat|3.0|0.0|30.0,30.0,0.947,0.640,1.506,1.261
penetration|ongudai/kayancha_south|field|combat|6.0|-0.5|100.0,30.0,1.270,1.022,1.693,1.897
penetration|ongudai/kayancha_south|field|combat|6.0|-0.5|200.0,30.0,0.939,0.826,1.454,1.650
penetration|ongudai/kayancha_south|field|combat|6.0|-0.5|30.0,30.0,1.318,0.938,0.855,1.189
penetration|ongudai/kayancha_south|field|combat|6.0|-1.0|100.0,30.0,0.348,0.938,0.975,1.343
penetration|ongudai/kayancha_south|field|combat|6.0|-1.0|200.0,30.0,0.551,0.777,1.394,1.736
penetration|ongudai/kayancha_south|field|combat|6.0|-1.0|30.0,30.0,0.822,1.069,0.941,1.189
penetration|ongudai/kayancha_south|field|combat|6.0|0.0|100.0,30.0,1.340,0.861,1.210,0.898
penetration|ongudai/kayancha_south|field|combat|6.0|0.0|200.0,30.0,1.414,0.703,1.167,1.178
penetration|ongudai/kayancha_south|field|combat|6.0|0.0|30.0,30.0,1.922,0.783,1.011,0.786
penetration|ongudai/kayancha_south|field|laminar|3.0|-0.5|100.0,30.0,1.178,0.837,1.356,1.633
penetration|ongudai/kayancha_south|field|laminar|3.0|-0.5|200.0,30.0,1.432,1.192,1.661,1.878
penetration|ongudai/kayancha_south|field|laminar|3.0|-0.5|30.0,30.0,0.651,0.852,1.382,1.352
penetration|ongudai/kayancha_south|field|laminar|3.0|-1.0|100.0,30.0,1.033,0.872,1.173,1.333
penetration|ongudai/kayancha_south|field|laminar|3.0|-1.0|200.0,30.0,1.093,1.101,0.789,0.979
penetration|ongudai/kayancha_south|field|laminar|3.0|-1.0|30.0,30.0,1.152,1.083,1.400,1.295
penetration|ongudai/kayancha_south|field|laminar|3.0|0.0|100.0,30.0,1.089,0.655,1.161,1.013
penetration|ongudai/kayancha_south|field|laminar|3.0|0.0|200.0,30.0,0.858,0.481,0.865,0.818
penetration|ongudai/kayancha_south|field|laminar|3.0|0.0|30.0,30.0,0.957,0.654,1.509,1.242
penetration|ongudai/kayancha_south|field|laminar|6.0|-0.5|100.0,30.0,1.253,0.885,1.411,1.677
penetration|ongudai/kayancha_south|field|laminar|6.0|-0.5|200.0,30.0,1.000,0.860,1.442,1.541
penetration|ongudai/kayancha_south|field|laminar|6.0|-0.5|30.0,30.0,1.367,0.916,1.002,1.260
penetration|ongudai/kayancha_south|field|laminar|6.0|-1.0|100.0,30.0,0.841,0.860,1.048,1.428
penetration|ongudai/kayancha_south|field|laminar|6.0|-1.0|200.0,30.0,0.521,0.824,1.714,1.975
penetration|ongudai/kayancha_south|field|laminar|6.0|-1.0|30.0,30.0,0.917,0.995,1.120,1.325
penetration|ongudai/kayancha_south|field|laminar|6.0|0.0|100.0,30.0,1.252,0.902,1.167,0.831
penetration|ongudai/kayancha_south|field|laminar|6.0|0.0|200.0,30.0,1.503,0.591,1.002,1.046
penetration|ongudai/kayancha_south|field|laminar|6.0|0.0|30.0,30.0,2.095,0.804,1.070,0.917
penetration|ongudai/kayancha_south|field|slavutich_ut|3.0|-0.5|100.0,30.0,0.785,0.682,1.780,1.682
penetration|ongudai/kayancha_south|field|slavutich_ut|3.0|-0.5|200.0,30.0,0.917,0.789,1.455,1.432
penetration|ongudai/kayancha_south|field|slavutich_ut|3.0|-0.5|30.0,30.0,1.014,0.756,0.896,0.749
penetration|ongudai/kayancha_south|field|slavutich_ut|3.0|-1.0|100.0,30.0,0.906,0.677,1.021,1.006
penetration|ongudai/kayancha_south|field|slavutich_ut|3.0|-1.0|200.0,30.0,1.006,0.661,1.254,1.366
penetration|ongudai/kayancha_south|field|slavutich_ut|3.0|-1.0|30.0,30.0,1.448,0.712,0.643,0.609
penetration|ongudai/kayancha_south|field|slavutich_ut|3.0|0.0|100.0,30.0,0.869,0.540,1.180,0.984
penetration|ongudai/kayancha_south|field|slavutich_ut|3.0|0.0|200.0,30.0,0.670,0.518,1.413,1.262
penetration|ongudai/kayancha_south|field|slavutich_ut|3.0|0.0|30.0,30.0,1.188,0.511,0.840,0.741
penetration|ongudai/kayancha_south|field|slavutich_ut|6.0|-0.5|100.0,30.0,1.531,0.834,0.646,0.624
penetration|ongudai/kayancha_south|field|slavutich_ut|6.0|-0.5|200.0,30.0,0.977,0.571,1.427,1.395
penetration|ongudai/kayancha_south|field|slavutich_ut|6.0|-0.5|30.0,30.0,1.260,0.925,0.984,1.011
penetration|ongudai/kayancha_south|field|slavutich_ut|6.0|-1.0|100.0,30.0,1.481,0.693,0.845,0.970
penetration|ongudai/kayancha_south|field|slavutich_ut|6.0|-1.0|200.0,30.0,1.371,0.724,1.122,1.168
penetration|ongudai/kayancha_south|field|slavutich_ut|6.0|-1.0|30.0,30.0,0.836,0.838,1.218,1.288
penetration|ongudai/kayancha_south|field|slavutich_ut|6.0|0.0|100.0,30.0,1.633,1.045,1.451,1.115
penetration|ongudai/kayancha_south|field|slavutich_ut|6.0|0.0|200.0,30.0,0.677,0.557,1.015,0.946
penetration|ongudai/kayancha_south|field|slavutich_ut|6.0|0.0|30.0,30.0,3.583,2.702,3.364,1.736
penetration|ongudai/kayancha_south|field|training|3.0|-0.5|100.0,30.0,1.039,0.715,1.410,1.274
penetration|ongudai/kayancha_south|field|training|3.0|-0.5|200.0,30.0,1.075,0.906,1.458,1.158
penetration|ongudai/kayancha_south|field|training|3.0|-0.5|30.0,30.0,0.789,0.665,0.980,1.068
penetration|ongudai/kayancha_south|field|training|3.0|-1.0|100.0,30.0,0.929,0.934,1.130,1.042
penetration|ongudai/kayancha_south|field|training|3.0|-1.0|200.0,30.0,1.167,0.838,1.640,1.796
penetration|ongudai/kayancha_south|field|training|3.0|-1.0|30.0,30.0,0.603,0.736,1.576,1.519
penetration|ongudai/kayancha_south|field|training|3.0|0.0|100.0,30.0,0.896,0.516,0.938,0.825
penetration|ongudai/kayancha_south|field|training|3.0|0.0|200.0,30.0,0.702,0.459,0.865,0.810
penetration|ongudai/kayancha_south|field|training|3.0|0.0|30.0,30.0,0.718,0.450,0.798,0.741
penetration|ongudai/kayancha_south|field|training|6.0|-0.5|100.0,30.0,1.100,0.623,0.641,0.836
penetration|ongudai/kayancha_south|field|training|6.0|-0.5|200.0,30.0,0.611,0.636,1.470,1.527
penetration|ongudai/kayancha_south|field|training|6.0|-0.5|30.0,30.0,1.292,0.739,0.773,0.954
penetration|ongudai/kayancha_south|field|training|6.0|-1.0|100.0,30.0,1.665,0.811,0.665,1.072
penetration|ongudai/kayancha_south|field|training|6.0|-1.0|200.0,30.0,0.833,0.899,1.539,1.684
penetration|ongudai/kayancha_south|field|training|6.0|-1.0|30.0,30.0,0.653,0.913,1.217,1.321
penetration|ongudai/kayancha_south|field|training|6.0|0.0|100.0,30.0,1.201,0.965,1.356,1.013
penetration|ongudai/kayancha_south|field|training|6.0|0.0|200.0,30.0,1.510,0.602,0.998,0.963
penetration|ongudai/kayancha_south|field|training|6.0|0.0|30.0,30.0,1.806,0.910,1.404,1.169
ridge|altai/sinyukha_west|analytic|combat|3.0|0.0|90.0,30.0,6.948,1.315,1.323,0.626
ridge|altai/sinyukha_west|analytic|combat|6.0|0.0|90.0,30.0,2.133,1.959,2.196,1.785
ridge|altai/sinyukha_west|analytic|laminar|3.0|0.0|90.0,30.0,7.154,1.135,0.925,0.563
ridge|altai/sinyukha_west|analytic|laminar|6.0|0.0|90.0,30.0,6.569,2.208,2.773,2.522
ridge|altai/sinyukha_west|analytic|slavutich_ut|3.0|0.0|90.0,30.0,6.062,0.947,0.947,0.476
ridge|altai/sinyukha_west|analytic|slavutich_ut|6.0|0.0|90.0,30.0,7.632,2.991,3.724,1.266
ridge|altai/sinyukha_west|analytic|training|3.0|0.0|90.0,30.0,6.297,0.917,0.908,0.343
ridge|altai/sinyukha_west|analytic|training|6.0|0.0|90.0,30.0,2.810,2.750,3.133,1.606
ridge|altai/sinyukha_west|field|combat|3.0|0.0|50.0,30.0,7.385,0.715,1.479,1.197
ridge|altai/sinyukha_west|field|combat|6.0|0.0|50.0,30.0,7.640,1.682,2.532,1.764
ridge|altai/sinyukha_west|field|laminar|3.0|0.0|50.0,30.0,5.357,0.841,1.020,0.566
ridge|altai/sinyukha_west|field|laminar|6.0|0.0|50.0,30.0,3.008,1.643,2.513,1.386
ridge|altai/sinyukha_west|field|slavutich_ut|3.0|0.0|50.0,17.3,5.878,0.705,1.196,0.898
ridge|altai/sinyukha_west|field|slavutich_ut|6.0|0.0|50.0,30.0,2.669,1.010,2.020,1.520
ridge|altai/sinyukha_west|field|training|3.0|0.0|50.0,30.0,4.090,0.679,1.134,0.819
ridge|altai/sinyukha_west|field|training|6.0|0.0|50.0,30.0,2.900,1.791,2.707,1.632
ridge|askarovo/biyagoda_west|analytic|combat|3.0|0.0|90.0,30.0,7.269,0.873,0.775,0.378
ridge|askarovo/biyagoda_west|analytic|combat|6.0|0.0|90.0,30.0,4.509,4.374,4.851,1.578
ridge|askarovo/biyagoda_west|analytic|laminar|3.0|0.0|90.0,30.0,6.639,0.891,0.980,0.534
ridge|askarovo/biyagoda_west|analytic|laminar|6.0|0.0|90.0,30.0,2.077,2.403,2.409,0.848
ridge|askarovo/biyagoda_west|analytic|slavutich_ut|3.0|0.0|90.0,30.0,5.029,0.696,0.614,0.137
ridge|askarovo/biyagoda_west|analytic|slavutich_ut|6.0|0.0|90.0,30.0,2.455,2.214,2.248,0.537
ridge|askarovo/biyagoda_west|analytic|training|3.0|0.0|90.0,30.0,6.520,0.588,0.509,0.294
ridge|askarovo/biyagoda_west|analytic|training|6.0|0.0|90.0,30.0,2.415,2.090,2.206,0.882
ridge|askarovo/biyagoda_west|field|combat|3.0|0.0|50.0,30.0,3.896,0.531,0.736,0.540
ridge|askarovo/biyagoda_west|field|combat|6.0|0.0|50.0,30.0,4.130,1.847,2.660,1.517
ridge|askarovo/biyagoda_west|field|laminar|3.0|0.0|50.0,30.0,5.240,0.676,0.736,0.453
ridge|askarovo/biyagoda_west|field|laminar|6.0|0.0|50.0,30.0,4.469,1.651,2.091,1.394
ridge|askarovo/biyagoda_west|field|slavutich_ut|3.0|0.0|50.0,16.9,5.847,0.516,0.614,0.643
ridge|askarovo/biyagoda_west|field|slavutich_ut|6.0|0.0|50.0,30.0,6.071,1.656,2.565,1.568
ridge|askarovo/biyagoda_west|field|training|3.0|0.0|50.0,30.0,4.655,0.659,0.706,0.603
ridge|askarovo/biyagoda_west|field|training|6.0|0.0|50.0,30.0,4.602,1.449,2.379,1.391
ridge|aushkul/aushtau_east|analytic|combat|3.0|0.0|65.0,17.9,7.252,1.092,1.055,0.691
ridge|aushkul/aushtau_east|analytic|combat|6.0|0.0|65.0,30.0,7.014,4.672,5.139,1.889
ridge|aushkul/aushtau_east|analytic|laminar|3.0|0.0|65.0,16.8,7.056,1.140,0.963,0.633
ridge|aushkul/aushtau_east|analytic|laminar|6.0|0.0|65.0,30.0,4.522,3.452,4.210,1.544
ridge|aushkul/aushtau_east|analytic|slavutich_ut|3.0|0.0|65.0,30.0,5.212,0.610,0.885,0.554
ridge|aushkul/aushtau_east|analytic|slavutich_ut|6.0|0.0|65.0,14.6,7.613,2.395,2.346,1.829
ridge|aushkul/aushtau_east|analytic|training|3.0|0.0|65.0,19.5,5.618,1.049,0.798,0.553
ridge|aushkul/aushtau_east|analytic|training|6.0|0.0|65.0,30.0,3.327,2.807,2.542,0.888
ridge|aushkul/aushtau_east|field|combat|3.0|0.0|50.0,30.0,7.377,0.624,0.693,0.586
ridge|aushkul/aushtau_east|field|combat|6.0|0.0|50.0,30.0,5.100,1.864,2.056,0.903
ridge|aushkul/aushtau_east|field|laminar|3.0|0.0|50.0,30.0,7.714,0.623,0.570,0.380
ridge|aushkul/aushtau_east|field|laminar|6.0|0.0|50.0,30.0,2.774,1.126,1.568,1.110
ridge|aushkul/aushtau_east|field|slavutich_ut|3.0|0.0|50.0,30.0,5.517,0.610,0.595,0.626
ridge|aushkul/aushtau_east|field|slavutich_ut|6.0|0.0|50.0,30.0,7.406,0.969,2.323,2.174
ridge|aushkul/aushtau_east|field|training|3.0|0.0|50.0,30.0,5.361,0.600,0.790,0.591
ridge|aushkul/aushtau_east|field|training|6.0|0.0|50.0,30.0,2.703,1.077,1.541,1.027
ridge|ongudai/kayancha_south|analytic|combat|3.0|0.0|100.0,30.0,7.616,1.076,1.127,0.498
ridge|ongudai/kayancha_south|analytic|combat|6.0|0.0|100.0,30.0,2.602,2.213,2.296,1.302
ridge|ongudai/kayancha_south|analytic|laminar|3.0|0.0|100.0,30.0,7.298,1.130,0.945,0.390
ridge|ongudai/kayancha_south|analytic|laminar|6.0|0.0|100.0,30.0,1.957,2.294,2.416,1.265
ridge|ongudai/kayancha_south|analytic|slavutich_ut|3.0|0.0|100.0,30.0,6.411,0.926,0.790,0.338
ridge|ongudai/kayancha_south|analytic|slavutich_ut|6.0|0.0|100.0,30.0,2.681,1.950,1.823,0.659
ridge|ongudai/kayancha_south|analytic|training|3.0|0.0|100.0,30.0,6.961,0.969,0.766,0.326
ridge|ongudai/kayancha_south|analytic|training|6.0|0.0|100.0,30.0,2.125,2.165,3.113,1.200
ridge|ongudai/kayancha_south|field|combat|3.0|0.0|50.0,30.0,8.224,0.515,0.644,0.554
ridge|ongudai/kayancha_south|field|combat|6.0|0.0|50.0,30.0,7.721,1.410,1.286,0.906
ridge|ongudai/kayancha_south|field|laminar|3.0|0.0|50.0,30.0,7.392,0.498,0.567,0.490
ridge|ongudai/kayancha_south|field|laminar|6.0|0.0|50.0,30.0,8.911,1.292,1.192,0.902
ridge|ongudai/kayancha_south|field|slavutich_ut|3.0|0.0|50.0,30.0,6.367,0.731,0.717,0.674
ridge|ongudai/kayancha_south|field|slavutich_ut|6.0|0.0|50.0,29.5,9.075,1.496,1.617,1.138
ridge|ongudai/kayancha_south|field|training|3.0|0.0|50.0,30.0,7.028,0.711,0.496,0.350
ridge|ongudai/kayancha_south|field|training|6.0|0.0|50.0,30.0,7.577,1.519,1.503,1.057
