wing,group,mass_case,total_mass_kg,trim_kmh,full_pull_kmh,gs_trim_0m,gs_pull_0m,gs_trim_1000m,gs_pull_1000m,trim_1000m_kmh,trim_1000m_expected_kmh,gs_trim_1500m,gs_pull_1500m,trim_1500m_kmh,trim_1500m_expected_kmh,gs_trim_2000m,gs_pull_2000m,trim_2000m_kmh,trim_2000m_expected_kmh,passport_full_pull_kmh
aeros_combat_c,topless,ref,120.3,37.2,100.3,4.31,21.58,4.8,22.84,39.03,39.07,5.07,23.52,39.97,40.02,5.33,24.22,40.95,40.99,89.7
aeros_combat_c,topless,pilot85,116.3,36.6,98.6,4.13,21.11,4.62,22.37,38.37,38.41,4.88,23.04,39.31,39.35,5.14,23.72,40.26,40.31,88.2
aeros_combat_l,topless,ref,124.3,36.4,98.2,4.09,21.0,4.57,22.25,38.19,38.23,4.83,22.92,39.12,39.16,5.09,23.6,40.07,40.11,89.4
aeros_combat_l,topless,pilot85,121.3,36.0,97.0,3.96,20.67,4.44,21.91,37.73,37.77,4.7,22.57,38.64,38.69,4.96,23.24,39.58,39.63,88.3
aeros_discus,kingpost,ref,129.0,38.5,93.0,4.65,19.51,5.16,20.69,40.36,40.41,5.43,21.32,41.34,41.39,5.71,21.97,42.34,42.4,84.2
aeros_discus,kingpost,pilot85,116.0,36.5,88.2,4.1,18.19,4.58,19.31,38.27,38.32,4.84,19.91,39.2,39.25,5.1,20.52,40.15,40.21,79.8
aeros_fox,trainer,ref,112.2,31.7,60.9,2.73,10.44,3.14,11.16,33.25,33.3,3.37,11.58,34.06,34.11,3.59,12.0,34.88,34.94,78.8
aeros_fox,trainer,pilot85,110.2,31.5,60.3,2.65,10.29,3.06,11.01,32.95,33.01,3.28,11.42,33.75,33.81,3.51,11.84,34.57,34.63,78.1
air_c4,topless,ref,122.0,36.3,98.0,4.06,20.95,4.54,22.19,38.09,38.13,4.8,22.86,39.01,39.05,5.06,23.54,39.96,40.0,
air_c4,topless,pilot85,120.0,36.0,97.2,3.98,20.72,4.46,21.97,37.77,37.81,4.71,22.62,38.69,38.73,4.97,23.3,39.63,39.68,
air_f2,trainer,ref,115.0,31.0,59.7,2.55,10.34,2.96,11.08,32.47,32.52,3.17,11.49,33.26,33.31,3.4,11.91,34.07,34.12,
air_f2,trainer,pilot85,108.0,30.0,57.8,2.28,9.83,2.68,10.55,31.47,31.51,2.89,10.95,32.24,32.28,3.11,11.36,33.02,33.06,
air_rev,topless,ref,120.4,36.1,97.3,4.0,20.75,4.49,22.0,37.88,37.92,4.74,22.66,38.8,38.84,5.0,23.33,39.74,39.78,80.8
air_rev,topless,pilot85,119.4,36.0,96.9,3.96,20.64,4.44,21.88,37.72,37.76,4.7,22.54,38.64,38.68,4.96,23.21,39.57,39.62,80.5
air_sting3,kingpost,ref,104.3,33.8,81.8,3.35,16.43,3.8,17.47,35.45,35.49,4.04,18.03,36.31,36.35,4.28,18.6,37.19,37.24,86.4
air_sting3,kingpost,pilot85,111.3,34.9,84.5,3.66,17.17,4.13,18.25,36.62,36.66,4.37,18.82,37.51,37.55,4.62,19.41,38.42,38.47,89.2
apogee,soviet,ref,100.0,31.8,59.2,2.74,10.0,3.16,10.71,33.33,33.39,3.38,11.11,34.14,34.2,3.61,11.53,34.97,35.04,
apogee,soviet,pilot85,110.0,33.4,62.1,3.17,10.78,3.6,11.52,34.96,35.02,3.84,11.94,35.81,35.87,4.08,12.38,36.68,36.75,
atlas,soviet,ref,105.0,33.9,64.2,3.34,11.37,3.79,12.13,35.5,35.55,4.03,12.57,36.36,36.41,4.27,13.02,37.24,37.3,72.0
atlas,soviet,pilot85,110.0,34.7,65.7,3.56,11.78,4.02,12.56,36.33,36.38,4.26,13.01,37.21,37.27,4.51,13.47,38.12,38.18,73.7
bautek_astir,kingpost,ref,120.0,35.8,86.7,3.9,17.76,4.38,18.87,37.54,37.58,4.63,19.46,38.45,38.5,4.89,20.06,39.38,39.43,
bautek_astir,kingpost,pilot85,114.0,34.9,84.5,3.65,17.16,4.12,18.24,36.59,36.63,4.36,18.81,37.48,37.52,4.61,19.4,38.39,38.44,
bautek_fizz,kingpost,ref,124.5,37.2,90.1,4.29,18.72,4.78,19.86,39.0,39.05,5.05,20.48,39.95,40.0,5.31,21.1,40.92,40.97,92.1
bautek_fizz,kingpost,pilot85,116.5,36.0,87.2,3.95,17.91,4.43,19.02,37.73,37.77,4.69,19.61,38.64,38.69,4.94,20.22,39.58,39.63,89.0
bautek_kite,kingpost,ref,124.4,37.6,91.0,4.4,18.96,4.9,20.12,39.42,39.47,5.16,20.74,40.37,40.43,5.44,21.37,41.35,41.41,
bautek_kite,kingpost,pilot85,115.4,36.2,87.7,4.02,18.04,4.5,19.16,37.97,38.01,4.75,19.75,38.89,38.94,5.01,20.36,39.83,39.88,
combat,topless,ref,123.0,36.9,99.5,4.22,21.36,4.72,22.62,38.71,38.76,4.98,23.29,39.65,39.7,5.24,23.99,40.62,40.66,
combat,topless,pilot85,120.0,36.5,98.3,4.1,21.02,4.59,22.27,38.24,38.28,4.84,22.94,39.17,39.21,5.11,23.62,40.12,40.17,
condor_crex3,trainer,ref,94.0,30.9,59.7,2.52,10.33,2.93,11.08,32.37,32.41,3.14,11.49,33.16,33.2,3.37,11.91,33.96,34.01,79.0
condor_crex3,trainer,pilot85,108.0,33.1,64.0,3.13,11.51,3.57,12.3,34.69,34.74,3.8,12.74,35.53,35.59,4.04,13.2,36.4,36.45,84.6
condor_flex,trainer,ref,87.6,28.4,54.8,1.83,9.0,2.21,9.69,29.76,29.8,2.41,10.07,30.48,30.52,2.61,10.46,31.22,31.27,63.8
condor_flex,trainer,pilot85,102.6,30.7,59.3,2.48,10.24,2.88,10.97,32.21,32.25,3.1,11.38,32.99,33.03,3.32,11.81,33.79,33.84,69.0
dp_she1,topless,ref,112.4,36.0,97.0,3.98,20.67,4.46,21.91,37.77,37.81,4.71,22.57,38.69,38.73,4.97,23.24,39.63,39.68,
dp_she1,topless,pilot85,113.4,36.2,97.4,4.02,20.79,4.5,22.03,37.94,37.98,4.76,22.69,38.86,38.9,5.02,23.37,39.81,39.85,
fs_crossover,kingpost,ref,117.2,36.3,87.7,4.04,18.06,4.52,19.18,38.06,38.11,4.78,19.78,38.98,39.03,5.04,20.39,39.93,39.98,
fs_crossover,kingpost,pilot85,113.2,35.7,86.2,3.87,17.65,4.34,18.75,37.41,37.45,4.59,19.33,38.31,38.36,4.85,19.93,39.24,39.3,
fs_funky,trainer,ref,108.0,32.3,62.2,2.91,11.04,3.33,11.81,33.83,33.88,3.56,12.24,34.65,34.7,3.79,12.69,35.49,35.54,65.9
fs_funky,trainer,pilot85,108.0,32.3,62.2,2.91,11.04,3.33,11.81,33.83,33.88,3.56,12.24,34.65,34.7,3.79,12.69,35.49,35.54,65.9
fs_space,trainer,ref,109.5,33.7,65.0,3.29,11.8,3.73,12.6,35.29,35.34,3.97,13.06,36.15,36.2,4.21,13.52,37.02,37.08,68.1
fs_space,trainer,pilot85,110.5,33.8,65.3,3.33,11.88,3.78,12.69,35.45,35.5,4.02,13.14,36.31,36.36,4.26,13.61,37.19,37.25,68.4
icaro_alto,kingpost,ref,111.5,34.6,83.8,3.57,16.97,4.03,18.04,36.28,36.33,4.28,18.61,37.16,37.21,4.53,19.2,38.07,38.12,86.7
icaro_alto,kingpost,pilot85,113.5,34.9,84.5,3.66,17.18,4.12,18.26,36.61,36.65,4.37,18.83,37.5,37.54,4.62,19.42,38.41,38.46,87.4
icaro_laminar_z9,topless,ref,117.9,35.3,95.1,3.78,20.15,4.25,21.37,37.04,37.08,4.5,22.02,37.94,37.98,4.76,22.68,38.86,38.91,75.0
icaro_laminar_z9,topless,pilot85,115.9,35.0,94.3,3.7,19.93,4.17,21.14,36.73,36.76,4.41,21.78,37.62,37.66,4.67,22.44,38.53,38.57,74.4
icaro_mastr,kingpost,ref,127.5,35.5,95.7,3.84,20.32,4.31,21.54,37.25,37.29,4.56,22.19,38.15,38.2,4.82,22.86,39.08,39.13,76.1
icaro_mastr,kingpost,pilot85,116.5,34.0,91.5,3.4,19.15,3.86,20.34,35.61,35.64,4.1,20.96,36.47,36.51,4.34,21.6,37.36,37.4,72.8
icaro_piuma,trainer,ref,103.0,30.8,59.4,2.49,10.25,2.9,10.99,32.26,32.31,3.12,11.4,33.05,33.09,3.34,11.82,33.85,33.9,81.6
icaro_piuma,trainer,pilot85,109.0,31.7,61.1,2.74,10.72,3.15,11.48,33.19,33.24,3.38,11.9,34.0,34.04,3.6,12.33,34.82,34.87,83.9
laminar,kingpost,ref,112.5,34.9,84.5,3.66,17.16,4.12,18.24,36.6,36.64,4.37,18.82,37.49,37.53,4.62,19.4,38.4,38.45,
laminar,kingpost,pilot85,115.5,35.4,85.6,3.78,17.47,4.25,18.56,37.08,37.13,4.5,19.14,37.98,38.03,4.76,19.74,38.9,38.95,
magic,kingpost,ref,113.0,33.9,74.4,3.36,14.36,3.81,15.28,35.53,35.57,4.05,15.79,36.39,36.44,4.29,16.32,37.27,37.33,
magic,kingpost,pilot85,113.0,33.9,74.4,3.36,14.36,3.81,15.28,35.53,35.57,4.05,15.79,36.39,36.44,4.29,16.32,37.27,37.33,
moyes_gecko,kingpost,ref,102.5,33.3,80.6,3.21,16.1,3.66,17.13,34.93,34.97,3.89,17.68,35.77,35.82,4.13,18.24,36.64,36.69,75.0
moyes_gecko,kingpost,pilot85,114.5,35.2,85.2,3.74,17.36,4.21,18.45,36.91,36.96,4.45,19.03,37.81,37.85,4.71,19.62,38.73,38.78,79.3
moyes_litespeed_rx,topless,ref,126.2,37.2,97.7,4.31,20.72,4.8,21.91,39.03,39.07,5.07,22.57,39.98,40.02,5.34,23.25,40.95,41.0,71.9
moyes_litespeed_rx,topless,pilot85,119.2,36.2,94.9,4.02,19.97,4.5,21.14,37.93,37.97,4.76,21.78,38.85,38.9,5.02,22.44,39.8,39.84,69.8
moyes_litespeed_s,topless,ref,122.0,36.8,96.7,4.2,20.45,4.69,21.63,38.61,38.65,4.95,22.29,39.55,39.59,5.21,22.96,40.51,40.56,80.8
moyes_litespeed_s,topless,pilot85,121.0,36.7,96.3,4.16,20.34,4.64,21.52,38.45,38.49,4.9,22.17,39.39,39.43,5.17,22.84,40.34,40.39,80.5
moyes_litesport,kingpost,ref,122.8,37.4,90.4,4.35,18.8,4.84,19.95,39.21,39.26,5.11,20.56,40.16,40.21,5.38,21.19,41.14,41.19,
moyes_litesport,kingpost,pilot85,116.8,36.5,88.2,4.09,18.19,4.57,19.31,38.24,38.29,4.83,19.91,39.17,39.22,5.09,20.52,40.12,40.17,
moyes_malibu2,trainer,ref,106.0,31.9,61.5,2.8,10.82,3.22,11.58,33.41,33.46,3.44,12.01,34.22,34.27,3.67,12.45,35.05,35.11,69.3
moyes_malibu2,trainer,pilot85,109.0,32.3,62.3,2.92,11.06,3.35,11.83,33.88,33.93,3.57,12.26,34.7,34.75,3.8,12.71,35.55,35.6,70.3
seed_skyrunner_xr,kingpost,ref,127.8,37.6,90.9,4.4,18.94,4.9,20.09,39.42,39.47,5.16,20.71,40.37,40.43,5.44,21.34,41.35,41.41,91.0
seed_skyrunner_xr,kingpost,pilot85,117.8,36.1,87.3,3.99,17.94,4.47,19.05,37.85,37.89,4.72,19.64,38.76,38.81,4.98,20.25,39.71,39.76,87.4
seed_spyder,topless,ref,95.5,34.1,89.5,3.45,18.5,3.91,19.61,35.79,35.82,4.15,20.22,36.66,36.7,4.39,20.84,37.55,37.59,81.9
seed_spyder,topless,pilot85,110.5,36.7,96.3,4.17,20.35,4.66,21.52,38.49,38.53,4.92,22.17,39.43,39.47,5.18,22.84,40.39,40.43,88.1
slavutich_ut,soviet,ref,100.0,28.8,54.1,1.88,8.56,2.25,9.2,30.15,30.21,2.45,9.57,30.88,30.94,2.66,9.95,31.63,31.69,
slavutich_ut,soviet,pilot85,110.0,30.2,56.8,2.27,9.27,2.66,9.94,31.62,31.68,2.87,10.33,32.39,32.45,3.08,10.72,33.18,33.24,
sport,topless,ref,119.4,35.9,94.3,3.95,19.8,4.43,20.96,37.67,37.71,4.68,21.6,38.58,38.63,4.94,22.25,39.52,39.57,
sport,topless,pilot85,119.4,35.9,94.3,3.95,19.8,4.43,20.96,37.67,37.71,4.68,21.6,38.58,38.63,4.94,22.25,39.52,39.57,
target,trainer,ref,106.0,30.8,59.2,2.48,9.99,2.89,10.69,32.31,32.36,3.1,11.1,33.1,33.15,3.32,11.51,33.9,33.96,
target,trainer,pilot85,111.0,31.6,60.6,2.68,10.36,3.09,11.08,33.06,33.12,3.31,11.49,33.87,33.92,3.54,11.92,34.69,34.75,
training,trainer,ref,102.2,30.9,59.6,2.52,10.31,2.93,11.05,32.37,32.41,3.15,11.46,33.16,33.2,3.37,11.88,33.96,34.01,
training,trainer,pilot85,107.2,31.6,61.0,2.73,10.7,3.14,11.46,33.15,33.2,3.37,11.88,33.96,34.0,3.59,12.31,34.78,34.83,
ww_cross_country,kingpost,ref,137.8,38.7,85.0,4.69,17.24,5.2,18.29,40.54,40.6,5.47,18.87,41.52,41.58,5.75,19.47,42.53,42.59,
ww_cross_country,kingpost,pilot85,116.8,35.6,78.2,3.84,15.39,4.31,16.35,37.32,37.37,4.56,16.89,38.23,38.28,4.82,17.45,39.16,39.21,
ww_eagle,kingpost,ref,120.5,35.2,77.3,3.72,15.15,4.19,16.1,36.88,36.93,4.43,16.63,37.78,37.83,4.69,17.18,38.7,38.75,
ww_eagle,kingpost,pilot85,111.5,33.9,74.4,3.35,14.34,3.8,15.25,35.48,35.53,4.04,15.77,36.34,36.39,4.28,16.29,37.23,37.28,
ww_fusion,topless,ref,125.5,37.0,97.3,4.25,20.61,4.75,21.8,38.82,38.86,5.01,22.46,39.76,39.81,5.28,23.14,40.73,40.78,
ww_fusion,topless,pilot85,119.5,36.1,94.9,4.01,19.97,4.49,21.14,37.88,37.92,4.74,21.78,38.8,38.84,5.0,22.44,39.74,39.79,
ww_spectrum,trainer,ref,111.2,32.7,63.0,3.01,11.26,3.45,12.04,34.25,34.29,3.68,12.48,35.08,35.13,3.91,12.92,35.93,35.98,
ww_spectrum,trainer,pilot85,112.2,32.8,63.3,3.06,11.34,3.49,12.12,34.4,34.45,3.72,12.56,35.23,35.29,3.95,13.01,36.09,36.14,
ww_sport3,kingpost,ref,122.6,36.6,88.4,4.13,18.25,4.61,19.38,38.37,38.42,4.87,19.98,39.3,39.36,5.13,20.6,40.26,40.31,
ww_sport3,kingpost,pilot85,113.6,35.2,85.1,3.75,17.35,4.21,18.43,36.94,36.98,4.46,19.01,37.84,37.88,4.72,19.6,38.76,38.81,
ww_super_sport,kingpost,ref,123.1,36.8,80.9,4.16,16.12,4.65,17.12,38.55,38.61,4.91,17.68,39.49,39.55,5.17,18.25,40.45,40.51,
ww_super_sport,kingpost,pilot85,113.1,35.3,77.5,3.74,15.21,4.21,16.16,36.96,37.01,4.45,16.69,37.85,37.91,4.71,17.24,38.77,38.83,
ww_t2c,topless,ref,121.4,37.1,97.6,4.28,20.69,4.78,21.88,38.92,38.97,5.04,22.54,39.87,39.91,5.31,23.22,40.84,40.89,85.0
ww_t2c,topless,pilot85,118.4,36.7,96.4,4.15,20.36,4.64,21.54,38.44,38.48,4.9,22.2,39.37,39.42,5.17,22.87,40.33,40.38,83.9
ww_t3,topless,ref,120.2,37.0,97.1,4.25,20.56,4.75,21.75,38.82,38.86,5.01,22.4,39.76,39.81,5.28,23.08,40.73,40.78,
ww_t3,topless,pilot85,117.2,36.6,95.9,4.12,20.23,4.61,21.4,38.33,38.37,4.87,22.05,39.26,39.31,5.13,22.72,40.22,40.26,
ww_talon,topless,ref,119.4,36.1,94.8,4.0,19.94,4.49,21.1,37.88,37.92,4.74,21.74,38.8,38.84,5.0,22.4,39.74,39.79,
ww_talon,topless,pilot85,119.4,36.1,94.8,4.0,19.94,4.49,21.1,37.88,37.92,4.74,21.74,38.8,38.84,5.0,22.4,39.74,39.79,
ww_u2,kingpost,ref,111.6,36.0,87.1,3.96,17.9,4.44,19.01,37.75,37.79,4.69,19.6,38.66,38.71,4.95,20.21,39.6,39.65,85.4
ww_u2,kingpost,pilot85,112.6,36.2,87.5,4.0,18.01,4.48,19.12,37.91,37.96,4.74,19.72,38.83,38.88,5.0,20.33,39.78,39.83,85.8
ww_ultra_sport,kingpost,ref,123.5,37.6,82.7,4.38,16.61,4.88,17.63,39.39,39.44,5.14,18.2,40.34,40.4,5.41,18.78,41.32,41.39,
ww_ultra_sport,kingpost,pilot85,114.5,36.2,79.6,4.0,15.77,4.48,16.75,37.93,37.98,4.73,17.3,38.85,38.9,4.99,17.86,39.79,39.85,
