wing,group,location,start,msl_m,rho,pilot_mass_kg,vmin_model_kmh,vmin_passport_kmh,run_cap_noload_kmh,run_cap_full_unload_kmh,gs_need_w0_kmh,run_reach_w0_kmh,liftoff_w0,gs_need_w3_kmh,run_reach_w3_kmh,liftoff_w3,gs_need_w6_kmh,run_reach_w6_kmh,liftoff_w6,gs_need_w10_kmh,run_reach_w10_kmh,liftoff_w10
aeros_combat_c,topless,-,sea_level,0.0,1.225,85.0,28.0,31.4,23.4,30.4,28.0,30.4,1,17.2,30.4,1,6.4,30.4,1,-8.0,30.4,1
aeros_combat_c,topless,altai,sinyukha_west,1106.9,1.1013,85.0,29.5,33.1,23.4,30.4,29.5,30.4,1,18.7,30.4,1,7.9,30.4,1,-6.5,30.4,1
aeros_combat_c,topless,altai,sinyukha_east,1209.2,1.0905,85.0,29.7,33.3,23.4,30.4,29.7,30.4,1,18.9,30.4,1,8.1,30.4,1,-6.3,30.4,1
aeros_combat_c,topless,altai,tugaya_south,629.9,1.153,85.0,28.8,32.3,23.4,30.4,28.8,30.4,1,18.0,30.4,1,7.2,30.4,1,-7.2,30.4,1
aeros_combat_c,topless,askarovo,biyagoda_west,635.4,1.1524,85.0,28.9,32.3,23.4,30.4,28.9,30.4,1,18.1,30.4,1,7.3,30.4,1,-7.1,30.4,1
aeros_combat_c,topless,askarovo,biyagoda_east,637.0,1.1522,85.0,28.9,32.3,23.4,30.4,28.9,30.4,1,18.1,30.4,1,7.3,30.4,1,-7.1,30.4,1
aeros_combat_c,topless,askarovo,biyagoda_south_west,728.2,1.1422,85.0,29.0,32.5,23.4,30.4,29.0,30.4,1,18.2,30.4,1,7.4,30.4,1,-7.0,30.4,1
aeros_combat_c,topless,aushkul,aushtau_east,628.2,1.1532,85.0,28.8,32.3,23.4,30.4,28.8,30.4,1,18.0,30.4,1,7.2,30.4,1,-7.2,30.4,1
aeros_combat_c,topless,aushkul,aushtau_south,619.3,1.1542,85.0,28.8,32.3,23.4,30.4,28.8,30.4,1,18.0,30.4,1,7.2,30.4,1,-7.2,30.4,1
aeros_combat_c,topless,aushkul,ridge_west,522.0,1.165,85.0,28.7,32.2,23.4,30.4,28.7,30.4,1,17.9,30.4,1,7.1,30.4,1,-7.3,30.4,1
aeros_combat_c,topless,ongudai,kayancha_south,1868.8,1.0235,85.0,30.6,34.3,23.4,30.4,30.6,30.3,0,19.8,30.4,1,9.0,30.4,1,-5.4,30.4,1
aeros_combat_l,topless,-,sea_level,0.0,1.225,85.0,27.5,29.9,23.4,30.4,27.5,30.4,1,16.7,30.4,1,5.9,30.4,1,-8.5,30.4,1
aeros_combat_l,topless,altai,sinyukha_west,1106.9,1.1013,85.0,29.0,31.6,23.4,30.4,29.0,30.4,1,18.2,30.4,1,7.4,30.4,1,-7.0,30.4,1
aeros_combat_l,topless,altai,sinyukha_east,1209.2,1.0905,85.0,29.2,31.7,23.4,30.4,29.2,30.4,1,18.4,30.4,1,7.6,30.4,1,-6.8,30.4,1
aeros_combat_l,topless,altai,tugaya_south,629.9,1.153,85.0,28.4,30.8,23.4,30.4,28.4,30.4,1,17.6,30.4,1,6.8,30.4,1,-7.6,30.4,1
aeros_combat_l,topless,askarovo,biyagoda_west,635.4,1.1524,85.0,28.4,30.9,23.4,30.4,28.4,30.4,1,17.6,30.4,1,6.8,30.4,1,-7.6,30.4,1
aeros_combat_l,topless,askarovo,biyagoda_east,637.0,1.1522,85.0,28.4,30.9,23.4,30.4,28.4,30.4,1,17.6,30.4,1,6.8,30.4,1,-7.6,30.4,1
aeros_combat_l,topless,askarovo,biyagoda_south_west,728.2,1.1422,85.0,28.5,31.0,23.4,30.4,28.5,30.4,1,17.7,30.4,1,6.9,30.4,1,-7.5,30.4,1
aeros_combat_l,topless,aushkul,aushtau_east,628.2,1.1532,85.0,28.4,30.8,23.4,30.4,28.4,30.4,1,17.6,30.4,1,6.8,30.4,1,-7.6,30.4,1
aeros_combat_l,topless,aushkul,aushtau_south,619.3,1.1542,85.0,28.4,30.8,23.4,30.4,28.4,30.4,1,17.6,30.4,1,6.8,30.4,1,-7.6,30.4,1
aeros_combat_l,topless,aushkul,ridge_west,522.0,1.165,85.0,28.2,30.7,23.4,30.4,28.2,30.4,1,17.4,30.4,1,6.6,30.4,1,-7.8,30.4,1
aeros_combat_l,topless,ongudai,kayancha_south,1868.8,1.0235,85.0,30.1,32.7,23.4,30.4,30.1,30.4,1,19.3,30.4,1,8.5,30.4,1,-5.9,30.4,1
aeros_discus,kingpost,-,sea_level,0.0,1.225,85.0,27.4,29.9,23.4,30.4,27.4,30.4,1,16.6,30.4,1,5.8,30.4,1,-8.6,30.4,1
aeros_discus,kingpost,altai,sinyukha_west,1106.9,1.1013,85.0,28.9,31.6,23.4,30.4,28.9,30.4,1,18.1,30.4,1,7.3,30.4,1,-7.1,30.4,1
aeros_discus,kingpost,altai,sinyukha_east,1209.2,1.0905,85.0,29.1,31.7,23.4,30.4,29.1,30.4,1,18.3,30.4,1,7.5,30.4,1,-6.9,30.4,1
aeros_discus,kingpost,altai,tugaya_south,629.9,1.153,85.0,28.3,30.9,23.4,30.4,28.3,30.4,1,17.5,30.4,1,6.7,30.4,1,-7.7,30.4,1
aeros_discus,kingpost,askarovo,biyagoda_west,635.4,1.1524,85.0,28.3,30.9,23.4,30.4,28.3,30.4,1,17.5,30.4,1,6.7,30.4,1,-7.7,30.4,1
aeros_discus,kingpost,askarovo,biyagoda_east,637.0,1.1522,85.0,28.3,30.9,23.4,30.4,28.3,30.4,1,17.5,30.4,1,6.7,30.4,1,-7.7,30.4,1
aeros_discus,kingpost,askarovo,biyagoda_south_west,728.2,1.1422,85.0,28.4,31.0,23.4,30.4,28.4,30.4,1,17.6,30.4,1,6.8,30.4,1,-7.6,30.4,1
aeros_discus,kingpost,aushkul,aushtau_east,628.2,1.1532,85.0,28.3,30.9,23.4,30.4,28.3,30.4,1,17.5,30.4,1,6.7,30.4,1,-7.7,30.4,1
aeros_discus,kingpost,aushkul,aushtau_south,619.3,1.1542,85.0,28.3,30.8,23.4,30.4,28.3,30.4,1,17.5,30.4,1,6.7,30.4,1,-7.7,30.4,1
aeros_discus,kingpost,aushkul,ridge_west,522.0,1.165,85.0,28.1,30.7,23.4,30.4,28.1,30.4,1,17.3,30.4,1,6.5,30.4,1,-7.9,30.4,1
aeros_discus,kingpost,ongudai,kayancha_south,1868.8,1.0235,85.0,30.0,32.7,23.4,30.4,30.0,30.4,1,19.2,30.4,1,8.4,30.4,1,-6.0,30.4,1
aeros_fox,trainer,-,sea_level,0.0,1.225,85.0,24.9,30.1,23.4,30.4,24.9,30.4,1,14.1,30.4,1,3.3,30.4,1,-11.1,30.4,1
aeros_fox,trainer,altai,sinyukha_west,1106.9,1.1013,85.0,26.2,31.8,23.4,30.4,26.2,30.4,1,15.4,30.4,1,4.6,30.4,1,-9.8,30.4,1
aeros_fox,trainer,altai,sinyukha_east,1209.2,1.0905,85.0,26.4,31.9,23.4,30.4,26.4,30.4,1,15.6,30.4,1,4.8,30.4,1,-9.6,30.4,1
aeros_fox,trainer,altai,tugaya_south,629.9,1.153,85.0,25.6,31.1,23.4,30.4,25.6,30.4,1,14.8,30.4,1,4.0,30.4,1,-10.4,30.4,1
aeros_fox,trainer,askarovo,biyagoda_west,635.4,1.1524,85.0,25.7,31.1,23.4,30.4,25.7,30.4,1,14.9,30.4,1,4.1,30.4,1,-10.3,30.4,1
aeros_fox,trainer,askarovo,biyagoda_east,637.0,1.1522,85.0,25.7,31.1,23.4,30.4,25.7,30.4,1,14.9,30.4,1,4.1,30.4,1,-10.3,30.4,1
aeros_fox,trainer,askarovo,biyagoda_south_west,728.2,1.1422,85.0,25.8,31.2,23.4,30.4,25.8,30.4,1,15.0,30.4,1,4.2,30.4,1,-10.2,30.4,1
aeros_fox,trainer,aushkul,aushtau_east,628.2,1.1532,85.0,25.6,31.1,23.4,30.4,25.6,30.4,1,14.8,30.4,1,4.0,30.4,1,-10.4,30.4,1
aeros_fox,trainer,aushkul,aushtau_south,619.3,1.1542,85.0,25.6,31.0,23.4,30.4,25.6,30.4,1,14.8,30.4,1,4.0,30.4,1,-10.4,30.4,1
aeros_fox,trainer,aushkul,ridge_west,522.0,1.165,85.0,25.5,30.9,23.4,30.4,25.5,30.4,1,14.7,30.4,1,3.9,30.4,1,-10.5,30.4,1
aeros_fox,trainer,ongudai,kayancha_south,1868.8,1.0235,85.0,27.2,33.0,23.4,30.4,27.2,30.4,1,16.4,30.4,1,5.6,30.4,1,-8.8,30.4,1
air_c4,topless,-,sea_level,0.0,1.225,85.0,27.6,,23.4,30.4,27.6,30.4,1,16.8,30.4,1,6.0,30.4,1,-8.4,30.4,1
air_c4,topless,altai,sinyukha_west,1106.9,1.1013,85.0,29.1,,23.4,30.4,29.1,30.4,1,18.3,30.4,1,7.5,30.4,1,-6.9,30.4,1
air_c4,topless,altai,sinyukha_east,1209.2,1.0905,85.0,29.2,,23.4,30.4,29.2,30.4,1,18.4,30.4,1,7.6,30.4,1,-6.8,30.4,1
air_c4,topless,altai,tugaya_south,629.9,1.153,85.0,28.4,,23.4,30.4,28.4,30.4,1,17.6,30.4,1,6.8,30.4,1,-7.6,30.4,1
air_c4,topless,askarovo,biyagoda_west,635.4,1.1524,85.0,28.4,,23.4,30.4,28.4,30.4,1,17.6,30.4,1,6.8,30.4,1,-7.6,30.4,1
air_c4,topless,askarovo,biyagoda_east,637.0,1.1522,85.0,28.4,,23.4,30.4,28.4,30.4,1,17.6,30.4,1,6.8,30.4,1,-7.6,30.4,1
air_c4,topless,askarovo,biyagoda_south_west,728.2,1.1422,85.0,28.6,,23.4,30.4,28.6,30.4,1,17.8,30.4,1,7.0,30.4,1,-7.4,30.4,1
air_c4,topless,aushkul,aushtau_east,628.2,1.1532,85.0,28.4,,23.4,30.4,28.4,30.4,1,17.6,30.4,1,6.8,30.4,1,-7.6,30.4,1
air_c4,topless,aushkul,aushtau_south,619.3,1.1542,85.0,28.4,,23.4,30.4,28.4,30.4,1,17.6,30.4,1,6.8,30.4,1,-7.6,30.4,1
air_c4,topless,aushkul,ridge_west,522.0,1.165,85.0,28.3,,23.4,30.4,28.3,30.4,1,17.5,30.4,1,6.7,30.4,1,-7.7,30.4,1
air_c4,topless,ongudai,kayancha_south,1868.8,1.0235,85.0,30.2,,23.4,30.4,30.2,30.4,1,19.4,30.4,1,8.6,30.4,1,-5.8,30.4,1
air_f2,trainer,-,sea_level,0.0,1.225,85.0,23.6,,23.4,30.4,23.6,30.4,1,12.8,30.4,1,2.0,30.4,1,-12.4,30.4,1
air_f2,trainer,altai,sinyukha_west,1106.9,1.1013,85.0,24.8,,23.4,30.4,24.8,30.4,1,14.0,30.4,1,3.2,30.4,1,-11.2,30.4,1
air_f2,trainer,altai,sinyukha_east,1209.2,1.0905,85.0,25.0,,23.4,30.4,25.0,30.4,1,14.2,30.4,1,3.4,30.4,1,-11.0,30.4,1
air_f2,trainer,altai,tugaya_south,629.9,1.153,85.0,24.3,,23.4,30.4,24.3,30.4,1,13.5,30.4,1,2.7,30.4,1,-11.7,30.4,1
air_f2,trainer,askarovo,biyagoda_west,635.4,1.1524,85.0,24.3,,23.4,30.4,24.3,30.4,1,13.5,30.4,1,2.7,30.4,1,-11.7,30.4,1
air_f2,trainer,askarovo,biyagoda_east,637.0,1.1522,85.0,24.3,,23.4,30.4,24.3,30.4,1,13.5,30.4,1,2.7,30.4,1,-11.7,30.4,1
air_f2,trainer,askarovo,biyagoda_south_west,728.2,1.1422,85.0,24.4,,23.4,30.4,24.4,30.4,1,13.6,30.4,1,2.8,30.4,1,-11.6,30.4,1
air_f2,trainer,aushkul,aushtau_east,628.2,1.1532,85.0,24.3,,23.4,30.4,24.3,30.4,1,13.5,30.4,1,2.7,30.4,1,-11.7,30.4,1
air_f2,trainer,aushkul,aushtau_south,619.3,1.1542,85.0,24.3,,23.4,30.4,24.3,30.4,1,13.5,30.4,1,2.7,30.4,1,-11.7,30.4,1
air_f2,trainer,aushkul,ridge_west,522.0,1.165,85.0,24.2,,23.4,30.4,24.2,30.4,1,13.4,30.4,1,2.6,30.4,1,-11.8,30.4,1
air_f2,trainer,ongudai,kayancha_south,1868.8,1.0235,85.0,25.8,,23.4,30.4,25.8,30.4,1,15.0,30.4,1,4.2,30.4,1,-10.2,30.4,1
air_rev,topless,-,sea_level,0.0,1.225,85.0,27.5,28.7,23.4,30.4,27.5,30.4,1,16.7,30.4,1,5.9,30.4,1,-8.5,30.4,1
air_rev,topless,altai,sinyukha_west,1106.9,1.1013,85.0,29.0,30.2,23.4,30.4,29.0,30.4,1,18.2,30.4,1,7.4,30.4,1,-7.0,30.4,1
air_rev,topless,altai,sinyukha_east,1209.2,1.0905,85.0,29.1,30.4,23.4,30.4,29.1,30.4,1,18.3,30.4,1,7.5,30.4,1,-6.9,30.4,1
air_rev,topless,altai,tugaya_south,629.9,1.153,85.0,28.3,29.6,23.4,30.4,28.3,30.4,1,17.5,30.4,1,6.7,30.4,1,-7.7,30.4,1
air_rev,topless,askarovo,biyagoda_west,635.4,1.1524,85.0,28.4,29.6,23.4,30.4,28.4,30.4,1,17.6,30.4,1,6.8,30.4,1,-7.6,30.4,1
air_rev,topless,askarovo,biyagoda_east,637.0,1.1522,85.0,28.4,29.6,23.4,30.4,28.4,30.4,1,17.6,30.4,1,6.8,30.4,1,-7.6,30.4,1
air_rev,topless,askarovo,biyagoda_south_west,728.2,1.1422,85.0,28.5,29.7,23.4,30.4,28.5,30.4,1,17.7,30.4,1,6.9,30.4,1,-7.5,30.4,1
air_rev,topless,aushkul,aushtau_east,628.2,1.1532,85.0,28.3,29.6,23.4,30.4,28.3,30.4,1,17.5,30.4,1,6.7,30.4,1,-7.7,30.4,1
air_rev,topless,aushkul,aushtau_south,619.3,1.1542,85.0,28.3,29.5,23.4,30.4,28.3,30.4,1,17.5,30.4,1,6.7,30.4,1,-7.7,30.4,1
air_rev,topless,aushkul,ridge_west,522.0,1.165,85.0,28.2,29.4,23.4,30.4,28.2,30.4,1,17.4,30.4,1,6.6,30.4,1,-7.8,30.4,1
air_rev,topless,ongudai,kayancha_south,1868.8,1.0235,85.0,30.1,31.4,23.4,30.4,30.1,30.4,1,19.3,30.4,1,8.5,30.4,1,-5.9,30.4,1
air_sting3,kingpost,-,sea_level,0.0,1.225,85.0,26.3,30.4,23.4,30.4,26.3,30.4,1,15.5,30.4,1,4.7,30.4,1,-9.7,30.4,1
air_sting3,kingpost,altai,sinyukha_west,1106.9,1.1013,85.0,27.7,32.1,23.4,30.4,27.7,30.4,1,16.9,30.4,1,6.1,30.4,1,-8.3,30.4,1
air_sting3,kingpost,altai,sinyukha_east,1209.2,1.0905,85.0,27.9,32.3,23.4,30.4,27.9,30.4,1,17.1,30.4,1,6.3,30.4,1,-8.1,30.4,1
air_sting3,kingpost,altai,tugaya_south,629.9,1.153,85.0,27.1,31.4,23.4,30.4,27.1,30.4,1,16.3,30.4,1,5.5,30.4,1,-8.9,30.4,1
air_sting3,kingpost,askarovo,biyagoda_west,635.4,1.1524,85.0,27.1,31.4,23.4,30.4,27.1,30.4,1,16.3,30.4,1,5.5,30.4,1,-8.9,30.4,1
air_sting3,kingpost,askarovo,biyagoda_east,637.0,1.1522,85.0,27.1,31.4,23.4,30.4,27.1,30.4,1,16.3,30.4,1,5.5,30.4,1,-8.9,30.4,1
air_sting3,kingpost,askarovo,biyagoda_south_west,728.2,1.1422,85.0,27.2,31.5,23.4,30.4,27.2,30.4,1,16.4,30.4,1,5.6,30.4,1,-8.8,30.4,1
air_sting3,kingpost,aushkul,aushtau_east,628.2,1.1532,85.0,27.1,31.4,23.4,30.4,27.1,30.4,1,16.3,30.4,1,5.5,30.4,1,-8.9,30.4,1
air_sting3,kingpost,aushkul,aushtau_south,619.3,1.1542,85.0,27.1,31.4,23.4,30.4,27.1,30.4,1,16.3,30.4,1,5.5,30.4,1,-8.9,30.4,1
air_sting3,kingpost,aushkul,ridge_west,522.0,1.165,85.0,26.9,31.2,23.4,30.4,26.9,30.4,1,16.1,30.4,1,5.3,30.4,1,-9.1,30.4,1
air_sting3,kingpost,ongudai,kayancha_south,1868.8,1.0235,85.0,28.8,33.3,23.4,30.4,28.8,30.4,1,18.0,30.4,1,7.2,30.4,1,-7.2,30.4,1
apogee,soviet,-,sea_level,0.0,1.225,85.0,25.7,,23.4,30.4,25.7,30.4,1,14.9,30.4,1,4.1,30.4,1,-10.3,30.4,1
apogee,soviet,altai,sinyukha_west,1106.9,1.1013,85.0,27.1,,23.4,30.4,27.1,30.4,1,16.3,30.4,1,5.5,30.4,1,-8.9,30.4,1
apogee,soviet,altai,sinyukha_east,1209.2,1.0905,85.0,27.2,,23.4,30.4,27.2,30.4,1,16.4,30.4,1,5.6,30.4,1,-8.8,30.4,1
apogee,soviet,altai,tugaya_south,629.9,1.153,85.0,26.5,,23.4,30.4,26.5,30.4,1,15.7,30.4,1,4.9,30.4,1,-9.5,30.4,1
apogee,soviet,askarovo,biyagoda_west,635.4,1.1524,85.0,26.5,,23.4,30.4,26.5,30.4,1,15.7,30.4,1,4.9,30.4,1,-9.5,30.4,1
apogee,soviet,askarovo,biyagoda_east,637.0,1.1522,85.0,26.5,,23.4,30.4,26.5,30.4,1,15.7,30.4,1,4.9,30.4,1,-9.5,30.4,1
apogee,soviet,askarovo,biyagoda_south_west,728.2,1.1422,85.0,26.6,,23.4,30.4,26.6,30.4,1,15.8,30.4,1,5.0,30.4,1,-9.4,30.4,1
apogee,soviet,aushkul,aushtau_east,628.2,1.1532,85.0,26.5,,23.4,30.4,26.5,30.4,1,15.7,30.4,1,4.9,30.4,1,-9.5,30.4,1
apogee,soviet,aushkul,aushtau_south,619.3,1.1542,85.0,26.5,,23.4,30.4,26.5,30.4,1,15.7,30.4,1,4.9,30.4,1,-9.5,30.4,1
apogee,soviet,aushkul,ridge_west,522.0,1.165,85.0,26.4,,23.4,30.4,26.4,30.4,1,15.6,30.4,1,4.8,30.4,1,-9.6,30.4,1
apogee,soviet,ongudai,kayancha_south,1868.8,1.0235,85.0,28.1,,23.4,30.4,28.1,30.4,1,17.3,30.4,1,6.5,30.4,1,-7.9,30.4,1
atlas,soviet,-,sea_level,0.0,1.225,85.0,31.9,31.7,23.4,30.4,31.9,29.4,0,21.1,30.4,1,10.3,30.4,1,-4.1,30.4,1
atlas,soviet,altai,sinyukha_west,1106.9,1.1013,85.0,33.6,33.5,23.4,30.4,33.6,28.4,0,22.8,30.4,1,12.0,30.4,1,-2.4,30.4,1
atlas,soviet,altai,sinyukha_east,1209.2,1.0905,85.0,33.8,33.6,23.4,30.4,33.8,28.3,0,23.0,30.4,1,12.2,30.4,1,-2.2,30.4,1
atlas,soviet,altai,tugaya_south,629.9,1.153,85.0,32.8,32.7,23.4,30.4,32.8,28.8,0,22.0,30.4,1,11.2,30.4,1,-3.2,30.4,1
atlas,soviet,askarovo,biyagoda_west,635.4,1.1524,85.0,32.9,32.7,23.4,30.4,32.9,28.8,0,22.1,30.4,1,11.3,30.4,1,-3.1,30.4,1
atlas,soviet,askarovo,biyagoda_east,637.0,1.1522,85.0,32.9,32.7,23.4,30.4,32.9,28.8,0,22.1,30.4,1,11.3,30.4,1,-3.1,30.4,1
atlas,soviet,askarovo,biyagoda_south_west,728.2,1.1422,85.0,33.0,32.9,23.4,30.4,33.0,28.7,0,22.2,30.4,1,11.4,30.4,1,-3.0,30.4,1
atlas,soviet,aushkul,aushtau_east,628.2,1.1532,85.0,32.8,32.7,23.4,30.4,32.8,28.8,0,22.0,30.4,1,11.2,30.4,1,-3.2,30.4,1
atlas,soviet,aushkul,aushtau_south,619.3,1.1542,85.0,32.8,32.7,23.4,30.4,32.8,28.8,0,22.0,30.4,1,11.2,30.4,1,-3.2,30.4,1
atlas,soviet,aushkul,ridge_west,522.0,1.165,85.0,32.7,32.6,23.4,30.4,32.7,28.9,0,21.9,30.4,1,11.1,30.4,1,-3.3,30.4,1
atlas,soviet,ongudai,kayancha_south,1868.8,1.0235,85.0,34.9,34.7,23.4,30.4,34.9,27.9,0,24.1,30.4,1,13.3,30.4,1,-1.1,30.4,1
bautek_astir,kingpost,-,sea_level,0.0,1.225,85.0,26.3,24.7,23.4,30.4,26.3,30.4,1,15.5,30.4,1,4.7,30.4,1,-9.7,30.4,1
bautek_astir,kingpost,altai,sinyukha_west,1106.9,1.1013,85.0,27.7,26.0,23.4,30.4,27.7,30.4,1,16.9,30.4,1,6.1,30.4,1,-8.3,30.4,1
bautek_astir,kingpost,altai,sinyukha_east,1209.2,1.0905,85.0,27.9,26.2,23.4,30.4,27.9,30.4,1,17.1,30.4,1,6.3,30.4,1,-8.1,30.4,1
bautek_astir,kingpost,altai,tugaya_south,629.9,1.153,85.0,27.1,25.5,23.4,30.4,27.1,30.4,1,16.3,30.4,1,5.5,30.4,1,-8.9,30.4,1
bautek_astir,kingpost,askarovo,biyagoda_west,635.4,1.1524,85.0,27.1,25.5,23.4,30.4,27.1,30.4,1,16.3,30.4,1,5.5,30.4,1,-8.9,30.4,1
bautek_astir,kingpost,askarovo,biyagoda_east,637.0,1.1522,85.0,27.1,25.5,23.4,30.4,27.1,30.4,1,16.3,30.4,1,5.5,30.4,1,-8.9,30.4,1
bautek_astir,kingpost,askarovo,biyagoda_south_west,728.2,1.1422,85.0,27.2,25.6,23.4,30.4,27.2,30.4,1,16.4,30.4,1,5.6,30.4,1,-8.8,30.4,1
bautek_astir,kingpost,aushkul,aushtau_east,628.2,1.1532,85.0,27.1,25.4,23.4,30.4,27.1,30.4,1,16.3,30.4,1,5.5,30.4,1,-8.9,30.4,1
bautek_astir,kingpost,aushkul,aushtau_south,619.3,1.1542,85.0,27.1,25.4,23.4,30.4,27.1,30.4,1,16.3,30.4,1,5.5,30.4,1,-8.9,30.4,1
bautek_astir,kingpost,aushkul,ridge_west,522.0,1.165,85.0,27.0,25.3,23.4,30.4,27.0,30.4,1,16.2,30.4,1,5.4,30.4,1,-9.0,30.4,1
bautek_astir,kingpost,ongudai,kayancha_south,1868.8,1.0235,85.0,28.8,27.0,23.4,30.4,28.8,30.4,1,18.0,30.4,1,7.2,30.4,1,-7.2,30.4,1
bautek_fizz,kingpost,-,sea_level,0.0,1.225,85.0,27.1,30.7,23.4,30.4,27.1,30.4,1,16.3,30.4,1,5.5,30.4,1,-8.9,30.4,1
bautek_fizz,kingpost,altai,sinyukha_west,1106.9,1.1013,85.0,28.6,32.3,23.4,30.4,28.6,30.4,1,17.8,30.4,1,7.0,30.4,1,-7.4,30.4,1
bautek_fizz,kingpost,altai,sinyukha_east,1209.2,1.0905,85.0,28.7,32.5,23.4,30.4,28.7,30.4,1,17.9,30.4,1,7.1,30.4,1,-7.3,30.4,1
bautek_fizz,kingpost,altai,tugaya_south,629.9,1.153,85.0,27.9,31.6,23.4,30.4,27.9,30.4,1,17.1,30.4,1,6.3,30.4,1,-8.1,30.4,1
bautek_fizz,kingpost,askarovo,biyagoda_west,635.4,1.1524,85.0,28.0,31.6,23.4,30.4,28.0,30.4,1,17.2,30.4,1,6.4,30.4,1,-8.0,30.4,1
bautek_fizz,kingpost,askarovo,biyagoda_east,637.0,1.1522,85.0,28.0,31.6,23.4,30.4,28.0,30.4,1,17.2,30.4,1,6.4,30.4,1,-8.0,30.4,1
bautek_fizz,kingpost,askarovo,biyagoda_south_west,728.2,1.1422,85.0,28.1,31.8,23.4,30.4,28.1,30.4,1,17.3,30.4,1,6.5,30.4,1,-7.9,30.4,1
bautek_fizz,kingpost,aushkul,aushtau_east,628.2,1.1532,85.0,27.9,31.6,23.4,30.4,27.9,30.4,1,17.1,30.4,1,6.3,30.4,1,-8.1,30.4,1
bautek_fizz,kingpost,aushkul,aushtau_south,619.3,1.1542,85.0,27.9,31.6,23.4,30.4,27.9,30.4,1,17.1,30.4,1,6.3,30.4,1,-8.1,30.4,1
bautek_fizz,kingpost,aushkul,ridge_west,522.0,1.165,85.0,27.8,31.5,23.4,30.4,27.8,30.4,1,17.0,30.4,1,6.2,30.4,1,-8.2,30.4,1
bautek_fizz,kingpost,ongudai,kayancha_south,1868.8,1.0235,85.0,29.7,33.6,23.4,30.4,29.7,30.4,1,18.9,30.4,1,8.1,30.4,1,-6.3,30.4,1
bautek_kite,kingpost,-,sea_level,0.0,1.225,85.0,27.3,24.4,23.4,30.4,27.3,30.4,1,16.5,30.4,1,5.7,30.4,1,-8.7,30.4,1
bautek_kite,kingpost,altai,sinyukha_west,1106.9,1.1013,85.0,28.8,25.8,23.4,30.4,28.8,30.4,1,18.0,30.4,1,7.2,30.4,1,-7.2,30.4,1
bautek_kite,kingpost,altai,sinyukha_east,1209.2,1.0905,85.0,28.9,25.9,23.4,30.4,28.9,30.4,1,18.1,30.4,1,7.3,30.4,1,-7.1,30.4,1
bautek_kite,kingpost,altai,tugaya_south,629.9,1.153,85.0,28.1,25.2,23.4,30.4,28.1,30.4,1,17.3,30.4,1,6.5,30.4,1,-7.9,30.4,1
bautek_kite,kingpost,askarovo,biyagoda_west,635.4,1.1524,85.0,28.1,25.2,23.4,30.4,28.1,30.4,1,17.3,30.4,1,6.5,30.4,1,-7.9,30.4,1
bautek_kite,kingpost,askarovo,biyagoda_east,637.0,1.1522,85.0,28.1,25.2,23.4,30.4,28.1,30.4,1,17.3,30.4,1,6.5,30.4,1,-7.9,30.4,1
bautek_kite,kingpost,askarovo,biyagoda_south_west,728.2,1.1422,85.0,28.2,25.3,23.4,30.4,28.2,30.4,1,17.4,30.4,1,6.6,30.4,1,-7.8,30.4,1
bautek_kite,kingpost,aushkul,aushtau_east,628.2,1.1532,85.0,28.1,25.2,23.4,30.4,28.1,30.4,1,17.3,30.4,1,6.5,30.4,1,-7.9,30.4,1
bautek_kite,kingpost,aushkul,aushtau_south,619.3,1.1542,85.0,28.1,25.2,23.4,30.4,28.1,30.4,1,17.3,30.4,1,6.5,30.4,1,-7.9,30.4,1
bautek_kite,kingpost,aushkul,ridge_west,522.0,1.165,85.0,28.0,25.0,23.4,30.4,28.0,30.4,1,17.2,30.4,1,6.4,30.4,1,-8.0,30.4,1
bautek_kite,kingpost,ongudai,kayancha_south,1868.8,1.0235,85.0,29.8,26.7,23.4,30.4,29.8,30.4,1,19.0,30.4,1,8.2,30.4,1,-6.2,30.4,1
combat,topless,-,sea_level,0.0,1.225,85.0,27.9,29.4,23.4,30.4,27.9,30.4,1,17.1,30.4,1,6.3,30.4,1,-8.1,30.4,1
combat,topless,altai,sinyukha_west,1106.9,1.1013,85.0,29.4,31.0,23.4,30.4,29.4,30.4,1,18.6,30.4,1,7.8,30.4,1,-6.6,30.4,1
combat,topless,altai,sinyukha_east,1209.2,1.0905,85.0,29.6,31.2,23.4,30.4,29.6,30.4,1,18.8,30.4,1,8.0,30.4,1,-6.4,30.4,1
combat,topless,altai,tugaya_south,629.9,1.153,85.0,28.7,30.3,23.4,30.4,28.7,30.4,1,17.9,30.4,1,7.1,30.4,1,-7.3,30.4,1
combat,topless,askarovo,biyagoda_west,635.4,1.1524,85.0,28.8,30.3,23.4,30.4,28.8,30.4,1,18.0,30.4,1,7.2,30.4,1,-7.2,30.4,1
combat,topless,askarovo,biyagoda_east,637.0,1.1522,85.0,28.8,30.3,23.4,30.4,28.8,30.4,1,18.0,30.4,1,7.2,30.4,1,-7.2,30.4,1
combat,topless,askarovo,biyagoda_south_west,728.2,1.1422,85.0,28.9,30.4,23.4,30.4,28.9,30.4,1,18.1,30.4,1,7.3,30.4,1,-7.1,30.4,1
combat,topless,aushkul,aushtau_east,628.2,1.1532,85.0,28.7,30.3,23.4,30.4,28.7,30.4,1,17.9,30.4,1,7.1,30.4,1,-7.3,30.4,1
combat,topless,aushkul,aushtau_south,619.3,1.1542,85.0,28.7,30.3,23.4,30.4,28.7,30.4,1,17.9,30.4,1,7.1,30.4,1,-7.3,30.4,1
combat,topless,aushkul,ridge_west,522.0,1.165,85.0,28.6,30.1,23.4,30.4,28.6,30.4,1,17.8,30.4,1,7.0,30.4,1,-7.4,30.4,1
combat,topless,ongudai,kayancha_south,1868.8,1.0235,85.0,30.5,32.2,23.4,30.4,30.5,30.3,0,19.7,30.4,1,8.9,30.4,1,-5.5,30.4,1
condor_crex3,trainer,-,sea_level,0.0,1.225,85.0,26.0,37.0,23.4,30.4,26.0,30.4,1,15.2,30.4,1,4.4,30.4,1,-10.0,30.4,1
condor_crex3,trainer,altai,sinyukha_west,1106.9,1.1013,85.0,27.5,39.1,23.4,30.4,27.5,30.4,1,16.7,30.4,1,5.9,30.4,1,-8.5,30.4,1
condor_crex3,trainer,altai,sinyukha_east,1209.2,1.0905,85.0,27.6,39.2,23.4,30.4,27.6,30.4,1,16.8,30.4,1,6.0,30.4,1,-8.4,30.4,1
condor_crex3,trainer,altai,tugaya_south,629.9,1.153,85.0,26.8,38.2,23.4,30.4,26.8,30.4,1,16.0,30.4,1,5.2,30.4,1,-9.2,30.4,1
condor_crex3,trainer,askarovo,biyagoda_west,635.4,1.1524,85.0,26.8,38.2,23.4,30.4,26.8,30.4,1,16.0,30.4,1,5.2,30.4,1,-9.2,30.4,1
condor_crex3,trainer,askarovo,biyagoda_east,637.0,1.1522,85.0,26.8,38.2,23.4,30.4,26.8,30.4,1,16.0,30.4,1,5.2,30.4,1,-9.2,30.4,1
condor_crex3,trainer,askarovo,biyagoda_south_west,728.2,1.1422,85.0,27.0,38.3,23.4,30.4,27.0,30.4,1,16.2,30.4,1,5.4,30.4,1,-9.0,30.4,1
condor_crex3,trainer,aushkul,aushtau_east,628.2,1.1532,85.0,26.8,38.2,23.4,30.4,26.8,30.4,1,16.0,30.4,1,5.2,30.4,1,-9.2,30.4,1
condor_crex3,trainer,aushkul,aushtau_south,619.3,1.1542,85.0,26.8,38.1,23.4,30.4,26.8,30.4,1,16.0,30.4,1,5.2,30.4,1,-9.2,30.4,1
condor_crex3,trainer,aushkul,ridge_west,522.0,1.165,85.0,26.7,38.0,23.4,30.4,26.7,30.4,1,15.9,30.4,1,5.1,30.4,1,-9.3,30.4,1
condor_crex3,trainer,ongudai,kayancha_south,1868.8,1.0235,85.0,28.5,40.5,23.4,30.4,28.5,30.4,1,17.7,30.4,1,6.9,30.4,1,-7.5,30.4,1
condor_flex,trainer,-,sea_level,0.0,1.225,85.0,24.1,30.8,23.4,30.4,24.1,30.4,1,13.3,30.4,1,2.5,30.4,1,-11.9,30.4,1
condor_flex,trainer,altai,sinyukha_west,1106.9,1.1013,85.0,25.5,32.5,23.4,30.4,25.5,30.4,1,14.7,30.4,1,3.9,30.4,1,-10.5,30.4,1
condor_flex,trainer,altai,sinyukha_east,1209.2,1.0905,85.0,25.6,32.6,23.4,30.4,25.6,30.4,1,14.8,30.4,1,4.0,30.4,1,-10.4,30.4,1
condor_flex,trainer,altai,tugaya_south,629.9,1.153,85.0,24.9,31.7,23.4,30.4,24.9,30.4,1,14.1,30.4,1,3.3,30.4,1,-11.1,30.4,1
condor_flex,trainer,askarovo,biyagoda_west,635.4,1.1524,85.0,24.9,31.7,23.4,30.4,24.9,30.4,1,14.1,30.4,1,3.3,30.4,1,-11.1,30.4,1
condor_flex,trainer,askarovo,biyagoda_east,637.0,1.1522,85.0,24.9,31.8,23.4,30.4,24.9,30.4,1,14.1,30.4,1,3.3,30.4,1,-11.1,30.4,1
condor_flex,trainer,askarovo,biyagoda_south_west,728.2,1.1422,85.0,25.0,31.9,23.4,30.4,25.0,30.4,1,14.2,30.4,1,3.4,30.4,1,-11.0,30.4,1
condor_flex,trainer,aushkul,aushtau_east,628.2,1.1532,85.0,24.9,31.7,23.4,30.4,24.9,30.4,1,14.1,30.4,1,3.3,30.4,1,-11.1,30.4,1
condor_flex,trainer,aushkul,aushtau_south,619.3,1.1542,85.0,24.9,31.7,23.4,30.4,24.9,30.4,1,14.1,30.4,1,3.3,30.4,1,-11.1,30.4,1
condor_flex,trainer,aushkul,ridge_west,522.0,1.165,85.0,24.8,31.6,23.4,30.4,24.8,30.4,1,14.0,30.4,1,3.2,30.4,1,-11.2,30.4,1
condor_flex,trainer,ongudai,kayancha_south,1868.8,1.0235,85.0,26.4,33.7,23.4,30.4,26.4,30.4,1,15.6,30.4,1,4.8,30.4,1,-9.6,30.4,1
dp_she1,topless,-,sea_level,0.0,1.225,85.0,27.6,38.0,23.4,30.4,27.6,30.4,1,16.8,30.4,1,6.0,30.4,1,-8.4,30.4,1
dp_she1,topless,altai,sinyukha_west,1106.9,1.1013,85.0,29.1,40.1,23.4,30.4,29.1,30.4,1,18.3,30.4,1,7.5,30.4,1,-6.9,30.4,1
dp_she1,topless,altai,sinyukha_east,1209.2,1.0905,85.0,29.3,40.3,23.4,30.4,29.3,30.4,1,18.5,30.4,1,7.7,30.4,1,-6.7,30.4,1
dp_she1,topless,altai,tugaya_south,629.9,1.153,85.0,28.5,39.2,23.4,30.4,28.5,30.4,1,17.7,30.4,1,6.9,30.4,1,-7.5,30.4,1
dp_she1,topless,askarovo,biyagoda_west,635.4,1.1524,85.0,28.5,39.2,23.4,30.4,28.5,30.4,1,17.7,30.4,1,6.9,30.4,1,-7.5,30.4,1
dp_she1,topless,askarovo,biyagoda_east,637.0,1.1522,85.0,28.5,39.2,23.4,30.4,28.5,30.4,1,17.7,30.4,1,6.9,30.4,1,-7.5,30.4,1
dp_she1,topless,askarovo,biyagoda_south_west,728.2,1.1422,85.0,28.6,39.3,23.4,30.4,28.6,30.4,1,17.8,30.4,1,7.0,30.4,1,-7.4,30.4,1
dp_she1,topless,aushkul,aushtau_east,628.2,1.1532,85.0,28.5,39.1,23.4,30.4,28.5,30.4,1,17.7,30.4,1,6.9,30.4,1,-7.5,30.4,1
dp_she1,topless,aushkul,aushtau_south,619.3,1.1542,85.0,28.5,39.1,23.4,30.4,28.5,30.4,1,17.7,30.4,1,6.9,30.4,1,-7.5,30.4,1
dp_she1,topless,aushkul,ridge_west,522.0,1.165,85.0,28.3,38.9,23.4,30.4,28.3,30.4,1,17.5,30.4,1,6.7,30.4,1,-7.7,30.4,1
dp_she1,topless,ongudai,kayancha_south,1868.8,1.0235,85.0,30.2,41.6,23.4,30.4,30.2,30.4,1,19.4,30.4,1,8.6,30.4,1,-5.8,30.4,1
fs_crossover,kingpost,-,sea_level,0.0,1.225,85.0,26.8,,23.4,30.4,26.8,30.4,1,16.0,30.4,1,5.2,30.4,1,-9.2,30.4,1
fs_crossover,kingpost,altai,sinyukha_west,1106.9,1.1013,85.0,28.3,,23.4,30.4,28.3,30.4,1,17.5,30.4,1,6.7,30.4,1,-7.7,30.4,1
fs_crossover,kingpost,altai,sinyukha_east,1209.2,1.0905,85.0,28.4,,23.4,30.4,28.4,30.4,1,17.6,30.4,1,6.8,30.4,1,-7.6,30.4,1
fs_crossover,kingpost,altai,tugaya_south,629.9,1.153,85.0,27.6,,23.4,30.4,27.6,30.4,1,16.8,30.4,1,6.0,30.4,1,-8.4,30.4,1
fs_crossover,kingpost,askarovo,biyagoda_west,635.4,1.1524,85.0,27.7,,23.4,30.4,27.7,30.4,1,16.9,30.4,1,6.1,30.4,1,-8.3,30.4,1
fs_crossover,kingpost,askarovo,biyagoda_east,637.0,1.1522,85.0,27.7,,23.4,30.4,27.7,30.4,1,16.9,30.4,1,6.1,30.4,1,-8.3,30.4,1
fs_crossover,kingpost,askarovo,biyagoda_south_west,728.2,1.1422,85.0,27.8,,23.4,30.4,27.8,30.4,1,17.0,30.4,1,6.2,30.4,1,-8.2,30.4,1
fs_crossover,kingpost,aushkul,aushtau_east,628.2,1.1532,85.0,27.6,,23.4,30.4,27.6,30.4,1,16.8,30.4,1,6.0,30.4,1,-8.4,30.4,1
fs_crossover,kingpost,aushkul,aushtau_south,619.3,1.1542,85.0,27.6,,23.4,30.4,27.6,30.4,1,16.8,30.4,1,6.0,30.4,1,-8.4,30.4,1
fs_crossover,kingpost,aushkul,ridge_west,522.0,1.165,85.0,27.5,,23.4,30.4,27.5,30.4,1,16.7,30.4,1,5.9,30.4,1,-8.5,30.4,1
fs_crossover,kingpost,ongudai,kayancha_south,1868.8,1.0235,85.0,29.3,,23.4,30.4,29.3,30.4,1,18.5,30.4,1,7.7,30.4,1,-6.7,30.4,1
fs_funky,trainer,-,sea_level,0.0,1.225,85.0,25.3,27.7,23.4,30.4,25.3,30.4,1,14.5,30.4,1,3.7,30.4,1,-10.7,30.4,1
fs_funky,trainer,altai,sinyukha_west,1106.9,1.1013,85.0,26.7,29.3,23.4,30.4,26.7,30.4,1,15.9,30.4,1,5.1,30.4,1,-9.3,30.4,1
fs_funky,trainer,altai,sinyukha_east,1209.2,1.0905,85.0,26.9,29.4,23.4,30.4,26.9,30.4,1,16.1,30.4,1,5.3,30.4,1,-9.1,30.4,1
fs_funky,trainer,altai,tugaya_south,629.9,1.153,85.0,26.1,28.6,23.4,30.4,26.1,30.4,1,15.3,30.4,1,4.5,30.4,1,-9.9,30.4,1
fs_funky,trainer,askarovo,biyagoda_west,635.4,1.1524,85.0,26.1,28.6,23.4,30.4,26.1,30.4,1,15.3,30.4,1,4.5,30.4,1,-9.9,30.4,1
fs_funky,trainer,askarovo,biyagoda_east,637.0,1.1522,85.0,26.1,28.6,23.4,30.4,26.1,30.4,1,15.3,30.4,1,4.5,30.4,1,-9.9,30.4,1
fs_funky,trainer,askarovo,biyagoda_south_west,728.2,1.1422,85.0,26.2,28.7,23.4,30.4,26.2,30.4,1,15.4,30.4,1,4.6,30.4,1,-9.8,30.4,1
fs_funky,trainer,aushkul,aushtau_east,628.2,1.1532,85.0,26.1,28.6,23.4,30.4,26.1,30.4,1,15.3,30.4,1,4.5,30.4,1,-9.9,30.4,1
fs_funky,trainer,aushkul,aushtau_south,619.3,1.1542,85.0,26.1,28.6,23.4,30.4,26.1,30.4,1,15.3,30.4,1,4.5,30.4,1,-9.9,30.4,1
fs_funky,trainer,aushkul,ridge_west,522.0,1.165,85.0,26.0,28.4,23.4,30.4,26.0,30.4,1,15.2,30.4,1,4.4,30.4,1,-10.0,30.4,1
fs_funky,trainer,ongudai,kayancha_south,1868.8,1.0235,85.0,27.7,30.4,23.4,30.4,27.7,30.4,1,16.9,30.4,1,6.1,30.4,1,-8.3,30.4,1
fs_space,trainer,-,sea_level,0.0,1.225,85.0,26.6,31.7,23.4,30.4,26.6,30.4,1,15.8,30.4,1,5.0,30.4,1,-9.4,30.4,1
fs_space,trainer,altai,sinyukha_west,1106.9,1.1013,85.0,28.1,33.4,23.4,30.4,28.1,30.4,1,17.3,30.4,1,6.5,30.4,1,-7.9,30.4,1
fs_space,trainer,altai,sinyukha_east,1209.2,1.0905,85.0,28.2,33.6,23.4,30.4,28.2,30.4,1,17.4,30.4,1,6.6,30.4,1,-7.8,30.4,1
fs_space,trainer,altai,tugaya_south,629.9,1.153,85.0,27.4,32.7,23.4,30.4,27.4,30.4,1,16.6,30.4,1,5.8,30.4,1,-8.6,30.4,1
fs_space,trainer,askarovo,biyagoda_west,635.4,1.1524,85.0,27.4,32.7,23.4,30.4,27.4,30.4,1,16.6,30.4,1,5.8,30.4,1,-8.6,30.4,1
fs_space,trainer,askarovo,biyagoda_east,637.0,1.1522,85.0,27.4,32.7,23.4,30.4,27.4,30.4,1,16.6,30.4,1,5.8,30.4,1,-8.6,30.4,1
fs_space,trainer,askarovo,biyagoda_south_west,728.2,1.1422,85.0,27.5,32.8,23.4,30.4,27.5,30.4,1,16.7,30.4,1,5.9,30.4,1,-8.5,30.4,1
fs_space,trainer,aushkul,aushtau_east,628.2,1.1532,85.0,27.4,32.7,23.4,30.4,27.4,30.4,1,16.6,30.4,1,5.8,30.4,1,-8.6,30.4,1
fs_space,trainer,aushkul,aushtau_south,619.3,1.1542,85.0,27.4,32.7,23.4,30.4,27.4,30.4,1,16.6,30.4,1,5.8,30.4,1,-8.6,30.4,1
fs_space,trainer,aushkul,ridge_west,522.0,1.165,85.0,27.3,32.5,23.4,30.4,27.3,30.4,1,16.5,30.4,1,5.7,30.4,1,-8.7,30.4,1
fs_space,trainer,ongudai,kayancha_south,1868.8,1.0235,85.0,29.1,34.7,23.4,30.4,29.1,30.4,1,18.3,30.4,1,7.5,30.4,1,-6.9,30.4,1
icaro_alto,kingpost,-,sea_level,0.0,1.225,85.0,26.3,34.0,23.4,30.4,26.3,30.4,1,15.5,30.4,1,4.7,30.4,1,-9.7,30.4,1
icaro_alto,kingpost,altai,sinyukha_west,1106.9,1.1013,85.0,27.7,35.9,23.4,30.4,27.7,30.4,1,16.9,30.4,1,6.1,30.4,1,-8.3,30.4,1
icaro_alto,kingpost,altai,sinyukha_east,1209.2,1.0905,85.0,27.9,36.0,23.4,30.4,27.9,30.4,1,17.1,30.4,1,6.3,30.4,1,-8.1,30.4,1
icaro_alto,kingpost,altai,tugaya_south,629.9,1.153,85.0,27.1,35.1,23.4,30.4,27.1,30.4,1,16.3,30.4,1,5.5,30.4,1,-8.9,30.4,1
icaro_alto,kingpost,askarovo,biyagoda_west,635.4,1.1524,85.0,27.1,35.1,23.4,30.4,27.1,30.4,1,16.3,30.4,1,5.5,30.4,1,-8.9,30.4,1
icaro_alto,kingpost,askarovo,biyagoda_east,637.0,1.1522,85.0,27.1,35.1,23.4,30.4,27.1,30.4,1,16.3,30.4,1,5.5,30.4,1,-8.9,30.4,1
icaro_alto,kingpost,askarovo,biyagoda_south_west,728.2,1.1422,85.0,27.2,35.2,23.4,30.4,27.2,30.4,1,16.4,30.4,1,5.6,30.4,1,-8.8,30.4,1
icaro_alto,kingpost,aushkul,aushtau_east,628.2,1.1532,85.0,27.1,35.0,23.4,30.4,27.1,30.4,1,16.3,30.4,1,5.5,30.4,1,-8.9,30.4,1
icaro_alto,kingpost,aushkul,aushtau_south,619.3,1.1542,85.0,27.1,35.0,23.4,30.4,27.1,30.4,1,16.3,30.4,1,5.5,30.4,1,-8.9,30.4,1
icaro_alto,kingpost,aushkul,ridge_west,522.0,1.165,85.0,27.0,34.9,23.4,30.4,27.0,30.4,1,16.2,30.4,1,5.4,30.4,1,-9.0,30.4,1
icaro_alto,kingpost,ongudai,kayancha_south,1868.8,1.0235,85.0,28.8,37.2,23.4,30.4,28.8,30.4,1,18.0,30.4,1,7.2,30.4,1,-7.2,30.4,1
icaro_laminar_z9,topless,-,sea_level,0.0,1.225,85.0,26.8,28.8,23.4,30.4,26.8,30.4,1,16.0,30.4,1,5.2,30.4,1,-9.2,30.4,1
icaro_laminar_z9,topless,altai,sinyukha_west,1106.9,1.1013,85.0,28.2,30.4,23.4,30.4,28.2,30.4,1,17.4,30.4,1,6.6,30.4,1,-7.8,30.4,1
icaro_laminar_z9,topless,altai,sinyukha_east,1209.2,1.0905,85.0,28.4,30.6,23.4,30.4,28.4,30.4,1,17.6,30.4,1,6.8,30.4,1,-7.6,30.4,1
icaro_laminar_z9,topless,altai,tugaya_south,629.9,1.153,85.0,27.6,29.7,23.4,30.4,27.6,30.4,1,16.8,30.4,1,6.0,30.4,1,-8.4,30.4,1
icaro_laminar_z9,topless,askarovo,biyagoda_west,635.4,1.1524,85.0,27.6,29.7,23.4,30.4,27.6,30.4,1,16.8,30.4,1,6.0,30.4,1,-8.4,30.4,1
icaro_laminar_z9,topless,askarovo,biyagoda_east,637.0,1.1522,85.0,27.6,29.7,23.4,30.4,27.6,30.4,1,16.8,30.4,1,6.0,30.4,1,-8.4,30.4,1
icaro_laminar_z9,topless,askarovo,biyagoda_south_west,728.2,1.1422,85.0,27.7,29.9,23.4,30.4,27.7,30.4,1,16.9,30.4,1,6.1,30.4,1,-8.3,30.4,1
icaro_laminar_z9,topless,aushkul,aushtau_east,628.2,1.1532,85.0,27.6,29.7,23.4,30.4,27.6,30.4,1,16.8,30.4,1,6.0,30.4,1,-8.4,30.4,1
icaro_laminar_z9,topless,aushkul,aushtau_south,619.3,1.1542,85.0,27.6,29.7,23.4,30.4,27.6,30.4,1,16.8,30.4,1,6.0,30.4,1,-8.4,30.4,1
icaro_laminar_z9,topless,aushkul,ridge_west,522.0,1.165,85.0,27.5,29.6,23.4,30.4,27.5,30.4,1,16.7,30.4,1,5.9,30.4,1,-8.5,30.4,1
icaro_laminar_z9,topless,ongudai,kayancha_south,1868.8,1.0235,85.0,29.3,31.5,23.4,30.4,29.3,30.4,1,18.5,30.4,1,7.7,30.4,1,-6.7,30.4,1
icaro_mastr,kingpost,-,sea_level,0.0,1.225,85.0,25.9,31.5,23.4,30.4,25.9,30.4,1,15.1,30.4,1,4.3,30.4,1,-10.1,30.4,1
icaro_mastr,kingpost,altai,sinyukha_west,1106.9,1.1013,85.0,27.4,33.2,23.4,30.4,27.4,30.4,1,16.6,30.4,1,5.8,30.4,1,-8.6,30.4,1
icaro_mastr,kingpost,altai,sinyukha_east,1209.2,1.0905,85.0,27.5,33.3,23.4,30.4,27.5,30.4,1,16.7,30.4,1,5.9,30.4,1,-8.5,30.4,1
icaro_mastr,kingpost,altai,tugaya_south,629.9,1.153,85.0,26.7,32.4,23.4,30.4,26.7,30.4,1,15.9,30.4,1,5.1,30.4,1,-9.3,30.4,1
icaro_mastr,kingpost,askarovo,biyagoda_west,635.4,1.1524,85.0,26.8,32.4,23.4,30.4,26.8,30.4,1,16.0,30.4,1,5.2,30.4,1,-9.2,30.4,1
icaro_mastr,kingpost,askarovo,biyagoda_east,637.0,1.1522,85.0,26.8,32.4,23.4,30.4,26.8,30.4,1,16.0,30.4,1,5.2,30.4,1,-9.2,30.4,1
icaro_mastr,kingpost,askarovo,biyagoda_south_west,728.2,1.1422,85.0,26.9,32.6,23.4,30.4,26.9,30.4,1,16.1,30.4,1,5.3,30.4,1,-9.1,30.4,1
icaro_mastr,kingpost,aushkul,aushtau_east,628.2,1.1532,85.0,26.7,32.4,23.4,30.4,26.7,30.4,1,15.9,30.4,1,5.1,30.4,1,-9.3,30.4,1
icaro_mastr,kingpost,aushkul,aushtau_south,619.3,1.1542,85.0,26.7,32.4,23.4,30.4,26.7,30.4,1,15.9,30.4,1,5.1,30.4,1,-9.3,30.4,1
icaro_mastr,kingpost,aushkul,ridge_west,522.0,1.165,85.0,26.6,32.3,23.4,30.4,26.6,30.4,1,15.8,30.4,1,5.0,30.4,1,-9.4,30.4,1
icaro_mastr,kingpost,ongudai,kayancha_south,1868.8,1.0235,85.0,28.4,34.4,23.4,30.4,28.4,30.4,1,17.6,30.4,1,6.8,30.4,1,-7.6,30.4,1
icaro_piuma,trainer,-,sea_level,0.0,1.225,85.0,24.9,32.5,23.4,30.4,24.9,30.4,1,14.1,30.4,1,3.3,30.4,1,-11.1,30.4,1
icaro_piuma,trainer,altai,sinyukha_west,1106.9,1.1013,85.0,26.2,34.3,23.4,30.4,26.2,30.4,1,15.4,30.4,1,4.6,30.4,1,-9.8,30.4,1
icaro_piuma,trainer,altai,sinyukha_east,1209.2,1.0905,85.0,26.3,34.5,23.4,30.4,26.3,30.4,1,15.5,30.4,1,4.7,30.4,1,-9.7,30.4,1
icaro_piuma,trainer,altai,tugaya_south,629.9,1.153,85.0,25.6,33.5,23.4,30.4,25.6,30.4,1,14.8,30.4,1,4.0,30.4,1,-10.4,30.4,1
icaro_piuma,trainer,askarovo,biyagoda_west,635.4,1.1524,85.0,25.6,33.5,23.4,30.4,25.6,30.4,1,14.8,30.4,1,4.0,30.4,1,-10.4,30.4,1
icaro_piuma,trainer,askarovo,biyagoda_east,637.0,1.1522,85.0,25.6,33.5,23.4,30.4,25.6,30.4,1,14.8,30.4,1,4.0,30.4,1,-10.4,30.4,1
icaro_piuma,trainer,askarovo,biyagoda_south_west,728.2,1.1422,85.0,25.7,33.7,23.4,30.4,25.7,30.4,1,14.9,30.4,1,4.1,30.4,1,-10.3,30.4,1
icaro_piuma,trainer,aushkul,aushtau_east,628.2,1.1532,85.0,25.6,33.5,23.4,30.4,25.6,30.4,1,14.8,30.4,1,4.0,30.4,1,-10.4,30.4,1
icaro_piuma,trainer,aushkul,aushtau_south,619.3,1.1542,85.0,25.6,33.5,23.4,30.4,25.6,30.4,1,14.8,30.4,1,4.0,30.4,1,-10.4,30.4,1
icaro_piuma,trainer,aushkul,ridge_west,522.0,1.165,85.0,25.5,33.4,23.4,30.4,25.5,30.4,1,14.7,30.4,1,3.9,30.4,1,-10.5,30.4,1
icaro_piuma,trainer,ongudai,kayancha_south,1868.8,1.0235,85.0,27.2,35.6,23.4,30.4,27.2,30.4,1,16.4,30.4,1,5.6,30.4,1,-8.8,30.4,1
laminar,kingpost,-,sea_level,0.0,1.225,85.0,26.6,,23.4,30.4,26.6,30.4,1,15.8,30.4,1,5.0,30.4,1,-9.4,30.4,1
laminar,kingpost,altai,sinyukha_west,1106.9,1.1013,85.0,28.1,,23.4,30.4,28.1,30.4,1,17.3,30.4,1,6.5,30.4,1,-7.9,30.4,1
laminar,kingpost,altai,sinyukha_east,1209.2,1.0905,85.0,28.2,,23.4,30.4,28.2,30.4,1,17.4,30.4,1,6.6,30.4,1,-7.8,30.4,1
laminar,kingpost,altai,tugaya_south,629.9,1.153,85.0,27.4,,23.4,30.4,27.4,30.4,1,16.6,30.4,1,5.8,30.4,1,-8.6,30.4,1
laminar,kingpost,askarovo,biyagoda_west,635.4,1.1524,85.0,27.4,,23.4,30.4,27.4,30.4,1,16.6,30.4,1,5.8,30.4,1,-8.6,30.4,1
laminar,kingpost,askarovo,biyagoda_east,637.0,1.1522,85.0,27.4,,23.4,30.4,27.4,30.4,1,16.6,30.4,1,5.8,30.4,1,-8.6,30.4,1
laminar,kingpost,askarovo,biyagoda_south_west,728.2,1.1422,85.0,27.6,,23.4,30.4,27.6,30.4,1,16.8,30.4,1,6.0,30.4,1,-8.4,30.4,1
laminar,kingpost,aushkul,aushtau_east,628.2,1.1532,85.0,27.4,,23.4,30.4,27.4,30.4,1,16.6,30.4,1,5.8,30.4,1,-8.6,30.4,1
laminar,kingpost,aushkul,aushtau_south,619.3,1.1542,85.0,27.4,,23.4,30.4,27.4,30.4,1,16.6,30.4,1,5.8,30.4,1,-8.6,30.4,1
laminar,kingpost,aushkul,ridge_west,522.0,1.165,85.0,27.3,,23.4,30.4,27.3,30.4,1,16.5,30.4,1,5.7,30.4,1,-8.7,30.4,1
laminar,kingpost,ongudai,kayancha_south,1868.8,1.0235,85.0,29.1,,23.4,30.4,29.1,30.4,1,18.3,30.4,1,7.5,30.4,1,-6.9,30.4,1
magic,kingpost,-,sea_level,0.0,1.225,85.0,26.3,,23.4,30.4,26.3,30.4,1,15.5,30.4,1,4.7,30.4,1,-9.7,30.4,1
magic,kingpost,altai,sinyukha_west,1106.9,1.1013,85.0,27.8,,23.4,30.4,27.8,30.4,1,17.0,30.4,1,6.2,30.4,1,-8.2,30.4,1
magic,kingpost,altai,sinyukha_east,1209.2,1.0905,85.0,27.9,,23.4,30.4,27.9,30.4,1,17.1,30.4,1,6.3,30.4,1,-8.1,30.4,1
magic,kingpost,altai,tugaya_south,629.9,1.153,85.0,27.1,,23.4,30.4,27.1,30.4,1,16.3,30.4,1,5.5,30.4,1,-8.9,30.4,1
magic,kingpost,askarovo,biyagoda_west,635.4,1.1524,85.0,27.1,,23.4,30.4,27.1,30.4,1,16.3,30.4,1,5.5,30.4,1,-8.9,30.4,1
magic,kingpost,askarovo,biyagoda_east,637.0,1.1522,85.0,27.1,,23.4,30.4,27.1,30.4,1,16.3,30.4,1,5.5,30.4,1,-8.9,30.4,1
magic,kingpost,askarovo,biyagoda_south_west,728.2,1.1422,85.0,27.3,,23.4,30.4,27.3,30.4,1,16.5,30.4,1,5.7,30.4,1,-8.7,30.4,1
magic,kingpost,aushkul,aushtau_east,628.2,1.1532,85.0,27.1,,23.4,30.4,27.1,30.4,1,16.3,30.4,1,5.5,30.4,1,-8.9,30.4,1
magic,kingpost,aushkul,aushtau_south,619.3,1.1542,85.0,27.1,,23.4,30.4,27.1,30.4,1,16.3,30.4,1,5.5,30.4,1,-8.9,30.4,1
magic,kingpost,aushkul,ridge_west,522.0,1.165,85.0,27.0,,23.4,30.4,27.0,30.4,1,16.2,30.4,1,5.4,30.4,1,-9.0,30.4,1
magic,kingpost,ongudai,kayancha_south,1868.8,1.0235,85.0,28.8,,23.4,30.4,28.8,30.4,1,18.0,30.4,1,7.2,30.4,1,-7.2,30.4,1
moyes_gecko,kingpost,-,sea_level,0.0,1.225,85.0,26.5,27.8,23.4,30.4,26.5,30.4,1,15.7,30.4,1,4.9,30.4,1,-9.5,30.4,1
moyes_gecko,kingpost,altai,sinyukha_west,1106.9,1.1013,85.0,28.0,29.3,23.4,30.4,28.0,30.4,1,17.2,30.4,1,6.4,30.4,1,-8.0,30.4,1
moyes_gecko,kingpost,altai,sinyukha_east,1209.2,1.0905,85.0,28.1,29.4,23.4,30.4,28.1,30.4,1,17.3,30.4,1,6.5,30.4,1,-7.9,30.4,1
moyes_gecko,kingpost,altai,tugaya_south,629.9,1.153,85.0,27.3,28.6,23.4,30.4,27.3,30.4,1,16.5,30.4,1,5.7,30.4,1,-8.7,30.4,1
moyes_gecko,kingpost,askarovo,biyagoda_west,635.4,1.1524,85.0,27.3,28.6,23.4,30.4,27.3,30.4,1,16.5,30.4,1,5.7,30.4,1,-8.7,30.4,1
moyes_gecko,kingpost,askarovo,biyagoda_east,637.0,1.1522,85.0,27.3,28.6,23.4,30.4,27.3,30.4,1,16.5,30.4,1,5.7,30.4,1,-8.7,30.4,1
moyes_gecko,kingpost,askarovo,biyagoda_south_west,728.2,1.1422,85.0,27.4,28.7,23.4,30.4,27.4,30.4,1,16.6,30.4,1,5.8,30.4,1,-8.6,30.4,1
moyes_gecko,kingpost,aushkul,aushtau_east,628.2,1.1532,85.0,27.3,28.6,23.4,30.4,27.3,30.4,1,16.5,30.4,1,5.7,30.4,1,-8.7,30.4,1
moyes_gecko,kingpost,aushkul,aushtau_south,619.3,1.1542,85.0,27.3,28.6,23.4,30.4,27.3,30.4,1,16.5,30.4,1,5.7,30.4,1,-8.7,30.4,1
moyes_gecko,kingpost,aushkul,ridge_west,522.0,1.165,85.0,27.2,28.5,23.4,30.4,27.2,30.4,1,16.4,30.4,1,5.6,30.4,1,-8.8,30.4,1
moyes_gecko,kingpost,ongudai,kayancha_south,1868.8,1.0235,85.0,29.0,30.4,23.4,30.4,29.0,30.4,1,18.2,30.4,1,7.4,30.4,1,-7.0,30.4,1
moyes_litespeed_rx,topless,-,sea_level,0.0,1.225,85.0,27.3,29.3,23.4,30.4,27.3,30.4,1,16.5,30.4,1,5.7,30.4,1,-8.7,30.4,1
moyes_litespeed_rx,topless,altai,sinyukha_west,1106.9,1.1013,85.0,28.8,30.9,23.4,30.4,28.8,30.4,1,18.0,30.4,1,7.2,30.4,1,-7.2,30.4,1
moyes_litespeed_rx,topless,altai,sinyukha_east,1209.2,1.0905,85.0,29.0,31.1,23.4,30.4,29.0,30.4,1,18.2,30.4,1,7.4,30.4,1,-7.0,30.4,1
moyes_litespeed_rx,topless,altai,tugaya_south,629.9,1.153,85.0,28.2,30.2,23.4,30.4,28.2,30.4,1,17.4,30.4,1,6.6,30.4,1,-7.8,30.4,1
moyes_litespeed_rx,topless,askarovo,biyagoda_west,635.4,1.1524,85.0,28.2,30.2,23.4,30.4,28.2,30.4,1,17.4,30.4,1,6.6,30.4,1,-7.8,30.4,1
moyes_litespeed_rx,topless,askarovo,biyagoda_east,637.0,1.1522,85.0,28.2,30.2,23.4,30.4,28.2,30.4,1,17.4,30.4,1,6.6,30.4,1,-7.8,30.4,1
moyes_litespeed_rx,topless,askarovo,biyagoda_south_west,728.2,1.1422,85.0,28.3,30.4,23.4,30.4,28.3,30.4,1,17.5,30.4,1,6.7,30.4,1,-7.7,30.4,1
moyes_litespeed_rx,topless,aushkul,aushtau_east,628.2,1.1532,85.0,28.2,30.2,23.4,30.4,28.2,30.4,1,17.4,30.4,1,6.6,30.4,1,-7.8,30.4,1
moyes_litespeed_rx,topless,aushkul,aushtau_south,619.3,1.1542,85.0,28.2,30.2,23.4,30.4,28.2,30.4,1,17.4,30.4,1,6.6,30.4,1,-7.8,30.4,1
moyes_litespeed_rx,topless,aushkul,ridge_west,522.0,1.165,85.0,28.0,30.1,23.4,30.4,28.0,30.4,1,17.2,30.4,1,6.4,30.4,1,-8.0,30.4,1
moyes_litespeed_rx,topless,ongudai,kayancha_south,1868.8,1.0235,85.0,29.9,32.1,23.4,30.4,29.9,30.4,1,19.1,30.4,1,8.3,30.4,1,-6.1,30.4,1
moyes_litespeed_s,topless,-,sea_level,0.0,1.225,85.0,27.7,30.2,23.4,30.4,27.7,30.4,1,16.9,30.4,1,6.1,30.4,1,-8.3,30.4,1
moyes_litespeed_s,topless,altai,sinyukha_west,1106.9,1.1013,85.0,29.3,31.8,23.4,30.4,29.3,30.4,1,18.5,30.4,1,7.7,30.4,1,-6.7,30.4,1
moyes_litespeed_s,topless,altai,sinyukha_east,1209.2,1.0905,85.0,29.4,32.0,23.4,30.4,29.4,30.4,1,18.6,30.4,1,7.8,30.4,1,-6.6,30.4,1
moyes_litespeed_s,topless,altai,tugaya_south,629.9,1.153,85.0,28.6,31.1,23.4,30.4,28.6,30.4,1,17.8,30.4,1,7.0,30.4,1,-7.4,30.4,1
moyes_litespeed_s,topless,askarovo,biyagoda_west,635.4,1.1524,85.0,28.6,31.1,23.4,30.4,28.6,30.4,1,17.8,30.4,1,7.0,30.4,1,-7.4,30.4,1
moyes_litespeed_s,topless,askarovo,biyagoda_east,637.0,1.1522,85.0,28.6,31.1,23.4,30.4,28.6,30.4,1,17.8,30.4,1,7.0,30.4,1,-7.4,30.4,1
moyes_litespeed_s,topless,askarovo,biyagoda_south_west,728.2,1.1422,85.0,28.7,31.3,23.4,30.4,28.7,30.4,1,17.9,30.4,1,7.1,30.4,1,-7.3,30.4,1
moyes_litespeed_s,topless,aushkul,aushtau_east,628.2,1.1532,85.0,28.6,31.1,23.4,30.4,28.6,30.4,1,17.8,30.4,1,7.0,30.4,1,-7.4,30.4,1
moyes_litespeed_s,topless,aushkul,aushtau_south,619.3,1.1542,85.0,28.6,31.1,23.4,30.4,28.6,30.4,1,17.8,30.4,1,7.0,30.4,1,-7.4,30.4,1
moyes_litespeed_s,topless,aushkul,ridge_west,522.0,1.165,85.0,28.4,31.0,23.4,30.4,28.4,30.4,1,17.6,30.4,1,6.8,30.4,1,-7.6,30.4,1
moyes_litespeed_s,topless,ongudai,kayancha_south,1868.8,1.0235,85.0,30.3,33.0,23.4,30.4,30.3,30.4,1,19.5,30.4,1,8.7,30.4,1,-5.7,30.4,1
moyes_litesport,kingpost,-,sea_level,0.0,1.225,85.0,27.4,25.6,23.4,30.4,27.4,30.4,1,16.6,30.4,1,5.8,30.4,1,-8.6,30.4,1
moyes_litesport,kingpost,altai,sinyukha_west,1106.9,1.1013,85.0,28.9,27.0,23.4,30.4,28.9,30.4,1,18.1,30.4,1,7.3,30.4,1,-7.1,30.4,1
moyes_litesport,kingpost,altai,sinyukha_east,1209.2,1.0905,85.0,29.1,27.2,23.4,30.4,29.1,30.4,1,18.3,30.4,1,7.5,30.4,1,-6.9,30.4,1
moyes_litesport,kingpost,altai,tugaya_south,629.9,1.153,85.0,28.3,26.4,23.4,30.4,28.3,30.4,1,17.5,30.4,1,6.7,30.4,1,-7.7,30.4,1
moyes_litesport,kingpost,askarovo,biyagoda_west,635.4,1.1524,85.0,28.3,26.4,23.4,30.4,28.3,30.4,1,17.5,30.4,1,6.7,30.4,1,-7.7,30.4,1
moyes_litesport,kingpost,askarovo,biyagoda_east,637.0,1.1522,85.0,28.3,26.4,23.4,30.4,28.3,30.4,1,17.5,30.4,1,6.7,30.4,1,-7.7,30.4,1
moyes_litesport,kingpost,askarovo,biyagoda_south_west,728.2,1.1422,85.0,28.4,26.5,23.4,30.4,28.4,30.4,1,17.6,30.4,1,6.8,30.4,1,-7.6,30.4,1
moyes_litesport,kingpost,aushkul,aushtau_east,628.2,1.1532,85.0,28.3,26.4,23.4,30.4,28.3,30.4,1,17.5,30.4,1,6.7,30.4,1,-7.7,30.4,1
moyes_litesport,kingpost,aushkul,aushtau_south,619.3,1.1542,85.0,28.3,26.4,23.4,30.4,28.3,30.4,1,17.5,30.4,1,6.7,30.4,1,-7.7,30.4,1
moyes_litesport,kingpost,aushkul,ridge_west,522.0,1.165,85.0,28.1,26.3,23.4,30.4,28.1,30.4,1,17.3,30.4,1,6.5,30.4,1,-7.9,30.4,1
moyes_litesport,kingpost,ongudai,kayancha_south,1868.8,1.0235,85.0,30.0,28.0,23.4,30.4,30.0,30.4,1,19.2,30.4,1,8.4,30.4,1,-6.0,30.4,1
moyes_malibu2,trainer,-,sea_level,0.0,1.225,85.0,25.4,28.1,23.4,30.4,25.4,30.4,1,14.6,30.4,1,3.8,30.4,1,-10.6,30.4,1
moyes_malibu2,trainer,altai,sinyukha_west,1106.9,1.1013,85.0,26.8,29.7,23.4,30.4,26.8,30.4,1,16.0,30.4,1,5.2,30.4,1,-9.2,30.4,1
moyes_malibu2,trainer,altai,sinyukha_east,1209.2,1.0905,85.0,26.9,29.8,23.4,30.4,26.9,30.4,1,16.1,30.4,1,5.3,30.4,1,-9.1,30.4,1
moyes_malibu2,trainer,altai,tugaya_south,629.9,1.153,85.0,26.2,29.0,23.4,30.4,26.2,30.4,1,15.4,30.4,1,4.6,30.4,1,-9.8,30.4,1
moyes_malibu2,trainer,askarovo,biyagoda_west,635.4,1.1524,85.0,26.2,29.0,23.4,30.4,26.2,30.4,1,15.4,30.4,1,4.6,30.4,1,-9.8,30.4,1
moyes_malibu2,trainer,askarovo,biyagoda_east,637.0,1.1522,85.0,26.2,29.0,23.4,30.4,26.2,30.4,1,15.4,30.4,1,4.6,30.4,1,-9.8,30.4,1
moyes_malibu2,trainer,askarovo,biyagoda_south_west,728.2,1.1422,85.0,26.3,29.1,23.4,30.4,26.3,30.4,1,15.5,30.4,1,4.7,30.4,1,-9.7,30.4,1
moyes_malibu2,trainer,aushkul,aushtau_east,628.2,1.1532,85.0,26.2,29.0,23.4,30.4,26.2,30.4,1,15.4,30.4,1,4.6,30.4,1,-9.8,30.4,1
moyes_malibu2,trainer,aushkul,aushtau_south,619.3,1.1542,85.0,26.1,29.0,23.4,30.4,26.1,30.4,1,15.3,30.4,1,4.5,30.4,1,-9.9,30.4,1
moyes_malibu2,trainer,aushkul,ridge_west,522.0,1.165,85.0,26.0,28.8,23.4,30.4,26.0,30.4,1,15.2,30.4,1,4.4,30.4,1,-10.0,30.4,1
moyes_malibu2,trainer,ongudai,kayancha_south,1868.8,1.0235,85.0,27.8,30.8,23.4,30.4,27.8,30.4,1,17.0,30.4,1,6.2,30.4,1,-8.2,30.4,1
seed_skyrunner_xr,kingpost,-,sea_level,0.0,1.225,85.0,27.2,30.1,23.4,30.4,27.2,30.4,1,16.4,30.4,1,5.6,30.4,1,-8.8,30.4,1
seed_skyrunner_xr,kingpost,altai,sinyukha_west,1106.9,1.1013,85.0,28.6,31.7,23.4,30.4,28.6,30.4,1,17.8,30.4,1,7.0,30.4,1,-7.4,30.4,1
seed_skyrunner_xr,kingpost,altai,sinyukha_east,1209.2,1.0905,85.0,28.8,31.9,23.4,30.4,28.8,30.4,1,18.0,30.4,1,7.2,30.4,1,-7.2,30.4,1
seed_skyrunner_xr,kingpost,altai,tugaya_south,629.9,1.153,85.0,28.0,31.0,23.4,30.4,28.0,30.4,1,17.2,30.4,1,6.4,30.4,1,-8.0,30.4,1
seed_skyrunner_xr,kingpost,askarovo,biyagoda_west,635.4,1.1524,85.0,28.0,31.0,23.4,30.4,28.0,30.4,1,17.2,30.4,1,6.4,30.4,1,-8.0,30.4,1
seed_skyrunner_xr,kingpost,askarovo,biyagoda_east,637.0,1.1522,85.0,28.0,31.0,23.4,30.4,28.0,30.4,1,17.2,30.4,1,6.4,30.4,1,-8.0,30.4,1
seed_skyrunner_xr,kingpost,askarovo,biyagoda_south_west,728.2,1.1422,85.0,28.1,31.2,23.4,30.4,28.1,30.4,1,17.3,30.4,1,6.5,30.4,1,-7.9,30.4,1
seed_skyrunner_xr,kingpost,aushkul,aushtau_east,628.2,1.1532,85.0,28.0,31.0,23.4,30.4,28.0,30.4,1,17.2,30.4,1,6.4,30.4,1,-8.0,30.4,1
seed_skyrunner_xr,kingpost,aushkul,aushtau_south,619.3,1.1542,85.0,28.0,31.0,23.4,30.4,28.0,30.4,1,17.2,30.4,1,6.4,30.4,1,-8.0,30.4,1
seed_skyrunner_xr,kingpost,aushkul,ridge_west,522.0,1.165,85.0,27.9,30.9,23.4,30.4,27.9,30.4,1,17.1,30.4,1,6.3,30.4,1,-8.1,30.4,1
seed_skyrunner_xr,kingpost,ongudai,kayancha_south,1868.8,1.0235,85.0,29.7,32.9,23.4,30.4,29.7,30.4,1,18.9,30.4,1,8.1,30.4,1,-6.3,30.4,1
seed_spyder,topless,-,sea_level,0.0,1.225,82.0,27.8,35.2,23.4,30.4,27.8,30.4,1,17.0,30.4,1,6.2,30.4,1,-8.2,30.4,1
seed_spyder,topless,altai,sinyukha_west,1106.9,1.1013,82.0,29.3,37.1,23.4,30.4,29.3,30.4,1,18.5,30.4,1,7.7,30.4,1,-6.7,30.4,1
seed_spyder,topless,altai,sinyukha_east,1209.2,1.0905,82.0,29.4,37.3,23.4,30.4,29.4,30.4,1,18.6,30.4,1,7.8,30.4,1,-6.6,30.4,1
seed_spyder,topless,altai,tugaya_south,629.9,1.153,82.0,28.6,36.3,23.4,30.4,28.6,30.4,1,17.8,30.4,1,7.0,30.4,1,-7.4,30.4,1
seed_spyder,topless,askarovo,biyagoda_west,635.4,1.1524,82.0,28.6,36.3,23.4,30.4,28.6,30.4,1,17.8,30.4,1,7.0,30.4,1,-7.4,30.4,1
seed_spyder,topless,askarovo,biyagoda_east,637.0,1.1522,82.0,28.6,36.3,23.4,30.4,28.6,30.4,1,17.8,30.4,1,7.0,30.4,1,-7.4,30.4,1
seed_spyder,topless,askarovo,biyagoda_south_west,728.2,1.1422,82.0,28.7,36.5,23.4,30.4,28.7,30.4,1,17.9,30.4,1,7.1,30.4,1,-7.3,30.4,1
seed_spyder,topless,aushkul,aushtau_east,628.2,1.1532,82.0,28.6,36.3,23.4,30.4,28.6,30.4,1,17.8,30.4,1,7.0,30.4,1,-7.4,30.4,1
seed_spyder,topless,aushkul,aushtau_south,619.3,1.1542,82.0,28.6,36.3,23.4,30.4,28.6,30.4,1,17.8,30.4,1,7.0,30.4,1,-7.4,30.4,1
seed_spyder,topless,aushkul,ridge_west,522.0,1.165,82.0,28.5,36.1,23.4,30.4,28.5,30.4,1,17.7,30.4,1,6.9,30.4,1,-7.5,30.4,1
seed_spyder,topless,ongudai,kayancha_south,1868.8,1.0235,82.0,30.4,38.5,23.4,30.4,30.4,30.4,1,19.6,30.4,1,8.8,30.4,1,-5.6,30.4,1
slavutich_ut,soviet,-,sea_level,0.0,1.225,85.0,24.6,,23.4,30.4,24.6,30.4,1,13.8,30.4,1,3.0,30.4,1,-11.4,30.4,1
slavutich_ut,soviet,altai,sinyukha_west,1106.9,1.1013,85.0,26.0,,23.4,30.4,26.0,30.4,1,15.2,30.4,1,4.4,30.4,1,-10.0,30.4,1
slavutich_ut,soviet,altai,sinyukha_east,1209.2,1.0905,85.0,26.1,,23.4,30.4,26.1,30.4,1,15.3,30.4,1,4.5,30.4,1,-9.9,30.4,1
slavutich_ut,soviet,altai,tugaya_south,629.9,1.153,85.0,25.4,,23.4,30.4,25.4,30.4,1,14.6,30.4,1,3.8,30.4,1,-10.6,30.4,1
slavutich_ut,soviet,askarovo,biyagoda_west,635.4,1.1524,85.0,25.4,,23.4,30.4,25.4,30.4,1,14.6,30.4,1,3.8,30.4,1,-10.6,30.4,1
slavutich_ut,soviet,askarovo,biyagoda_east,637.0,1.1522,85.0,25.4,,23.4,30.4,25.4,30.4,1,14.6,30.4,1,3.8,30.4,1,-10.6,30.4,1
slavutich_ut,soviet,askarovo,biyagoda_south_west,728.2,1.1422,85.0,25.5,,23.4,30.4,25.5,30.4,1,14.7,30.4,1,3.9,30.4,1,-10.5,30.4,1
slavutich_ut,soviet,aushkul,aushtau_east,628.2,1.1532,85.0,25.4,,23.4,30.4,25.4,30.4,1,14.6,30.4,1,3.8,30.4,1,-10.6,30.4,1
slavutich_ut,soviet,aushkul,aushtau_south,619.3,1.1542,85.0,25.4,,23.4,30.4,25.4,30.4,1,14.6,30.4,1,3.8,30.4,1,-10.6,30.4,1
slavutich_ut,soviet,aushkul,ridge_west,522.0,1.165,85.0,25.3,,23.4,30.4,25.3,30.4,1,14.5,30.4,1,3.7,30.4,1,-10.7,30.4,1
slavutich_ut,soviet,ongudai,kayancha_south,1868.8,1.0235,85.0,26.9,,23.4,30.4,26.9,30.4,1,16.1,30.4,1,5.3,30.4,1,-9.1,30.4,1
sport,topless,-,sea_level,0.0,1.225,85.0,27.2,,23.4,30.4,27.2,30.4,1,16.4,30.4,1,5.6,30.4,1,-8.8,30.4,1
sport,topless,altai,sinyukha_west,1106.9,1.1013,85.0,28.6,,23.4,30.4,28.6,30.4,1,17.8,30.4,1,7.0,30.4,1,-7.4,30.4,1
sport,topless,altai,sinyukha_east,1209.2,1.0905,85.0,28.8,,23.4,30.4,28.8,30.4,1,18.0,30.4,1,7.2,30.4,1,-7.2,30.4,1
sport,topless,altai,tugaya_south,629.9,1.153,85.0,28.0,,23.4,30.4,28.0,30.4,1,17.2,30.4,1,6.4,30.4,1,-8.0,30.4,1
sport,topless,askarovo,biyagoda_west,635.4,1.1524,85.0,28.0,,23.4,30.4,28.0,30.4,1,17.2,30.4,1,6.4,30.4,1,-8.0,30.4,1
sport,topless,askarovo,biyagoda_east,637.0,1.1522,85.0,28.0,,23.4,30.4,28.0,30.4,1,17.2,30.4,1,6.4,30.4,1,-8.0,30.4,1
sport,topless,askarovo,biyagoda_south_west,728.2,1.1422,85.0,28.1,,23.4,30.4,28.1,30.4,1,17.3,30.4,1,6.5,30.4,1,-7.9,30.4,1
sport,topless,aushkul,aushtau_east,628.2,1.1532,85.0,28.0,,23.4,30.4,28.0,30.4,1,17.2,30.4,1,6.4,30.4,1,-8.0,30.4,1
sport,topless,aushkul,aushtau_south,619.3,1.1542,85.0,28.0,,23.4,30.4,28.0,30.4,1,17.2,30.4,1,6.4,30.4,1,-8.0,30.4,1
sport,topless,aushkul,ridge_west,522.0,1.165,85.0,27.9,,23.4,30.4,27.9,30.4,1,17.1,30.4,1,6.3,30.4,1,-8.1,30.4,1
sport,topless,ongudai,kayancha_south,1868.8,1.0235,85.0,29.7,,23.4,30.4,29.7,30.4,1,18.9,30.4,1,8.1,30.4,1,-6.3,30.4,1
target,trainer,-,sea_level,0.0,1.225,85.0,25.0,,23.4,30.4,25.0,30.4,1,14.2,30.4,1,3.4,30.4,1,-11.0,30.4,1
target,trainer,altai,sinyukha_west,1106.9,1.1013,85.0,26.3,,23.4,30.4,26.3,30.4,1,15.5,30.4,1,4.7,30.4,1,-9.7,30.4,1
target,trainer,altai,sinyukha_east,1209.2,1.0905,85.0,26.5,,23.4,30.4,26.5,30.4,1,15.7,30.4,1,4.9,30.4,1,-9.5,30.4,1
target,trainer,altai,tugaya_south,629.9,1.153,85.0,25.7,,23.4,30.4,25.7,30.4,1,14.9,30.4,1,4.1,30.4,1,-10.3,30.4,1
target,trainer,askarovo,biyagoda_west,635.4,1.1524,85.0,25.8,,23.4,30.4,25.8,30.4,1,15.0,30.4,1,4.2,30.4,1,-10.2,30.4,1
target,trainer,askarovo,biyagoda_east,637.0,1.1522,85.0,25.8,,23.4,30.4,25.8,30.4,1,15.0,30.4,1,4.2,30.4,1,-10.2,30.4,1
target,trainer,askarovo,biyagoda_south_west,728.2,1.1422,85.0,25.9,,23.4,30.4,25.9,30.4,1,15.1,30.4,1,4.3,30.4,1,-10.1,30.4,1
target,trainer,aushkul,aushtau_east,628.2,1.1532,85.0,25.7,,23.4,30.4,25.7,30.4,1,14.9,30.4,1,4.1,30.4,1,-10.3,30.4,1
target,trainer,aushkul,aushtau_south,619.3,1.1542,85.0,25.7,,23.4,30.4,25.7,30.4,1,14.9,30.4,1,4.1,30.4,1,-10.3,30.4,1
target,trainer,aushkul,ridge_west,522.0,1.165,85.0,25.6,,23.4,30.4,25.6,30.4,1,14.8,30.4,1,4.0,30.4,1,-10.4,30.4,1
target,trainer,ongudai,kayancha_south,1868.8,1.0235,85.0,27.3,,23.4,30.4,27.3,30.4,1,16.5,30.4,1,5.7,30.4,1,-8.7,30.4,1
training,trainer,-,sea_level,0.0,1.225,85.0,24.8,,23.4,30.4,24.8,30.4,1,14.0,30.4,1,3.2,30.4,1,-11.2,30.4,1
training,trainer,altai,sinyukha_west,1106.9,1.1013,85.0,26.2,,23.4,30.4,26.2,30.4,1,15.4,30.4,1,4.6,30.4,1,-9.8,30.4,1
training,trainer,altai,sinyukha_east,1209.2,1.0905,85.0,26.3,,23.4,30.4,26.3,30.4,1,15.5,30.4,1,4.7,30.4,1,-9.7,30.4,1
training,trainer,altai,tugaya_south,629.9,1.153,85.0,25.6,,23.4,30.4,25.6,30.4,1,14.8,30.4,1,4.0,30.4,1,-10.4,30.4,1
training,trainer,askarovo,biyagoda_west,635.4,1.1524,85.0,25.6,,23.4,30.4,25.6,30.4,1,14.8,30.4,1,4.0,30.4,1,-10.4,30.4,1
training,trainer,askarovo,biyagoda_east,637.0,1.1522,85.0,25.6,,23.4,30.4,25.6,30.4,1,14.8,30.4,1,4.0,30.4,1,-10.4,30.4,1
training,trainer,askarovo,biyagoda_south_west,728.2,1.1422,85.0,25.7,,23.4,30.4,25.7,30.4,1,14.9,30.4,1,4.1,30.4,1,-10.3,30.4,1
training,trainer,aushkul,aushtau_east,628.2,1.1532,85.0,25.6,,23.4,30.4,25.6,30.4,1,14.8,30.4,1,4.0,30.4,1,-10.4,30.4,1
training,trainer,aushkul,aushtau_south,619.3,1.1542,85.0,25.6,,23.4,30.4,25.6,30.4,1,14.8,30.4,1,4.0,30.4,1,-10.4,30.4,1
training,trainer,aushkul,ridge_west,522.0,1.165,85.0,25.5,,23.4,30.4,25.5,30.4,1,14.7,30.4,1,3.9,30.4,1,-10.5,30.4,1
training,trainer,ongudai,kayancha_south,1868.8,1.0235,85.0,27.2,,23.4,30.4,27.2,30.4,1,16.4,30.4,1,5.6,30.4,1,-8.8,30.4,1
ww_cross_country,kingpost,-,sea_level,0.0,1.225,85.0,27.7,,23.4,30.4,27.7,30.4,1,16.9,30.4,1,6.1,30.4,1,-8.3,30.4,1
ww_cross_country,kingpost,altai,sinyukha_west,1106.9,1.1013,85.0,29.2,,23.4,30.4,29.2,30.4,1,18.4,30.4,1,7.6,30.4,1,-6.8,30.4,1
ww_cross_country,kingpost,altai,sinyukha_east,1209.2,1.0905,85.0,29.3,,23.4,30.4,29.3,30.4,1,18.5,30.4,1,7.7,30.4,1,-6.7,30.4,1
ww_cross_country,kingpost,altai,tugaya_south,629.9,1.153,85.0,28.5,,23.4,30.4,28.5,30.4,1,17.7,30.4,1,6.9,30.4,1,-7.5,30.4,1
ww_cross_country,kingpost,askarovo,biyagoda_west,635.4,1.1524,85.0,28.5,,23.4,30.4,28.5,30.4,1,17.7,30.4,1,6.9,30.4,1,-7.5,30.4,1
ww_cross_country,kingpost,askarovo,biyagoda_east,637.0,1.1522,85.0,28.5,,23.4,30.4,28.5,30.4,1,17.7,30.4,1,6.9,30.4,1,-7.5,30.4,1
ww_cross_country,kingpost,askarovo,biyagoda_south_west,728.2,1.1422,85.0,28.7,,23.4,30.4,28.7,30.4,1,17.9,30.4,1,7.1,30.4,1,-7.3,30.4,1
ww_cross_country,kingpost,aushkul,aushtau_east,628.2,1.1532,85.0,28.5,,23.4,30.4,28.5,30.4,1,17.7,30.4,1,6.9,30.4,1,-7.5,30.4,1
ww_cross_country,kingpost,aushkul,aushtau_south,619.3,1.1542,85.0,28.5,,23.4,30.4,28.5,30.4,1,17.7,30.4,1,6.9,30.4,1,-7.5,30.4,1
ww_cross_country,kingpost,aushkul,ridge_west,522.0,1.165,85.0,28.4,,23.4,30.4,28.4,30.4,1,17.6,30.4,1,6.8,30.4,1,-7.6,30.4,1
ww_cross_country,kingpost,ongudai,kayancha_south,1868.8,1.0235,85.0,30.3,,23.4,30.4,30.3,30.4,1,19.5,30.4,1,8.7,30.4,1,-5.7,30.4,1
ww_eagle,kingpost,-,sea_level,0.0,1.225,85.0,26.3,,23.4,30.4,26.3,30.4,1,15.5,30.4,1,4.7,30.4,1,-9.7,30.4,1
ww_eagle,kingpost,altai,sinyukha_west,1106.9,1.1013,85.0,27.7,,23.4,30.4,27.7,30.4,1,16.9,30.4,1,6.1,30.4,1,-8.3,30.4,1
ww_eagle,kingpost,altai,sinyukha_east,1209.2,1.0905,85.0,27.9,,23.4,30.4,27.9,30.4,1,17.1,30.4,1,6.3,30.4,1,-8.1,30.4,1
ww_eagle,kingpost,altai,tugaya_south,629.9,1.153,85.0,27.1,,23.4,30.4,27.1,30.4,1,16.3,30.4,1,5.5,30.4,1,-8.9,30.4,1
ww_eagle,kingpost,askarovo,biyagoda_west,635.4,1.1524,85.0,27.1,,23.4,30.4,27.1,30.4,1,16.3,30.4,1,5.5,30.4,1,-8.9,30.4,1
ww_eagle,kingpost,askarovo,biyagoda_east,637.0,1.1522,85.0,27.1,,23.4,30.4,27.1,30.4,1,16.3,30.4,1,5.5,30.4,1,-8.9,30.4,1
ww_eagle,kingpost,askarovo,biyagoda_south_west,728.2,1.1422,85.0,27.2,,23.4,30.4,27.2,30.4,1,16.4,30.4,1,5.6,30.4,1,-8.8,30.4,1
ww_eagle,kingpost,aushkul,aushtau_east,628.2,1.1532,85.0,27.1,,23.4,30.4,27.1,30.4,1,16.3,30.4,1,5.5,30.4,1,-8.9,30.4,1
ww_eagle,kingpost,aushkul,aushtau_south,619.3,1.1542,85.0,27.1,,23.4,30.4,27.1,30.4,1,16.3,30.4,1,5.5,30.4,1,-8.9,30.4,1
ww_eagle,kingpost,aushkul,ridge_west,522.0,1.165,85.0,27.0,,23.4,30.4,27.0,30.4,1,16.2,30.4,1,5.4,30.4,1,-9.0,30.4,1
ww_eagle,kingpost,ongudai,kayancha_south,1868.8,1.0235,85.0,28.8,,23.4,30.4,28.8,30.4,1,18.0,30.4,1,7.2,30.4,1,-7.2,30.4,1
ww_fusion,topless,-,sea_level,0.0,1.225,85.0,27.3,,23.4,30.4,27.3,30.4,1,16.5,30.4,1,5.7,30.4,1,-8.7,30.4,1
ww_fusion,topless,altai,sinyukha_west,1106.9,1.1013,85.0,28.8,,23.4,30.4,28.8,30.4,1,18.0,30.4,1,7.2,30.4,1,-7.2,30.4,1
ww_fusion,topless,altai,sinyukha_east,1209.2,1.0905,85.0,29.0,,23.4,30.4,29.0,30.4,1,18.2,30.4,1,7.4,30.4,1,-7.0,30.4,1
ww_fusion,topless,altai,tugaya_south,629.9,1.153,85.0,28.2,,23.4,30.4,28.2,30.4,1,17.4,30.4,1,6.6,30.4,1,-7.8,30.4,1
ww_fusion,topless,askarovo,biyagoda_west,635.4,1.1524,85.0,28.2,,23.4,30.4,28.2,30.4,1,17.4,30.4,1,6.6,30.4,1,-7.8,30.4,1
ww_fusion,topless,askarovo,biyagoda_east,637.0,1.1522,85.0,28.2,,23.4,30.4,28.2,30.4,1,17.4,30.4,1,6.6,30.4,1,-7.8,30.4,1
ww_fusion,topless,askarovo,biyagoda_south_west,728.2,1.1422,85.0,28.3,,23.4,30.4,28.3,30.4,1,17.5,30.4,1,6.7,30.4,1,-7.7,30.4,1
ww_fusion,topless,aushkul,aushtau_east,628.2,1.1532,85.0,28.2,,23.4,30.4,28.2,30.4,1,17.4,30.4,1,6.6,30.4,1,-7.8,30.4,1
ww_fusion,topless,aushkul,aushtau_south,619.3,1.1542,85.0,28.2,,23.4,30.4,28.2,30.4,1,17.4,30.4,1,6.6,30.4,1,-7.8,30.4,1
ww_fusion,topless,aushkul,ridge_west,522.0,1.165,85.0,28.0,,23.4,30.4,28.0,30.4,1,17.2,30.4,1,6.4,30.4,1,-8.0,30.4,1
ww_fusion,topless,ongudai,kayancha_south,1868.8,1.0235,85.0,29.9,,23.4,30.4,29.9,30.4,1,19.1,30.4,1,8.3,30.4,1,-6.1,30.4,1
ww_spectrum,trainer,-,sea_level,0.0,1.225,85.0,25.8,,23.4,30.4,25.8,30.4,1,15.0,30.4,1,4.2,30.4,1,-10.2,30.4,1
ww_spectrum,trainer,altai,sinyukha_west,1106.9,1.1013,85.0,27.2,,23.4,30.4,27.2,30.4,1,16.4,30.4,1,5.6,30.4,1,-8.8,30.4,1
ww_spectrum,trainer,altai,sinyukha_east,1209.2,1.0905,85.0,27.3,,23.4,30.4,27.3,30.4,1,16.5,30.4,1,5.7,30.4,1,-8.7,30.4,1
ww_spectrum,trainer,altai,tugaya_south,629.9,1.153,85.0,26.6,,23.4,30.4,26.6,30.4,1,15.8,30.4,1,5.0,30.4,1,-9.4,30.4,1
ww_spectrum,trainer,askarovo,biyagoda_west,635.4,1.1524,85.0,26.6,,23.4,30.4,26.6,30.4,1,15.8,30.4,1,5.0,30.4,1,-9.4,30.4,1
ww_spectrum,trainer,askarovo,biyagoda_east,637.0,1.1522,85.0,26.6,,23.4,30.4,26.6,30.4,1,15.8,30.4,1,5.0,30.4,1,-9.4,30.4,1
ww_spectrum,trainer,askarovo,biyagoda_south_west,728.2,1.1422,85.0,26.7,,23.4,30.4,26.7,30.4,1,15.9,30.4,1,5.1,30.4,1,-9.3,30.4,1
ww_spectrum,trainer,aushkul,aushtau_east,628.2,1.1532,85.0,26.6,,23.4,30.4,26.6,30.4,1,15.8,30.4,1,5.0,30.4,1,-9.4,30.4,1
ww_spectrum,trainer,aushkul,aushtau_south,619.3,1.1542,85.0,26.6,,23.4,30.4,26.6,30.4,1,15.8,30.4,1,5.0,30.4,1,-9.4,30.4,1
ww_spectrum,trainer,aushkul,ridge_west,522.0,1.165,85.0,26.5,,23.4,30.4,26.5,30.4,1,15.7,30.4,1,4.9,30.4,1,-9.5,30.4,1
ww_spectrum,trainer,ongudai,kayancha_south,1868.8,1.0235,85.0,28.2,,23.4,30.4,28.2,30.4,1,17.4,30.4,1,6.6,30.4,1,-7.8,30.4,1
ww_sport3,kingpost,-,sea_level,0.0,1.225,85.0,26.5,,23.4,30.4,26.5,30.4,1,15.7,30.4,1,4.9,30.4,1,-9.5,30.4,1
ww_sport3,kingpost,altai,sinyukha_west,1106.9,1.1013,85.0,27.9,,23.4,30.4,27.9,30.4,1,17.1,30.4,1,6.3,30.4,1,-8.1,30.4,1
ww_sport3,kingpost,altai,sinyukha_east,1209.2,1.0905,85.0,28.1,,23.4,30.4,28.1,30.4,1,17.3,30.4,1,6.5,30.4,1,-7.9,30.4,1
ww_sport3,kingpost,altai,tugaya_south,629.9,1.153,85.0,27.3,,23.4,30.4,27.3,30.4,1,16.5,30.4,1,5.7,30.4,1,-8.7,30.4,1
ww_sport3,kingpost,askarovo,biyagoda_west,635.4,1.1524,85.0,27.3,,23.4,30.4,27.3,30.4,1,16.5,30.4,1,5.7,30.4,1,-8.7,30.4,1
ww_sport3,kingpost,askarovo,biyagoda_east,637.0,1.1522,85.0,27.3,,23.4,30.4,27.3,30.4,1,16.5,30.4,1,5.7,30.4,1,-8.7,30.4,1
ww_sport3,kingpost,askarovo,biyagoda_south_west,728.2,1.1422,85.0,27.4,,23.4,30.4,27.4,30.4,1,16.6,30.4,1,5.8,30.4,1,-8.6,30.4,1
ww_sport3,kingpost,aushkul,aushtau_east,628.2,1.1532,85.0,27.3,,23.4,30.4,27.3,30.4,1,16.5,30.4,1,5.7,30.4,1,-8.7,30.4,1
ww_sport3,kingpost,aushkul,aushtau_south,619.3,1.1542,85.0,27.3,,23.4,30.4,27.3,30.4,1,16.5,30.4,1,5.7,30.4,1,-8.7,30.4,1
ww_sport3,kingpost,aushkul,ridge_west,522.0,1.165,85.0,27.2,,23.4,30.4,27.2,30.4,1,16.4,30.4,1,5.6,30.4,1,-8.8,30.4,1
ww_sport3,kingpost,ongudai,kayancha_south,1868.8,1.0235,85.0,29.0,,23.4,30.4,29.0,30.4,1,18.2,30.4,1,7.4,30.4,1,-7.0,30.4,1
ww_super_sport,kingpost,-,sea_level,0.0,1.225,85.0,27.4,,23.4,30.4,27.4,30.4,1,16.6,30.4,1,5.8,30.4,1,-8.6,30.4,1
ww_super_sport,kingpost,altai,sinyukha_west,1106.9,1.1013,85.0,28.9,,23.4,30.4,28.9,30.4,1,18.1,30.4,1,7.3,30.4,1,-7.1,30.4,1
ww_super_sport,kingpost,altai,sinyukha_east,1209.2,1.0905,85.0,29.1,,23.4,30.4,29.1,30.4,1,18.3,30.4,1,7.5,30.4,1,-6.9,30.4,1
ww_super_sport,kingpost,altai,tugaya_south,629.9,1.153,85.0,28.3,,23.4,30.4,28.3,30.4,1,17.5,30.4,1,6.7,30.4,1,-7.7,30.4,1
ww_super_sport,kingpost,askarovo,biyagoda_west,635.4,1.1524,85.0,28.3,,23.4,30.4,28.3,30.4,1,17.5,30.4,1,6.7,30.4,1,-7.7,30.4,1
ww_super_sport,kingpost,askarovo,biyagoda_east,637.0,1.1522,85.0,28.3,,23.4,30.4,28.3,30.4,1,17.5,30.4,1,6.7,30.4,1,-7.7,30.4,1
ww_super_sport,kingpost,askarovo,biyagoda_south_west,728.2,1.1422,85.0,28.4,,23.4,30.4,28.4,30.4,1,17.6,30.4,1,6.8,30.4,1,-7.6,30.4,1
ww_super_sport,kingpost,aushkul,aushtau_east,628.2,1.1532,85.0,28.3,,23.4,30.4,28.3,30.4,1,17.5,30.4,1,6.7,30.4,1,-7.7,30.4,1
ww_super_sport,kingpost,aushkul,aushtau_south,619.3,1.1542,85.0,28.2,,23.4,30.4,28.2,30.4,1,17.4,30.4,1,6.6,30.4,1,-7.8,30.4,1
ww_super_sport,kingpost,aushkul,ridge_west,522.0,1.165,85.0,28.1,,23.4,30.4,28.1,30.4,1,17.3,30.4,1,6.5,30.4,1,-7.9,30.4,1
ww_super_sport,kingpost,ongudai,kayancha_south,1868.8,1.0235,85.0,30.0,,23.4,30.4,30.0,30.4,1,19.2,30.4,1,8.4,30.4,1,-6.0,30.4,1
ww_t2c,topless,-,sea_level,0.0,1.225,85.0,27.7,31.6,23.4,30.4,27.7,30.4,1,16.9,30.4,1,6.1,30.4,1,-8.3,30.4,1
ww_t2c,topless,altai,sinyukha_west,1106.9,1.1013,85.0,29.3,33.3,23.4,30.4,29.3,30.4,1,18.5,30.4,1,7.7,30.4,1,-6.7,30.4,1
ww_t2c,topless,altai,sinyukha_east,1209.2,1.0905,85.0,29.4,33.5,23.4,30.4,29.4,30.4,1,18.6,30.4,1,7.8,30.4,1,-6.6,30.4,1
ww_t2c,topless,altai,tugaya_south,629.9,1.153,85.0,28.6,32.6,23.4,30.4,28.6,30.4,1,17.8,30.4,1,7.0,30.4,1,-7.4,30.4,1
ww_t2c,topless,askarovo,biyagoda_west,635.4,1.1524,85.0,28.6,32.6,23.4,30.4,28.6,30.4,1,17.8,30.4,1,7.0,30.4,1,-7.4,30.4,1
ww_t2c,topless,askarovo,biyagoda_east,637.0,1.1522,85.0,28.6,32.6,23.4,30.4,28.6,30.4,1,17.8,30.4,1,7.0,30.4,1,-7.4,30.4,1
ww_t2c,topless,askarovo,biyagoda_south_west,728.2,1.1422,85.0,28.7,32.7,23.4,30.4,28.7,30.4,1,17.9,30.4,1,7.1,30.4,1,-7.3,30.4,1
ww_t2c,topless,aushkul,aushtau_east,628.2,1.1532,85.0,28.6,32.6,23.4,30.4,28.6,30.4,1,17.8,30.4,1,7.0,30.4,1,-7.4,30.4,1
ww_t2c,topless,aushkul,aushtau_south,619.3,1.1542,85.0,28.6,32.5,23.4,30.4,28.6,30.4,1,17.8,30.4,1,7.0,30.4,1,-7.4,30.4,1
ww_t2c,topless,aushkul,ridge_west,522.0,1.165,85.0,28.5,32.4,23.4,30.4,28.5,30.4,1,17.7,30.4,1,6.9,30.4,1,-7.5,30.4,1
ww_t2c,topless,ongudai,kayancha_south,1868.8,1.0235,85.0,30.4,34.6,23.4,30.4,30.4,30.4,1,19.6,30.4,1,8.8,30.4,1,-5.6,30.4,1
ww_t3,topless,-,sea_level,0.0,1.225,85.0,27.6,,23.4,30.4,27.6,30.4,1,16.8,30.4,1,6.0,30.4,1,-8.4,30.4,1
ww_t3,topless,altai,sinyukha_west,1106.9,1.1013,85.0,29.1,,23.4,30.4,29.1,30.4,1,18.3,30.4,1,7.5,30.4,1,-6.9,30.4,1
ww_t3,topless,altai,sinyukha_east,1209.2,1.0905,85.0,29.3,,23.4,30.4,29.3,30.4,1,18.5,30.4,1,7.7,30.4,1,-6.7,30.4,1
ww_t3,topless,altai,tugaya_south,629.9,1.153,85.0,28.5,,23.4,30.4,28.5,30.4,1,17.7,30.4,1,6.9,30.4,1,-7.5,30.4,1
ww_t3,topless,askarovo,biyagoda_west,635.4,1.1524,85.0,28.5,,23.4,30.4,28.5,30.4,1,17.7,30.4,1,6.9,30.4,1,-7.5,30.4,1
ww_t3,topless,askarovo,biyagoda_east,637.0,1.1522,85.0,28.5,,23.4,30.4,28.5,30.4,1,17.7,30.4,1,6.9,30.4,1,-7.5,30.4,1
ww_t3,topless,askarovo,biyagoda_south_west,728.2,1.1422,85.0,28.6,,23.4,30.4,28.6,30.4,1,17.8,30.4,1,7.0,30.4,1,-7.4,30.4,1
ww_t3,topless,aushkul,aushtau_east,628.2,1.1532,85.0,28.5,,23.4,30.4,28.5,30.4,1,17.7,30.4,1,6.9,30.4,1,-7.5,30.4,1
ww_t3,topless,aushkul,aushtau_south,619.3,1.1542,85.0,28.5,,23.4,30.4,28.5,30.4,1,17.7,30.4,1,6.9,30.4,1,-7.5,30.4,1
ww_t3,topless,aushkul,ridge_west,522.0,1.165,85.0,28.3,,23.4,30.4,28.3,30.4,1,17.5,30.4,1,6.7,30.4,1,-7.7,30.4,1
ww_t3,topless,ongudai,kayancha_south,1868.8,1.0235,85.0,30.2,,23.4,30.4,30.2,30.4,1,19.4,30.4,1,8.6,30.4,1,-5.8,30.4,1
ww_talon,topless,-,sea_level,0.0,1.225,85.0,27.3,,23.4,30.4,27.3,30.4,1,16.5,30.4,1,5.7,30.4,1,-8.7,30.4,1
ww_talon,topless,altai,sinyukha_west,1106.9,1.1013,85.0,28.8,,23.4,30.4,28.8,30.4,1,18.0,30.4,1,7.2,30.4,1,-7.2,30.4,1
ww_talon,topless,altai,sinyukha_east,1209.2,1.0905,85.0,28.9,,23.4,30.4,28.9,30.4,1,18.1,30.4,1,7.3,30.4,1,-7.1,30.4,1
ww_talon,topless,altai,tugaya_south,629.9,1.153,85.0,28.2,,23.4,30.4,28.2,30.4,1,17.4,30.4,1,6.6,30.4,1,-7.8,30.4,1
ww_talon,topless,askarovo,biyagoda_west,635.4,1.1524,85.0,28.2,,23.4,30.4,28.2,30.4,1,17.4,30.4,1,6.6,30.4,1,-7.8,30.4,1
ww_talon,topless,askarovo,biyagoda_east,637.0,1.1522,85.0,28.2,,23.4,30.4,28.2,30.4,1,17.4,30.4,1,6.6,30.4,1,-7.8,30.4,1
ww_talon,topless,askarovo,biyagoda_south_west,728.2,1.1422,85.0,28.3,,23.4,30.4,28.3,30.4,1,17.5,30.4,1,6.7,30.4,1,-7.7,30.4,1
ww_talon,topless,aushkul,aushtau_east,628.2,1.1532,85.0,28.1,,23.4,30.4,28.1,30.4,1,17.3,30.4,1,6.5,30.4,1,-7.9,30.4,1
ww_talon,topless,aushkul,aushtau_south,619.3,1.1542,85.0,28.1,,23.4,30.4,28.1,30.4,1,17.3,30.4,1,6.5,30.4,1,-7.9,30.4,1
ww_talon,topless,aushkul,ridge_west,522.0,1.165,85.0,28.0,,23.4,30.4,28.0,30.4,1,17.2,30.4,1,6.4,30.4,1,-8.0,30.4,1
ww_talon,topless,ongudai,kayancha_south,1868.8,1.0235,85.0,29.9,,23.4,30.4,29.9,30.4,1,19.1,30.4,1,8.3,30.4,1,-6.1,30.4,1
ww_u2,kingpost,-,sea_level,0.0,1.225,85.0,27.2,31.3,23.4,30.4,27.2,30.4,1,16.4,30.4,1,5.6,30.4,1,-8.8,30.4,1
ww_u2,kingpost,altai,sinyukha_west,1106.9,1.1013,85.0,28.7,33.0,23.4,30.4,28.7,30.4,1,17.9,30.4,1,7.1,30.4,1,-7.3,30.4,1
ww_u2,kingpost,altai,sinyukha_east,1209.2,1.0905,85.0,28.9,33.2,23.4,30.4,28.9,30.4,1,18.1,30.4,1,7.3,30.4,1,-7.1,30.4,1
ww_u2,kingpost,altai,tugaya_south,629.9,1.153,85.0,28.1,32.3,23.4,30.4,28.1,30.4,1,17.3,30.4,1,6.5,30.4,1,-7.9,30.4,1
ww_u2,kingpost,askarovo,biyagoda_west,635.4,1.1524,85.0,28.1,32.3,23.4,30.4,28.1,30.4,1,17.3,30.4,1,6.5,30.4,1,-7.9,30.4,1
ww_u2,kingpost,askarovo,biyagoda_east,637.0,1.1522,85.0,28.1,32.3,23.4,30.4,28.1,30.4,1,17.3,30.4,1,6.5,30.4,1,-7.9,30.4,1
ww_u2,kingpost,askarovo,biyagoda_south_west,728.2,1.1422,85.0,28.2,32.4,23.4,30.4,28.2,30.4,1,17.4,30.4,1,6.6,30.4,1,-7.8,30.4,1
ww_u2,kingpost,aushkul,aushtau_east,628.2,1.1532,85.0,28.1,32.3,23.4,30.4,28.1,30.4,1,17.3,30.4,1,6.5,30.4,1,-7.9,30.4,1
ww_u2,kingpost,aushkul,aushtau_south,619.3,1.1542,85.0,28.1,32.2,23.4,30.4,28.1,30.4,1,17.3,30.4,1,6.5,30.4,1,-7.9,30.4,1
ww_u2,kingpost,aushkul,ridge_west,522.0,1.165,85.0,27.9,32.1,23.4,30.4,27.9,30.4,1,17.1,30.4,1,6.3,30.4,1,-8.1,30.4,1
ww_u2,kingpost,ongudai,kayancha_south,1868.8,1.0235,85.0,29.8,34.2,23.4,30.4,29.8,30.4,1,19.0,30.4,1,8.2,30.4,1,-6.2,30.4,1
ww_ultra_sport,kingpost,-,sea_level,0.0,1.225,85.0,28.1,,23.4,30.4,28.1,30.4,1,17.3,30.4,1,6.5,30.4,1,-7.9,30.4,1
ww_ultra_sport,kingpost,altai,sinyukha_west,1106.9,1.1013,85.0,29.7,,23.4,30.4,29.7,30.4,1,18.9,30.4,1,8.1,30.4,1,-6.3,30.4,1
ww_ultra_sport,kingpost,altai,sinyukha_east,1209.2,1.0905,85.0,29.8,,23.4,30.4,29.8,30.4,1,19.0,30.4,1,8.2,30.4,1,-6.2,30.4,1
ww_ultra_sport,kingpost,altai,tugaya_south,629.9,1.153,85.0,29.0,,23.4,30.4,29.0,30.4,1,18.2,30.4,1,7.4,30.4,1,-7.0,30.4,1
ww_ultra_sport,kingpost,askarovo,biyagoda_west,635.4,1.1524,85.0,29.0,,23.4,30.4,29.0,30.4,1,18.2,30.4,1,7.4,30.4,1,-7.0,30.4,1
ww_ultra_sport,kingpost,askarovo,biyagoda_east,637.0,1.1522,85.0,29.0,,23.4,30.4,29.0,30.4,1,18.2,30.4,1,7.4,30.4,1,-7.0,30.4,1
ww_ultra_sport,kingpost,askarovo,biyagoda_south_west,728.2,1.1422,85.0,29.1,,23.4,30.4,29.1,30.4,1,18.3,30.4,1,7.5,30.4,1,-6.9,30.4,1
ww_ultra_sport,kingpost,aushkul,aushtau_east,628.2,1.1532,85.0,29.0,,23.4,30.4,29.0,30.4,1,18.2,30.4,1,7.4,30.4,1,-7.0,30.4,1
ww_ultra_sport,kingpost,aushkul,aushtau_south,619.3,1.1542,85.0,29.0,,23.4,30.4,29.0,30.4,1,18.2,30.4,1,7.4,30.4,1,-7.0,30.4,1
ww_ultra_sport,kingpost,aushkul,ridge_west,522.0,1.165,85.0,28.9,,23.4,30.4,28.9,30.4,1,18.1,30.4,1,7.3,30.4,1,-7.1,30.4,1
ww_ultra_sport,kingpost,ongudai,kayancha_south,1868.8,1.0235,85.0,30.8,,23.4,30.4,30.8,30.1,0,20.0,30.4,1,9.2,30.4,1,-5.2,30.4,1
