id,system,conv,U10,stab,mean_err,p90_err,mean_lift_err,spread,iters
t_0300_000,appalachians,1,3.8,B,0.6621,1.201,0.07065,0,61
t_0300_001,appalachians,1,6.1,C,1.109,2.436,0.1113,0,41
t_0300_002,appalachians,1,6.66,D,1.522,3.093,0.1734,0,61
t_0300_003,appalachians,1,2.86,F,0.7306,1.217,0.03601,0,161
t_0300_004,appalachians,0,1.26,B,0.497,0.8582,0.03543,0.6361,1001
t_0300_005,appalachians,0,0,A,0.3493,0.6108,0.04082,0.459,1001
t_0300_006,appalachians,1,2.26,B,0.4997,0.9006,0.05606,0,171
t_0300_007,appalachians,0,0.67,F,0.3417,0.6042,0.01287,0.2181,1001
t_0300_008,appalachians,1,7.15,D,1.51,3.297,0.1453,0,51
t_0300_009,appalachians,1,3.86,C,0.6596,1.385,0.07013,0,101
t_0300_010,appalachians,1,5.31,D,1.166,2.314,0.1167,0,41
t_0300_011,appalachians,1,1.3,F,0.2404,0.4291,0.01559,0,41
t_0301_000,appalachians,1,1.78,B,0.3451,0.6968,0.02674,0,111
t_0301_001,appalachians,1,7.48,C,1.125,2.771,0.09254,0,61
t_0301_002,appalachians,1,6.53,D,1.229,3.113,0.09873,0,51
t_0301_003,appalachians,1,4.16,E,0.9315,1.829,0.04409,0,91
t_0301_004,appalachians,1,5.38,C,0.8973,1.838,0.05648,0,51
t_0301_005,appalachians,1,0,A,0.341,0.6648,0.02535,0,181
t_0301_006,appalachians,1,3.69,B,0.578,1.205,0.04766,0,61
t_0301_007,appalachians,1,7.4,D,1.165,2.507,0.07684,0,81
t_0301_008,appalachians,1,3.3,D,0.5853,1.302,0.03563,0,101
t_0301_009,appalachians,1,6.19,D,1.165,2.475,0.07486,0,81
t_0301_010,appalachians,1,3,D,0.5507,1.298,0.04797,0,31
t_0301_011,appalachians,1,6.54,D,1.017,2.433,0.06314,0,101
t_0302_000,appalachians,1,3.51,B,0.6027,1.169,0.06755,0,61
t_0302_001,appalachians,1,4.45,B,0.8206,1.751,0.09589,0,51
t_0302_002,appalachians,1,2.02,B,0.4474,0.8806,0.06276,0,61
t_0302_003,appalachians,1,1.71,F,0.4502,0.7861,0.01753,0,111
t_0302_004,appalachians,1,2.21,B,0.4992,0.8647,0.05173,0,51
t_0302_005,appalachians,0,0,A,0.3873,0.6602,0.03223,0.3791,1001
t_0302_006,appalachians,1,7.19,D,1.623,3.342,0.1541,0,61
t_0302_007,appalachians,1,6.35,D,1.045,2.001,0.07861,0,51
t_0302_008,appalachians,1,6.14,D,1.311,2.497,0.1327,0,51
t_0302_009,appalachians,1,7.54,D,1.547,2.906,0.148,0,71
t_0302_010,appalachians,1,4.44,D,0.9122,1.7,0.09722,0,71
t_0302_011,appalachians,1,6.04,D,1.105,2.133,0.07322,0,51
t_0303_000,appalachians,1,4.29,C,0.5513,1.284,0.06293,0,101
t_0303_001,appalachians,1,3.92,B,0.4536,1.153,0.05368,0,41
t_0303_002,appalachians,0,0.54,A,0.5315,1.019,0.04003,0.3042,1001
t_0303_003,appalachians,1,1.95,F,0.4221,0.7422,0.01465,0,81
t_0303_004,appalachians,0,0.72,A,0.403,0.8101,0.04594,0.5596,1001
t_0303_005,appalachians,1,0,A,0.3811,0.7402,0.02971,0,231
t_0303_006,appalachians,1,7.93,D,1.185,2.613,0.1085,0,91
t_0303_007,appalachians,1,5.63,D,1.035,1.952,0.06516,0,111
t_0303_008,appalachians,1,6.73,D,0.9694,2.035,0.09549,0,91
t_0303_009,appalachians,1,3.2,C,0.4404,0.8645,0.04594,0,121
t_0303_010,appalachians,0,1.74,C,0.3164,0.6304,0.02654,0.335,1001
t_0303_011,appalachians,1,5.22,D,0.8118,1.614,0.05349,0,111
t_0304_000,appalachians,1,3.32,B,0.7111,1.311,0.07104,0,81
t_0304_001,appalachians,1,2.84,B,0.6041,1.091,0.08136,0,211
t_0304_002,appalachians,0,1.86,B,0.5144,0.9204,0.06617,0.408,1001
t_0304_003,appalachians,1,2.1,F,0.4237,0.7686,0.02829,0,81
t_0304_004,appalachians,0,0.95,B,0.634,1.136,0.05284,0.6035,1001
t_0304_005,appalachians,0,0,A,0.4904,0.887,0.04664,0.7103,1001
t_0304_006,appalachians,1,5.76,C,0.9173,1.775,0.1238,0,51
t_0304_007,appalachians,1,2.79,F,0.6194,1.115,0.04093,0,171
t_0304_008,appalachians,1,5.85,D,1.27,2.353,0.1244,0,51
t_0304_009,appalachians,1,6.35,D,1.396,2.924,0.1435,0,51
t_0304_010,appalachians,1,0.78,C,0.2975,0.5398,0.03248,0,221
t_0304_011,appalachians,1,2.51,E,0.6708,1.117,0.03617,0,111
t_0305_000,appalachians,1,6.48,D,1.322,2.541,0.1392,0,51
t_0305_001,appalachians,1,5.37,C,0.8734,1.998,0.09442,0,41
t_0305_002,appalachians,1,7.53,D,1.609,3.518,0.1431,0,61
t_0305_003,appalachians,1,1.6,F,0.3837,0.6714,0.0142,0,81
t_0305_004,appalachians,1,5.93,D,1.199,2.458,0.1185,0,51
t_0305_005,appalachians,0,0,A,0.5901,1.376,0.0419,0.6103,1001
t_0305_006,appalachians,1,7.79,D,1.649,3.313,0.1711,0,61
t_0305_007,appalachians,0,1.38,F,0.5763,1.126,0.01906,1.483,1001
t_0305_008,appalachians,1,2.19,D,0.4253,0.7964,0.04343,0,51
t_0305_009,appalachians,1,6.46,D,1.32,2.672,0.1335,0,51
t_0305_010,appalachians,1,1.88,D,0.3867,0.8162,0.04607,0,41
t_0305_011,appalachians,0,0.55,F,0.2936,0.5005,0.01182,0.4083,1001
t_0306_000,appalachians,1,3.27,B,0.5369,0.8423,0.02465,0,51
t_0306_001,appalachians,1,5.84,C,0.4884,0.9285,0.04886,0,41
t_0306_002,appalachians,1,2.92,B,0.2175,0.3646,0.02687,0,41
t_0306_003,appalachians,1,3.07,F,0.6956,1.158,0.02081,0,71
t_0306_004,appalachians,1,2.86,B,0.4119,0.6338,0.02122,0,101
t_0306_005,appalachians,0,0,A,0.2399,0.4385,0.026,0.5279,1001
t_0306_006,appalachians,1,0.97,B,0.4115,1.036,0.02872,0,301
t_0306_007,appalachians,1,1.48,F,0.3475,0.5205,0.009299,0,61
t_0306_008,appalachians,1,6.58,D,0.8831,1.844,0.04527,0,81
t_0306_009,appalachians,1,3.4,C,0.2623,0.4875,0.02911,0,31
t_0306_010,appalachians,1,2.2,D,0.3438,0.6162,0.02128,0,41
t_0306_011,appalachians,0,1.62,F,0.4379,0.7043,0.01224,1.446,1001
t_0307_000,appalachians,1,3.09,B,0.6326,1.156,0.06591,0,101
t_0307_001,appalachians,1,4.68,B,0.7653,1.705,0.09907,0,41
t_0307_002,appalachians,1,6.25,D,1.351,2.659,0.1519,0,51
t_0307_003,appalachians,1,3.08,F,0.5441,0.9976,0.03455,0,81
t_0307_004,appalachians,1,6.69,D,1.411,2.607,0.1563,0,51
t_0307_005,appalachians,0,0,A,0.3189,0.5715,0.04329,0.4481,1001
t_0307_006,appalachians,1,3.12,B,0.5083,0.9966,0.07229,0,41
t_0307_007,appalachians,1,6.86,D,1.306,2.317,0.09272,0,121
t_0307_008,appalachians,1,2.89,D,0.559,1.133,0.05099,0,71
t_0307_009,appalachians,1,3.4,C,0.5703,1.235,0.06354,0,31
t_0307_010,appalachians,1,7.05,D,1.492,2.788,0.1607,0,71
t_0307_011,appalachians,1,5.17,D,0.8486,1.716,0.07803,0,91
t_0308_000,appalachians,1,2.43,B,0.4897,0.9099,0.05423,0,201
t_0308_001,appalachians,1,4.64,B,0.763,1.48,0.09004,0,101
t_0308_002,appalachians,1,4.11,C,0.7897,1.566,0.1016,0,41
t_0308_003,appalachians,1,3.53,E,1.007,1.642,0.0491,0,71
t_0308_004,appalachians,1,7.14,D,1.391,2.649,0.139,0,61
t_0308_005,appalachians,0,0,A,0.4171,0.7134,0.04098,0.2082,1001
t_0308_006,appalachians,1,2.28,B,0.4785,0.9258,0.06629,0,81
t_0308_007,appalachians,1,4.38,E,1.031,1.77,0.06628,0,101
t_0308_008,appalachians,1,2.33,D,0.6168,1.026,0.04513,0,111
t_0308_009,appalachians,1,7.06,D,1.431,2.916,0.1463,0,51
t_0308_010,appalachians,1,7.3,D,1.413,2.838,0.1638,0,61
t_0308_011,appalachians,1,1.71,F,0.2933,0.5354,0.02405,0,41
t_0309_000,appalachians,0,1.01,B,0.4709,0.8394,0.05012,0.2749,1001
t_0309_001,appalachians,1,4.47,B,0.7653,1.642,0.09954,0,41
t_0309_002,appalachians,1,1.39,B,0.4749,0.8755,0.05985,0,161
t_0309_003,appalachians,1,3.99,E,0.8497,1.608,0.07365,0,151
t_0309_004,appalachians,1,3.95,C,0.6441,1.235,0.06914,0,61
t_0309_005,appalachians,1,0,A,0.4023,0.7056,0.03908,0,611
t_0309_006,appalachians,1,6.67,D,1.494,3.188,0.1777,0,61
t_0309_007,appalachians,1,4.4,E,1.028,1.844,0.07215,0,151
t_0309_008,appalachians,1,6.26,D,1.263,2.297,0.1349,0,81
t_0309_009,appalachians,1,3.16,C,0.5628,1.028,0.0682,0,41
t_0309_010,appalachians,1,3.72,D,0.7069,1.409,0.076,0,101
t_0309_011,appalachians,1,6.42,D,1.145,2.248,0.09746,0,101
t_0310_000,appalachians,1,3.85,B,0.6452,1.301,0.05817,0,91
t_0310_001,appalachians,1,7.45,C,1.178,2.848,0.1132,0,41
t_0310_002,appalachians,1,7.82,D,1.616,3.52,0.1299,0,61
t_0310_003,appalachians,1,6.09,D,1.001,1.794,0.06572,0,71
t_0310_004,appalachians,1,4.92,C,0.7818,1.765,0.06897,0,91
t_0310_005,appalachians,0,0,A,0.5282,1.13,0.03189,0.8621,1001
t_0310_006,appalachians,1,3.05,B,0.5164,1.102,0.04999,0,71
t_0310_007,appalachians,1,7.33,D,1.261,2.552,0.09598,0,51
t_0310_008,appalachians,1,6.36,D,1.1,2.227,0.09208,0,51
t_0310_009,appalachians,1,6.84,D,1.248,2.831,0.1127,0,51
t_0310_010,appalachians,1,5.83,D,1.153,2.62,0.09002,0,41
t_0310_011,appalachians,1,6.29,D,1.092,2.298,0.07874,0,41
t_0311_000,appalachians,0,1.25,B,0.8281,1.614,0.05491,0.4006,1001
t_0311_001,appalachians,1,2.75,A,0.6492,1.027,0.0388,0,161
t_0311_002,appalachians,1,2.13,B,0.3973,0.6582,0.02838,0,91
t_0311_003,appalachians,1,3.84,E,0.6807,1.254,0.03026,0,91
t_0311_004,appalachians,0,0.67,A,0.3248,0.5557,0.02229,0.6702,1001
t_0311_005,appalachians,1,0,A,0.3552,0.6628,0.02542,0,361
t_0311_006,appalachians,1,1.24,B,0.3511,0.6343,0.02315,0,181
t_0311_007,appalachians,1,3.58,E,0.5228,0.9763,0.0377,0,121
t_0311_008,appalachians,1,4.04,D,0.6109,1.133,0.03765,0,61
t_0311_009,appalachians,1,6.44,D,0.8804,1.919,0.09951,0,61
t_0311_010,appalachians,1,1.37,C,0.159,0.3574,0.01698,0,51
t_0311_011,appalachians,1,6.53,D,0.7771,1.751,0.04374,0,91
t_0312_000,appalachians,1,3.45,B,0.6997,1.276,0.06078,0,91
t_0312_001,appalachians,1,1.66,A,0.3821,0.7773,0.049,0,91
t_0312_002,appalachians,1,4.28,C,0.7419,1.529,0.08571,0,31
t_0312_003,appalachians,1,6.32,D,1.04,2.043,0.08959,0,51
t_0312_004,appalachians,1,3.62,B,0.6068,1.112,0.05952,0,91
t_0312_005,appalachians,0,0,A,0.5024,0.9832,0.03538,0.6673,1001
t_0312_006,appalachians,1,3.77,B,0.5798,1.143,0.07667,0,41
t_0312_007,appalachians,1,2.29,F,0.4212,0.7803,0.02306,0,51
t_0312_008,appalachians,1,7.56,D,1.509,3.155,0.1176,0,71
t_0312_009,appalachians,1,4.78,C,0.7742,1.603,0.08276,0,41
t_0312_010,appalachians,1,1.43,C,0.2637,0.5464,0.03443,0,61
t_0312_011,appalachians,1,6.25,D,1.074,2.007,0.09592,0,101
t_0313_000,appalachians,0,1.39,B,0.759,1.391,0.08471,0.07171,1001
t_0313_001,appalachians,1,1.53,A,0.5768,1.038,0.07593,0,191
t_0313_002,appalachians,1,2.34,B,0.4644,0.8491,0.07052,0,61
t_0313_003,appalachians,1,3.79,E,0.9521,1.75,0.08829,0,161
t_0313_004,appalachians,1,3.45,B,0.7318,1.367,0.08296,0,161
t_0313_005,appalachians,0,0,A,0.4982,0.8608,0.04927,0.482,1001
t_0313_006,appalachians,1,5.57,C,0.9646,1.934,0.1363,0,61
t_0313_007,appalachians,0,1.72,F,0.8019,1.569,0.06283,1.011,1001
t_0313_008,appalachians,1,3,D,0.7416,1.411,0.07883,0,181
t_0313_009,appalachians,1,5.01,D,1.059,2.025,0.1456,0,81
t_0313_010,appalachians,1,0.67,C,0.3035,0.5522,0.03649,0,151
t_0313_011,appalachians,1,4.11,D,0.7797,1.536,0.08771,0,131
t_0314_000,appalachians,1,7.49,D,1.414,2.853,0.1358,0,61
t_0314_001,appalachians,0,1.41,A,1.089,1.82,0.05901,0.8705,1001
t_0314_002,appalachians,1,4.14,C,0.6763,1.34,0.08972,0,81
t_0314_003,appalachians,1,7.99,D,1.591,2.66,0.1187,0,101
t_0314_004,appalachians,1,7.2,D,1.434,2.446,0.1217,0,61
t_0314_005,appalachians,0,0,A,0.3888,0.6953,0.03042,0.2571,1001
t_0314_006,appalachians,1,7.83,D,1.704,3.497,0.2013,0,91
t_0314_007,appalachians,1,6.05,D,1.606,2.812,0.07276,0,131
t_0314_008,appalachians,0,1.34,C,0.3493,0.6116,0.02385,0.3274,1001
t_0314_009,appalachians,1,2.38,C,0.3601,0.7637,0.04192,0,41
t_0314_010,appalachians,1,2,D,0.3976,0.8687,0.05896,0,31
t_0314_011,appalachians,0,0.65,F,0.3396,0.606,0.008527,0.3671,1001
t_0315_000,caucasus,0,2.02,B,0.9528,1.739,0.07912,0.1168,1001
t_0315_001,caucasus,1,3,B,0.6054,1.022,0.08936,0,81
t_0315_002,caucasus,1,3.44,B,0.6507,1.158,0.09927,0,81
t_0315_003,caucasus,1,6.31,D,1.329,2.457,0.1518,0,111
t_0315_004,caucasus,1,2.05,B,0.853,1.556,0.0729,0,221
t_0315_005,caucasus,0,0,A,0.5786,1.054,0.05305,0.1724,1001
t_0315_006,caucasus,1,4,C,0.6953,1.396,0.1068,0,51
t_0315_007,caucasus,1,4.73,E,1.482,2.574,0.1105,0,141
t_0315_008,caucasus,1,1.88,D,0.787,1.582,0.05785,0,181
t_0315_009,caucasus,0,0.88,B,0.3722,0.6597,0.04256,0.2809,1001
t_0315_010,caucasus,1,2.34,D,0.4467,0.8403,0.06528,0,151
t_0315_011,caucasus,1,5.61,D,1.03,2.057,0.1202,0,81
t_0316_000,caucasus,1,4.93,C,1.051,1.886,0.1051,0,161
t_0316_001,caucasus,1,5.37,C,1.432,2.701,0.1442,0,191
t_0316_002,caucasus,1,5.5,C,1.227,2.392,0.1245,0,191
t_0316_003,caucasus,1,7.42,D,1.311,2.492,0.1352,0,101
t_0316_004,caucasus,1,5.55,C,1.008,1.854,0.1074,0,161
t_0316_005,caucasus,1,0,A,0.5395,0.9868,0.05853,0,621
t_0316_006,caucasus,1,6.72,D,1.385,2.78,0.1744,0,121
t_0316_007,caucasus,0,0.94,F,0.674,1.309,0.04,0.6596,1001
t_0316_008,caucasus,1,5.33,D,1.318,2.4,0.1329,0,161
t_0316_009,caucasus,1,6.03,D,1.213,2.537,0.1495,0,121
t_0316_010,caucasus,1,6.86,D,1.399,2.576,0.2087,0,141
t_0316_011,caucasus,0,0.83,F,0.5055,0.9236,0.03417,0.6061,1001
t_0317_000,caucasus,0,1.39,B,0.8721,1.603,0.05653,0.6178,1001
t_0317_001,caucasus,0,1.09,A,0.6319,1.163,0.05028,0.5077,1001
t_0317_002,caucasus,0,0.6,A,0.5689,1.127,0.05153,0.4515,1001
t_0317_003,caucasus,1,6.39,D,0.9565,1.986,0.09718,0,51
t_0317_004,caucasus,1,5.33,C,1.05,1.807,0.1071,0,51
t_0317_005,caucasus,1,0,A,0.4952,0.9402,0.04099,0,721
t_0317_006,caucasus,1,2.67,B,0.4724,0.8577,0.06508,0,201
t_0317_007,caucasus,1,4.63,E,1.133,2.113,0.07906,0,51
t_0317_008,caucasus,1,6.39,D,1.122,2.218,0.1189,0,111
t_0317_009,caucasus,1,4.54,C,0.6336,1.218,0.06748,0,91
t_0317_010,caucasus,1,7.05,D,1.738,3.021,0.2673,0,71
t_0317_011,caucasus,1,3.69,D,0.817,1.354,0.04728,0,151
t_0318_000,caucasus,1,5.46,C,0.8929,1.638,0.1214,0,121
t_0318_001,caucasus,0,0.89,A,0.628,1.131,0.07628,0.2277,1001
t_0318_002,caucasus,1,2.93,B,0.4826,0.9358,0.0636,0,51
t_0318_003,caucasus,1,1.51,F,0.3744,0.6689,0.0224,0,61
t_0318_004,caucasus,1,1.72,B,0.5663,1.005,0.05307,0,401
t_0318_005,caucasus,1,0,A,0.4798,0.9478,0.04266,0,491
t_0318_006,caucasus,1,5.52,C,0.8846,1.749,0.1467,0,111
t_0318_007,caucasus,0,0.62,F,0.3941,0.7207,0.02031,0.4881,1001
t_0318_008,caucasus,1,5.24,D,0.9532,1.813,0.1197,0,51
t_0318_009,caucasus,1,2.23,C,0.378,0.7341,0.06223,0,51
t_0318_010,caucasus,1,4.07,D,0.7987,1.591,0.1319,0,61
t_0318_011,caucasus,1,5.87,D,1.284,2.307,0.1434,0,51
t_0319_000,caucasus,1,3.33,B,0.6245,1.101,0.06697,0,161
t_0319_001,caucasus,1,6.4,C,0.9107,2.153,0.1591,0,81
t_0319_002,caucasus,1,2.21,B,0.3984,0.8318,0.0575,0,91
t_0319_003,caucasus,1,5.05,E,1.05,1.83,0.09679,0,71
t_0319_004,caucasus,0,1.72,B,0.7186,1.192,0.05748,0.0268,1001
t_0319_005,caucasus,1,0,A,0.4235,0.7708,0.03732,0,631
t_0319_006,caucasus,0,1.2,B,0.5005,0.8032,0.04988,0.6323,1001
t_0319_007,caucasus,1,3.13,F,0.5716,1.037,0.03373,0,61
t_0319_008,caucasus,1,5.09,D,1.088,2.093,0.09833,0,151
t_0319_009,caucasus,1,6.52,D,1.182,2.675,0.1549,0,51
t_0319_010,caucasus,1,6.96,D,1.117,2.234,0.1106,0,101
t_0319_011,caucasus,1,5.16,D,1.151,1.953,0.0794,0,151
t_0320_000,caucasus,0,0.7,A,0.9624,1.885,0.1103,0.7436,1001
t_0320_001,caucasus,1,5.32,C,0.8411,1.62,0.1198,0,151
t_0320_002,caucasus,1,1.26,B,0.4102,0.719,0.06019,0,201
t_0320_003,caucasus,1,3.85,E,1.057,1.894,0.09257,0,131
t_0320_004,caucasus,1,6.77,D,1.408,2.727,0.1532,0,141
t_0320_005,caucasus,1,0,A,0.4053,0.6973,0.04857,0,151
t_0320_006,caucasus,1,6.33,D,1.153,2.199,0.1585,0,101
t_0320_007,caucasus,1,3.89,E,1.044,1.842,0.09358,0,151
t_0320_008,caucasus,1,4.17,D,1.058,1.958,0.09605,0,191
t_0320_009,caucasus,1,3.71,C,0.5614,1.028,0.07862,0,101
t_0320_010,caucasus,1,2.03,D,0.3994,0.7358,0.05958,0,41
t_0320_011,caucasus,1,3.74,D,1.101,1.978,0.09393,0,211
t_0321_000,caucasus,1,7.05,D,1.309,2.711,0.1907,0,181
t_0321_001,caucasus,0,1.72,A,0.7414,1.376,0.08093,0.4642,1001
t_0321_002,caucasus,1,4.66,C,0.8221,1.65,0.1348,0,171
t_0321_003,caucasus,1,5.42,D,1.219,2.247,0.0687,0,181
t_0321_004,caucasus,0,0.5,A,0.631,1.112,0.05773,0.4259,1001
t_0321_005,caucasus,1,0,A,0.5227,0.9604,0.04933,0,601
t_0321_006,caucasus,1,6.42,D,1.283,2.418,0.1759,0,161
t_0321_007,caucasus,0,2.28,F,0.7332,1.193,0.04632,0.06947,1001
t_0321_008,caucasus,1,4.31,D,0.9724,1.763,0.1027,0,171
t_0321_009,caucasus,1,3.86,C,0.7139,1.259,0.08331,0,221
t_0321_010,caucasus,1,7.79,D,1.3,2.506,0.1279,0,131
t_0321_011,caucasus,1,3.95,D,1.049,1.835,0.06086,0,181
t_0322_000,caucasus,1,7.36,D,1.623,2.729,0.1198,0,111
t_0322_001,caucasus,1,1.62,A,0.4539,0.8369,0.04642,0,121
t_0322_002,caucasus,1,7.37,D,1.115,2.756,0.1325,0,71
t_0322_003,caucasus,0,2.92,F,1.262,1.946,0.04099,0.007009,1001
t_0322_004,caucasus,1,2.64,B,1.139,2.055,0.06955,0,541
t_0322_005,caucasus,0,0,A,0.6003,1.121,0.03887,0.4905,1001
t_0322_006,caucasus,1,2.74,B,0.5947,0.957,0.06281,0,181
t_0322_007,caucasus,1,2.67,F,1.093,1.788,0.04013,0,231
t_0322_008,caucasus,1,4.46,D,0.886,1.697,0.05631,0,71
t_0322_009,caucasus,1,3.72,C,0.4869,0.8706,0.05431,0,61
t_0322_010,caucasus,1,2.45,D,0.4299,0.8433,0.05197,0,51
t_0322_011,caucasus,1,5.46,D,1.848,3.439,0.08381,0,261
t_0323_000,caucasus,1,3.28,B,0.7382,1.422,0.08833,0,171
t_0323_001,caucasus,1,6.5,C,1.043,2.017,0.151,0,101
t_0323_002,caucasus,1,5.84,C,0.8852,1.694,0.1288,0,71
t_0323_003,caucasus,1,6.46,D,1.443,2.768,0.1544,0,151
t_0323_004,caucasus,1,2.64,B,0.5867,1.111,0.07616,0,341
t_0323_005,caucasus,1,0,A,0.4747,0.8296,0.05955,0,241
t_0323_006,caucasus,1,4.22,C,0.6171,1.232,0.08482,0,51
t_0323_007,caucasus,1,3.37,E,0.7312,1.404,0.06785,0,81
t_0323_008,caucasus,1,6.06,D,1.145,2.287,0.1367,0,161
t_0323_009,caucasus,1,1.35,B,0.2884,0.5159,0.0416,0,91
t_0323_010,caucasus,1,1.91,D,0.3521,0.6331,0.0485,0,151
t_0323_011,caucasus,1,7.11,D,1.428,2.825,0.162,0,131
t_0324_000,caucasus,1,7.65,D,1.676,3.114,0.1904,0,151
t_0324_001,caucasus,1,1.83,A,0.5625,1.022,0.0796,0,81
t_0324_002,caucasus,1,5.43,C,0.8892,1.643,0.1346,0,81
t_0324_003,caucasus,1,7.05,D,1.367,2.53,0.1636,0,81
t_0324_004,caucasus,1,3.14,B,0.6665,1.238,0.07278,0,391
t_0324_005,caucasus,1,0,A,0.4047,0.6973,0.04657,0,171
t_0324_006,caucasus,1,5.55,C,0.9204,1.713,0.1382,0,71
t_0324_007,caucasus,1,7.34,D,1.646,3.027,0.1326,0,151
t_0324_008,caucasus,1,4.28,D,0.8978,1.67,0.09281,0,171
t_0324_009,caucasus,1,0.88,B,0.4056,0.7537,0.0494,0,301
t_0324_010,caucasus,1,7.59,D,1.51,3.134,0.2071,0,91
t_0324_011,caucasus,1,4.2,D,0.966,1.967,0.09174,0,191
t_0325_000,caucasus,1,5.31,C,0.5396,1.086,0.03517,0,51
t_0325_001,caucasus,1,5.03,C,0.4175,0.8645,0.04278,0,101
t_0325_002,caucasus,1,4.11,C,0.3377,0.8403,0.0297,0,41
t_0325_003,caucasus,1,2.91,F,0.6028,0.9829,0.02192,0,171
t_0325_004,caucasus,1,6.29,D,0.7058,1.657,0.05813,0,81
t_0325_005,caucasus,1,0,A,0.3475,0.6338,0.0217,0,311
t_0325_006,caucasus,1,7.15,D,0.6702,1.767,0.05907,0,61
t_0325_007,caucasus,1,4.75,E,0.9325,1.906,0.03355,0,111
t_0325_008,caucasus,0,2.07,D,0.542,1.083,0.01917,0.01266,1001
t_0325_009,caucasus,1,3.34,C,0.215,0.5918,0.02531,0,41
t_0325_010,caucasus,1,7.75,D,0.7257,1.675,0.05649,0,81
t_0325_011,caucasus,1,5.25,D,1.152,1.976,0.03551,0,131
t_0326_000,caucasus,1,5,C,1.157,2.252,0.135,0,91
t_0326_001,caucasus,1,2.94,B,0.5061,0.9578,0.08297,0,61
t_0326_002,caucasus,1,2.59,B,0.5229,0.936,0.07494,0,71
t_0326_003,caucasus,0,7.57,D,2.028,3.912,0.2422,0.009051,1001
t_0326_004,caucasus,1,3.82,B,0.8052,1.5,0.09559,0,161
t_0326_005,caucasus,0,0,A,0.5027,0.8887,0.05839,0.3438,1001
t_0326_006,caucasus,1,7.69,D,1.4,2.654,0.184,0,101
t_0326_007,caucasus,0,1.48,F,0.55,1.024,0.04394,0.7623,1001
t_0326_008,caucasus,1,7.33,D,1.64,3.031,0.2164,0,141
t_0326_009,caucasus,1,6.56,D,1.476,2.719,0.2033,0,131
t_0326_010,caucasus,1,7.88,D,1.477,2.924,0.1812,0,121
t_0326_011,caucasus,0,1.57,F,0.4614,0.8093,0.0379,0.02785,1001
t_0327_000,caucasus,1,7.27,D,1.281,2.497,0.1605,0,131
t_0327_001,caucasus,1,5.51,C,0.7746,1.447,0.1198,0,81
t_0327_002,caucasus,1,6.95,D,1.19,2.356,0.1822,0,141
t_0327_003,caucasus,0,1.83,F,0.5068,0.9702,0.05313,1.421,1001
t_0327_004,caucasus,1,5.58,C,1.004,1.991,0.1367,0,171
t_0327_005,caucasus,1,0,A,0.3934,0.6924,0.05308,0,171
t_0327_006,caucasus,1,4.57,C,0.6576,1.226,0.09981,0,71
t_0327_007,caucasus,1,3.16,F,0.6187,1.108,0.0744,0,101
t_0327_008,caucasus,0,0.56,C,0.5074,0.925,0.06908,0.2077,1001
t_0327_009,caucasus,1,2.93,C,0.4979,0.9399,0.07209,0,231
t_0327_010,caucasus,1,6.88,D,1.101,2.103,0.1629,0,111
t_0327_011,caucasus,1,3.5,D,0.7314,1.349,0.08958,0,161
t_0328_000,caucasus,1,7.49,D,0.9489,1.645,0.06529,0,91
t_0328_001,caucasus,1,6.82,C,0.5577,1.422,0.04844,0,41
t_0328_002,caucasus,1,2.61,B,0.36,0.6377,0.04764,0,91
t_0328_003,caucasus,0,0.9,F,0.9163,1.252,0.01234,0.3178,1001
t_0328_004,caucasus,0,2.26,B,0.5116,0.8752,0.02284,1.595,1001
t_0328_005,caucasus,0,0,A,0.4252,0.7644,0.02927,0.4162,1001
t_0328_006,caucasus,1,2.77,B,0.4255,0.6997,0.03809,0,71
t_0328_007,caucasus,1,1.98,F,1.075,1.55,0.01838,0,111
t_0328_008,caucasus,1,5.55,D,0.7002,1.394,0.107,0,51
t_0328_009,caucasus,1,1.83,C,0.1562,0.3297,0.02268,0,81
t_0328_010,caucasus,1,6.64,D,0.6914,1.469,0.04328,0,101
t_0328_011,caucasus,1,3.23,E,1.052,1.553,0.02745,0,131
t_0329_000,caucasus,1,3.59,B,0.913,1.472,0.05384,0,101
t_0329_001,caucasus,1,4.51,B,0.4864,1.121,0.05766,0,91
t_0329_002,caucasus,1,3.82,B,0.4469,0.9438,0.05075,0,111
t_0329_003,caucasus,1,4.5,E,1.082,1.616,0.04575,0,111
t_0329_004,caucasus,1,7.6,D,1.456,2.703,0.1087,0,121
t_0329_005,caucasus,0,0,A,0.4782,0.875,0.0359,0.4832,1001
t_0329_006,caucasus,1,5.24,C,0.6038,1.262,0.07856,0,51
t_0329_007,caucasus,1,4.21,E,1.379,2.111,0.04499,0,101
t_0329_008,caucasus,1,7.93,D,1.208,2.373,0.1015,0,61
t_0329_009,caucasus,1,3.33,C,0.3916,0.7832,0.04851,0,151
t_0329_010,caucasus,1,7.67,D,1.164,2.301,0.1002,0,101
t_0329_011,caucasus,0,1.06,F,0.4999,0.8447,0.01523,0.9198,1001
t_0330_000,pyrenees,1,3.96,C,0.846,1.497,0.07966,0,91
t_0330_001,pyrenees,1,5.17,C,0.9244,1.901,0.133,0,41
t_0330_002,pyrenees,1,6.26,D,1.41,2.633,0.1793,0,61
t_0330_003,pyrenees,0,2.39,F,0.5285,0.9629,0.03219,0.1281,1001
t_0330_004,pyrenees,0,2.25,B,0.6792,1.215,0.04935,0.6615,1001
t_0330_005,pyrenees,0,0,A,0.5009,0.895,0.045,0.2786,1001
t_0330_006,pyrenees,0,0.59,A,0.519,0.9143,0.05402,0.4362,1001
t_0330_007,pyrenees,1,6.44,D,1.499,2.713,0.1068,0,151
t_0330_008,pyrenees,1,6.4,D,1.326,2.439,0.1186,0,171
t_0330_009,pyrenees,1,2.7,C,0.4853,0.8926,0.07034,0,41
t_0330_010,pyrenees,1,7.49,D,1.34,2.455,0.1576,0,71
t_0330_011,pyrenees,1,2.34,E,0.5254,0.9326,0.03536,0,71
t_0331_000,pyrenees,1,4.91,C,0.721,1.43,0.05814,0,111
t_0331_001,pyrenees,1,6.65,C,0.8254,1.88,0.07506,0,61
t_0331_002,pyrenees,1,5.17,C,0.8027,1.833,0.09106,0,41
t_0331_003,pyrenees,1,6.04,D,1.305,2.258,0.07078,0,131
t_0331_004,pyrenees,1,3.94,C,0.7069,1.282,0.06527,0,51
t_0331_005,pyrenees,1,0,A,0.4026,0.7183,0.03312,0,341
t_0331_006,pyrenees,1,6.34,D,1.231,2.738,0.1369,0,51
t_0331_007,pyrenees,1,6.6,D,1.792,2.938,0.07085,0,111
t_0331_008,pyrenees,1,3.44,D,0.6093,1.323,0.05893,0,161
t_0331_009,pyrenees,1,4.44,C,0.5523,1.186,0.07723,0,91
t_0331_010,pyrenees,1,4.61,D,0.7886,1.653,0.09648,0,81
t_0331_011,pyrenees,1,2.91,E,0.4789,0.9072,0.03228,0,91
t_0332_000,pyrenees,0,1.4,B,0.5945,1.065,0.05846,0.3096,1001
t_0332_001,pyrenees,1,6.66,C,1.127,2.332,0.1699,0,51
t_0332_002,pyrenees,1,2.9,B,0.5516,1.066,0.0692,0,81
t_0332_003,pyrenees,1,5.92,D,1.014,1.874,0.09501,0,81
t_0332_004,pyrenees,1,7.34,D,1.421,2.734,0.166,0,111
t_0332_005,pyrenees,0,0,A,0.4144,0.7805,0.03973,0.2399,1001
t_0332_006,pyrenees,1,4.84,C,0.8007,1.664,0.09748,0,41
t_0332_007,pyrenees,0,0.75,F,0.4565,0.8015,0.01735,0.7125,1001
t_0332_008,pyrenees,1,3.93,D,0.8197,1.47,0.0777,0,71
t_0332_009,pyrenees,1,3.68,C,0.6099,1.134,0.08441,0,121
t_0332_010,pyrenees,1,7.23,D,1.392,2.877,0.1426,0,91
t_0332_011,pyrenees,1,7.47,D,1.398,2.582,0.1679,0,121
t_0333_000,pyrenees,1,2.27,B,0.7393,1.38,0.09692,0,181
t_0333_001,pyrenees,1,6.25,C,0.8143,1.585,0.1303,0,91
t_0333_002,pyrenees,1,2.81,B,0.4497,0.8765,0.06945,0,71
t_0333_003,pyrenees,1,2.71,F,0.7616,1.427,0.07931,0,351
t_0333_004,pyrenees,0,0.54,A,0.6654,1.218,0.08834,0.2943,1001
t_0333_005,pyrenees,1,0,A,0.4463,0.7371,0.05074,0,191
t_0333_006,pyrenees,1,2.13,B,0.3691,0.7048,0.05974,0,251
t_0333_007,pyrenees,1,2.21,F,0.5332,0.9727,0.05031,0,91
t_0333_008,pyrenees,1,3.62,D,1.026,1.951,0.1126,0,171
t_0333_009,pyrenees,1,3.71,C,0.4764,0.9355,0.07425,0,61
t_0333_010,pyrenees,1,6.94,D,1.266,2.426,0.1901,0,111
t_0333_011,pyrenees,1,4.73,D,1.08,2.166,0.1381,0,151
t_0334_000,pyrenees,1,5.49,C,0.883,1.657,0.1131,0,71
t_0334_001,pyrenees,1,1.43,A,0.5555,0.9468,0.07548,0,171
t_0334_002,pyrenees,1,6.56,D,1.268,2.329,0.1789,0,121
t_0334_003,pyrenees,1,6.48,D,1.426,2.605,0.1241,0,161
t_0334_004,pyrenees,1,5.98,D,1.085,2.021,0.1308,0,151
t_0334_005,pyrenees,1,0,A,0.5565,1.019,0.05617,0,611
t_0334_006,pyrenees,1,7.86,D,1.399,2.67,0.1799,0,151
t_0334_007,pyrenees,1,2.35,F,0.7522,1.473,0.04677,0,171
t_0334_008,pyrenees,1,6.21,D,1.315,2.379,0.1307,0,161
t_0334_009,pyrenees,1,7.37,D,1.212,2.219,0.1412,0,121
t_0334_010,pyrenees,1,3.45,D,0.6296,1.167,0.08686,0,161
t_0334_011,pyrenees,1,6.88,D,1.159,2.24,0.1375,0,91
t_0335_000,pyrenees,1,6.23,D,1.013,2.309,0.08236,0,51
t_0335_001,pyrenees,1,1.08,A,0.4878,0.9817,0.04451,0,271
t_0335_002,pyrenees,1,1.84,B,0.3399,0.7515,0.0436,0,91
t_0335_003,pyrenees,1,6.99,D,1.199,2.183,0.06677,0,51
t_0335_004,pyrenees,1,2.06,B,0.4472,0.759,0.03401,0,91
t_0335_005,pyrenees,0,0,A,0.361,0.6421,0.02947,0.3614,1001
t_0335_006,pyrenees,1,6.26,D,1.044,2.323,0.08401,0,41
t_0335_007,pyrenees,1,6.95,D,0.9104,2.05,0.09043,0,51
t_0335_008,pyrenees,1,7.91,D,1.205,2.68,0.09178,0,81
t_0335_009,pyrenees,1,7.63,D,1.209,2.781,0.1396,0,71
t_0335_010,pyrenees,1,2.03,D,0.3106,0.738,0.03977,0,41
t_0335_011,pyrenees,1,3.21,E,1.049,1.68,0.03405,0,101
t_0336_000,pyrenees,1,5.21,C,0.9686,1.926,0.1149,0,101
t_0336_001,pyrenees,1,4.18,B,0.5994,1.137,0.08536,0,101
t_0336_002,pyrenees,1,6.14,D,1.492,2.985,0.2002,0,171
t_0336_003,pyrenees,1,3.88,E,1.307,2.399,0.12,0,201
t_0336_004,pyrenees,1,4.46,C,1.001,2.039,0.1037,0,171
t_0336_005,pyrenees,0,0,A,0.5597,1.024,0.07728,0.06371,1001
t_0336_006,pyrenees,0,0.69,A,0.5126,1.008,0.07101,0.4226,1001
t_0336_007,pyrenees,0,0.51,F,0.5526,1.133,0.03609,0.2028,1001
t_0336_008,pyrenees,1,7.96,D,1.543,3.036,0.1856,0,151
t_0336_009,pyrenees,1,6.66,D,1.054,2.056,0.1361,0,121
t_0336_010,pyrenees,1,2.31,D,0.3777,0.7622,0.05813,0,171
t_0336_011,pyrenees,0,3.24,E,1.411,2.791,0.1447,0.01296,1001
t_0337_000,pyrenees,1,3.5,B,0.594,1.102,0.04638,0,111
t_0337_001,pyrenees,1,1.39,A,0.4977,0.8735,0.04717,0,461
t_0337_002,pyrenees,1,3.31,B,0.4657,1.133,0.06461,0,51
t_0337_003,pyrenees,1,5.01,E,1.252,2.053,0.05452,0,61
t_0337_004,pyrenees,1,7.58,D,1.425,3.192,0.1419,0,61
t_0337_005,pyrenees,0,0,A,0.5137,0.9878,0.03297,0.6934,1001
t_0337_006,pyrenees,1,2.91,B,0.373,0.8889,0.04948,0,41
t_0337_007,pyrenees,1,5.17,E,1.505,2.476,0.05607,0,61
t_0337_008,pyrenees,1,6.91,D,1.118,2.445,0.08337,0,51
t_0337_009,pyrenees,1,3.99,C,0.5461,1.187,0.04958,0,31
t_0337_010,pyrenees,1,1.77,C,0.2634,0.5801,0.02866,0,41
t_0337_011,pyrenees,0,1.28,F,0.3669,0.6533,0.0147,0.8125,1001
t_0338_000,pyrenees,1,5.66,C,1.01,1.85,0.1051,0,71
t_0338_001,pyrenees,1,6.58,C,1.222,2.311,0.1665,0,151
t_0338_002,pyrenees,1,7.99,D,1.485,2.891,0.1704,0,101
t_0338_003,pyrenees,0,1.25,F,0.8147,1.527,0.0367,1.023,1001
t_0338_004,pyrenees,0,1.58,B,0.5884,1.115,0.05919,0.3488,1001
t_0338_005,pyrenees,1,0,A,0.5507,1.045,0.04888,0,771
t_0338_006,pyrenees,1,1.99,B,0.4556,0.8303,0.06312,0,71
t_0338_007,pyrenees,1,3.84,E,0.881,1.634,0.08254,0,181
t_0338_008,pyrenees,1,5.86,D,1.187,2.231,0.1531,0,101
t_0338_009,pyrenees,1,6.45,D,1.229,2.434,0.1297,0,61
t_0338_010,pyrenees,0,1.32,C,0.5493,0.9302,0.04741,0.4405,1001
t_0338_011,pyrenees,0,0.94,F,0.4421,0.8599,0.02028,1.263,1001
t_0339_000,pyrenees,0,0.88,B,0.6826,1.282,0.06435,0.6877,1001
t_0339_001,pyrenees,1,7.53,C,1.142,2.347,0.1518,0,91
t_0339_002,pyrenees,1,5.59,C,0.8755,1.774,0.1184,0,131
t_0339_003,pyrenees,0,0.92,F,0.576,1.12,0.02925,0.868,1001
t_0339_004,pyrenees,1,6.52,D,1.28,2.515,0.1494,0,111
t_0339_005,pyrenees,1,0,A,0.4062,0.731,0.04149,0,171
t_0339_006,pyrenees,0,0.84,B,0.476,0.8608,0.05539,0.06067,1001
t_0339_007,pyrenees,1,7.62,D,1.426,2.871,0.1468,0,101
t_0339_008,pyrenees,1,4.6,D,0.9316,1.804,0.09854,0,101
t_0339_009,pyrenees,1,5.15,D,1.013,2.077,0.1259,0,61
t_0339_010,pyrenees,1,7.88,D,1.633,3.021,0.1864,0,131
t_0339_011,pyrenees,1,7.88,D,1.821,3.233,0.1515,0,161
t_0340_000,pyrenees,1,5.68,C,0.9234,1.685,0.1004,0,71
t_0340_001,pyrenees,0,3.11,B,0.707,1.291,0.0849,0.3021,1001
t_0340_002,pyrenees,1,6.38,D,1.166,2.282,0.1465,0,81
t_0340_003,pyrenees,1,5.52,D,1.109,2.163,0.1213,0,71
t_0340_004,pyrenees,0,1.64,B,0.6623,1.24,0.06687,0.6689,1001
t_0340_005,pyrenees,1,0,A,0.4793,0.8542,0.04799,0,301
t_0340_006,pyrenees,1,6.95,D,1.321,2.428,0.1774,0,81
t_0340_007,pyrenees,0,0.66,F,0.3786,0.7466,0.02956,0.06006,1001
t_0340_008,pyrenees,1,5.98,D,1.305,2.473,0.1425,0,141
t_0340_009,pyrenees,1,7.06,D,1.423,2.604,0.1553,0,141
t_0340_010,pyrenees,1,4.11,D,0.6942,1.301,0.08981,0,51
t_0340_011,pyrenees,1,6.61,D,1.507,2.951,0.1527,0,151
t_0341_000,pyrenees,1,7.33,D,1.489,2.952,0.2132,0,101
t_0341_001,pyrenees,1,3.74,B,0.6204,1.147,0.09498,0,71
t_0341_002,pyrenees,1,1.29,B,0.468,0.8479,0.06547,0,131
t_0341_003,pyrenees,1,2.28,F,0.5988,1.105,0.05542,0,91
t_0341_004,pyrenees,1,3.14,B,0.7003,1.383,0.07817,0,161
t_0341_005,pyrenees,0,0,A,0.4843,0.877,0.05567,0.2098,1001
t_0341_006,pyrenees,1,6.34,D,1.078,2.214,0.1469,0,71
t_0341_007,pyrenees,1,6.62,D,1.516,2.852,0.1763,0,141
t_0341_008,pyrenees,1,7.86,D,1.979,4.023,0.2279,0,131
t_0341_009,pyrenees,1,5.12,D,0.9971,2.059,0.1355,0,91
t_0341_010,pyrenees,1,4.72,D,1.003,1.917,0.1459,0,61
t_0341_011,pyrenees,1,4.29,D,1.116,2.098,0.1412,0,151
t_0342_000,pyrenees,1,4.02,C,0.8632,1.674,0.1016,0,171
t_0342_001,pyrenees,1,5.28,C,0.8548,1.698,0.1189,0,61
t_0342_002,pyrenees,1,4.72,C,0.9628,1.929,0.117,0,191
t_0342_003,pyrenees,0,0.78,F,0.4052,0.7434,0.03964,0.6103,1001
t_0342_004,pyrenees,1,3.78,B,0.7837,1.49,0.08267,0,841
t_0342_005,pyrenees,0,0,A,0.5173,0.9351,0.06777,0.1331,1001
t_0342_006,pyrenees,1,5.65,C,0.8671,1.589,0.1182,0,61
t_0342_007,pyrenees,1,2.81,F,0.9422,1.903,0.06325,0,671
t_0342_008,pyrenees,1,3.15,D,0.7821,1.45,0.0719,0,121
t_0342_009,pyrenees,1,6.87,D,1.402,2.646,0.1639,0,161
t_0342_010,pyrenees,1,3.96,D,0.8683,1.699,0.1016,0,191
t_0342_011,pyrenees,1,4.38,D,1.162,2.174,0.09429,0,161
t_0343_000,pyrenees,0,1.24,B,0.5373,0.9316,0.04948,0.09773,1001
t_0343_001,pyrenees,1,1.84,A,0.5323,0.875,0.06115,0,91
t_0343_002,pyrenees,0,2.52,B,0.4742,0.8669,0.05634,0.003062,1001
t_0343_003,pyrenees,0,1.87,F,0.6491,1.12,0.01969,0.007407,1001
t_0343_004,pyrenees,0,0.74,A,0.6514,1.139,0.05589,0.5352,1001
t_0343_005,pyrenees,0,0,A,0.3962,0.6895,0.05218,0.5524,1001
t_0343_006,pyrenees,1,3.89,C,0.6034,1.178,0.07489,0,101
t_0343_007,pyrenees,1,7.64,D,1.444,2.548,0.1202,0,71
t_0343_008,pyrenees,0,0.97,C,0.5076,0.907,0.03205,1.002,1001
t_0343_009,pyrenees,0,0.51,B,0.3168,0.585,0.02782,0.26,1001
t_0343_010,pyrenees,0,2.08,D,0.4517,0.8484,0.04803,0.5073,1001
t_0343_011,pyrenees,1,2.45,E,0.6721,1.096,0.03441,0,151
t_0344_000,pyrenees,1,3.48,B,1.146,2.113,0.05448,0,171
t_0344_001,pyrenees,1,6.68,C,0.743,1.75,0.1128,0,141
t_0344_002,pyrenees,1,1.57,B,0.4853,0.8301,0.04705,0,121
t_0344_003,pyrenees,1,2.55,F,0.9024,1.614,0.0341,0,191
t_0344_004,pyrenees,1,5.87,C,0.9993,1.846,0.08644,0,221
t_0344_005,pyrenees,1,0,A,0.5331,0.9692,0.03172,0,421
t_0344_006,pyrenees,1,2.77,B,0.5139,0.9473,0.06263,0,91
t_0344_007,pyrenees,0,1.78,F,0.9193,1.748,0.03384,1.738,1001
t_0344_008,pyrenees,1,1.85,D,0.9561,1.637,0.06304,0,391
t_0344_009,pyrenees,1,5.34,D,0.8667,1.675,0.07628,0,151
t_0344_010,pyrenees,1,3.77,D,0.9034,1.604,0.06895,0,431
t_0344_011,pyrenees,1,5.41,D,2.448,4.002,0.07747,0,191
t_0345_000,southern_alps_nz,0,1.11,C,0.4932,0.873,0.04344,0.1591,1001
t_0345_001,southern_alps_nz,1,2.41,C,0.5158,0.936,0.06331,0,601
t_0345_002,southern_alps_nz,1,5.69,D,1.765,3.304,0.1593,0,191
t_0345_003,southern_alps_nz,1,6.85,D,1.597,3.106,0.1321,0,221
t_0345_004,southern_alps_nz,1,5.7,D,1.281,2.422,0.1129,0,171
t_0345_005,southern_alps_nz,1,0,B,0.4084,0.6731,0.03592,0,81
t_0345_006,southern_alps_nz,1,4.79,D,1.132,2.123,0.1059,0,161
t_0345_007,southern_alps_nz,1,2.59,F,0.8442,1.5,0.06559,0,281
t_0345_008,southern_alps_nz,1,3.43,D,1.302,2.275,0.08497,0,161
t_0345_009,southern_alps_nz,1,5.79,D,1.175,2.295,0.1354,0,61
t_0345_010,southern_alps_nz,0,0.83,C,0.3283,0.6123,0.03163,0.006409,1001
t_0345_011,southern_alps_nz,0,7.5,D,2.675,4.82,0.1849,0.2389,1001
t_0346_000,southern_alps_nz,0,1.59,C,0.5631,1.036,0.03884,0.0534,1001
t_0346_001,southern_alps_nz,1,2.16,C,0.5439,1.012,0.06747,0,841
t_0346_002,southern_alps_nz,0,1.11,C,0.5662,1.032,0.05071,0.489,1001
t_0346_003,southern_alps_nz,0,2.53,F,0.7917,1.464,0.05438,0.00044,1001
t_0346_004,southern_alps_nz,0,2,D,0.8171,1.564,0.05496,1.079,1001
t_0346_005,southern_alps_nz,1,0,B,0.4152,0.7429,0.03969,0,211
t_0346_006,southern_alps_nz,1,5.16,D,1.012,1.92,0.1415,0,61
t_0346_007,southern_alps_nz,0,4.58,E,1.504,3.064,0.128,0.05185,1001
t_0346_008,southern_alps_nz,1,2.44,D,0.8374,1.596,0.05488,0,161
t_0346_009,southern_alps_nz,1,1.96,D,0.5477,1.147,0.07006,0,141
t_0346_010,southern_alps_nz,1,6.1,D,1.273,2.45,0.1667,0,81
t_0346_011,southern_alps_nz,1,4.18,D,1.654,2.86,0.1054,0,191
t_0347_000,southern_alps_nz,1,6,D,1.65,3.021,0.1594,0,161
t_0347_001,southern_alps_nz,1,6.53,D,1.637,3.079,0.1729,0,181
t_0347_002,southern_alps_nz,1,5.49,D,1.219,2.373,0.1309,0,171
t_0347_003,southern_alps_nz,1,5.25,E,1.912,3.947,0.1475,0,241
t_0347_004,southern_alps_nz,1,4.98,D,1.278,2.466,0.1097,0,151
t_0347_005,southern_alps_nz,1,0,B,0.4276,0.7612,0.04505,0,201
t_0347_006,southern_alps_nz,1,6.72,D,1.533,2.992,0.1928,0,111
t_0347_007,southern_alps_nz,0,1.24,F,0.8981,1.94,0.04686,0.8668,1001
t_0347_008,southern_alps_nz,1,5.08,D,1.266,2.385,0.1344,0,181
t_0347_009,southern_alps_nz,1,2.34,D,0.3812,0.7136,0.05032,0,111
t_0347_010,southern_alps_nz,1,7.6,D,2.124,4.141,0.2082,0,241
t_0347_011,southern_alps_nz,0,0.87,F,0.5542,1.097,0.0318,0.716,1001
t_0348_000,southern_alps_nz,1,2.09,D,0.7158,1.489,0.05568,0,811
t_0348_001,southern_alps_nz,1,3.01,C,0.4352,0.8115,0.06269,0,61
t_0348_002,southern_alps_nz,1,7.45,D,1.334,2.417,0.1629,0,131
t_0348_003,southern_alps_nz,1,3.4,E,1.123,2.172,0.07726,0,191
t_0348_004,southern_alps_nz,1,7.54,D,1.707,3.175,0.1649,0,141
t_0348_005,southern_alps_nz,1,0,B,0.3555,0.6206,0.04343,0,111
t_0348_006,southern_alps_nz,1,4.55,D,0.696,1.308,0.09356,0,51
t_0348_007,southern_alps_nz,1,7.23,D,1.641,3.083,0.1491,0,151
t_0348_008,southern_alps_nz,1,4.77,D,1.175,2.375,0.09991,0,131
t_0348_009,southern_alps_nz,0,1.38,C,0.2239,0.406,0.03199,0.01871,1001
t_0348_010,southern_alps_nz,1,4.72,D,0.7448,1.475,0.09692,0,51
t_0348_011,southern_alps_nz,1,5.15,D,1.424,2.715,0.126,0,141
t_0349_000,southern_alps_nz,1,5.61,D,1.945,3.911,0.1487,0,151
t_0349_001,southern_alps_nz,0,1.93,C,0.5698,0.9995,0.05984,0.2399,1001
t_0349_002,southern_alps_nz,1,6.74,D,1.272,2.402,0.1225,0,131
t_0349_003,southern_alps_nz,1,5.97,D,1.828,3.522,0.1386,0,221
t_0349_004,southern_alps_nz,0,2.65,C,1.626,3.262,0.07619,0.746,1001
t_0349_005,southern_alps_nz,1,0,B,0.4157,0.7297,0.03588,0,121
t_0349_006,southern_alps_nz,1,5.43,D,1.421,2.73,0.1494,0,171
t_0349_007,southern_alps_nz,0,1.5,F,0.7338,1.374,0.03685,1.313,1001
t_0349_008,southern_alps_nz,0,1.29,C,1.103,2.17,0.06219,0.4733,1001
t_0349_009,southern_alps_nz,1,7.29,D,1.344,2.576,0.1413,0,111
t_0349_010,southern_alps_nz,0,2.32,D,0.9001,1.697,0.0639,0.01294,1001
t_0349_011,southern_alps_nz,1,5.25,D,1.561,2.991,0.1009,0,241
t_0350_000,southern_alps_nz,0,3.17,D,0.9505,1.868,0.07505,0.0008076,1001
t_0350_001,southern_alps_nz,1,5.77,D,1.062,2.002,0.137,0,91
t_0350_002,southern_alps_nz,1,4.49,D,0.8922,1.699,0.09625,0,171
t_0350_003,southern_alps_nz,1,7.24,D,2.082,3.873,0.1684,0,211
t_0350_004,southern_alps_nz,1,7.65,D,1.947,3.509,0.1797,0,91
t_0350_005,southern_alps_nz,1,0,B,0.4792,0.8513,0.04885,0,201
t_0350_006,southern_alps_nz,1,1.59,C,0.323,0.563,0.03521,0,71
t_0350_007,southern_alps_nz,0,0.86,F,0.594,1.146,0.03734,0.7925,1001
t_0350_008,southern_alps_nz,1,5.24,D,1.307,2.339,0.111,0,171
t_0350_009,southern_alps_nz,1,3.85,D,0.711,1.34,0.09903,0,61
t_0350_010,southern_alps_nz,1,5.78,D,1.244,2.399,0.132,0,171
t_0350_011,southern_alps_nz,1,5.13,D,1.531,2.871,0.1218,0,171
t_0351_000,southern_alps_nz,1,6.34,D,1.513,2.992,0.1592,0,171
t_0351_001,southern_alps_nz,1,7.63,D,1.496,2.923,0.1826,0,161
t_0351_002,southern_alps_nz,1,6.33,D,1.072,2.082,0.1347,0,111
t_0351_003,southern_alps_nz,1,7.39,D,1.767,3.257,0.1794,0,161
t_0351_004,southern_alps_nz,0,1.8,C,0.8851,1.778,0.06572,0.4547,1001
t_0351_005,southern_alps_nz,1,0,B,0.4084,0.7388,0.04579,0,211
t_0351_006,southern_alps_nz,1,3.52,D,0.6444,1.2,0.09408,0,51
t_0351_007,southern_alps_nz,0,1.49,F,0.7301,1.413,0.05648,0.9493,1001
t_0351_008,southern_alps_nz,1,6.28,D,1.657,2.98,0.1501,0,171
t_0351_009,southern_alps_nz,0,1.55,C,0.3334,0.605,0.04235,0.5433,1001
t_0351_010,southern_alps_nz,1,3.36,D,0.6541,1.316,0.07961,0,201
t_0351_011,southern_alps_nz,1,7.58,D,1.761,3.145,0.1759,0,151
t_0352_000,southern_alps_nz,1,2.04,C,0.5023,0.9495,0.0496,0,411
t_0352_001,southern_alps_nz,1,3.01,C,0.4191,0.7778,0.06143,0,111
t_0352_002,southern_alps_nz,1,3.77,D,0.6485,1.191,0.08884,0,111
t_0352_003,southern_alps_nz,1,5.86,D,1.011,1.84,0.1001,0,111
t_0352_004,southern_alps_nz,1,2.43,C,0.5623,1.079,0.05286,0,311
t_0352_005,southern_alps_nz,1,0,B,0.3934,0.6716,0.04365,0,81
t_0352_006,southern_alps_nz,1,4.48,D,0.8016,1.543,0.103,0,131
t_0352_007,southern_alps_nz,1,6.77,D,1.631,2.843,0.1368,0,151
t_0352_008,southern_alps_nz,0,1.35,C,0.8101,1.427,0.05657,1.173,1001
t_0352_009,southern_alps_nz,1,5.48,D,0.8187,1.598,0.101,0,101
t_0352_010,southern_alps_nz,0,1.78,C,0.4581,0.8674,0.05355,0.4839,1001
t_0352_011,southern_alps_nz,1,6.53,D,1.292,2.448,0.1397,0,141
t_0353_000,southern_alps_nz,1,5.7,D,1.344,2.638,0.1587,0,131
t_0353_001,southern_alps_nz,1,0.75,B,0.4948,0.8538,0.06312,0,681
t_0353_002,southern_alps_nz,1,3.48,D,0.6986,1.375,0.1031,0,151
t_0353_003,southern_alps_nz,1,7.14,D,1.76,3.315,0.2184,0,151
t_0353_004,southern_alps_nz,0,2.66,D,0.8797,1.847,0.08683,4.064e-07,1001
t_0353_005,southern_alps_nz,1,0,B,0.3827,0.6855,0.05028,0,81
t_0353_006,southern_alps_nz,1,2.97,D,0.4894,0.9211,0.07359,0,61
t_0353_007,southern_alps_nz,1,4.46,E,1.462,2.731,0.147,0,191
t_0353_008,southern_alps_nz,0,2.46,D,0.7107,1.423,0.06658,0.004374,1001
t_0353_009,southern_alps_nz,1,3.2,D,0.7983,1.51,0.1116,0,171
t_0353_010,southern_alps_nz,1,2.81,D,0.5161,0.988,0.07722,0,121
t_0353_011,southern_alps_nz,1,6.92,D,1.697,3.097,0.1846,0,181
t_0354_000,southern_alps_nz,0,2.78,D,0.9546,1.935,0.08678,0.002189,1001
t_0354_001,southern_alps_nz,1,4.32,C,0.5655,1.05,0.08402,0,81
t_0354_002,southern_alps_nz,1,7.04,D,1.351,2.59,0.1753,0,141
t_0354_003,southern_alps_nz,1,5.94,D,1.713,3.096,0.1776,0,191
t_0354_004,southern_alps_nz,1,2.73,D,1.018,2.179,0.1069,0,181
t_0354_005,southern_alps_nz,1,0,B,0.4454,0.7898,0.0555,0,321
t_0354_006,southern_alps_nz,1,2.54,D,0.4775,0.9441,0.06848,0,151
t_0354_007,southern_alps_nz,1,3.23,F,1.008,1.843,0.09333,0,181
t_0354_008,southern_alps_nz,1,5.31,D,1.147,2.174,0.1183,0,111
t_0354_009,southern_alps_nz,1,5.65,D,1.399,2.672,0.1829,0,181
t_0354_010,southern_alps_nz,1,2.35,D,0.3755,0.7087,0.05018,0,81
t_0354_011,southern_alps_nz,1,3.05,E,0.5991,1.181,0.07131,0,161
t_0355_000,southern_alps_nz,0,0.93,C,0.4514,0.8684,0.05544,0.1576,1001
t_0355_001,southern_alps_nz,1,5.99,D,1.018,1.911,0.1306,0,151
t_0355_002,southern_alps_nz,1,4.83,D,0.8026,1.53,0.1054,0,121
t_0355_003,southern_alps_nz,1,2.83,F,0.7585,1.407,0.08465,0,171
t_0355_004,southern_alps_nz,1,1.65,C,0.5016,0.9666,0.04924,0,631
t_0355_005,southern_alps_nz,1,0,B,0.3726,0.666,0.04859,0,141
t_0355_006,southern_alps_nz,1,5.77,D,0.8421,1.607,0.1099,0,101
t_0355_007,southern_alps_nz,1,3.46,E,0.7159,1.348,0.08233,0,171
t_0355_008,southern_alps_nz,1,6.7,D,1.344,2.571,0.1469,0,391
t_0355_009,southern_alps_nz,1,4.66,D,0.782,1.48,0.1013,0,131
t_0355_010,southern_alps_nz,1,4.52,D,0.7898,1.5,0.103,0,141
t_0355_011,southern_alps_nz,0,1.33,F,0.4826,0.926,0.03727,1.26,1001
t_0356_000,southern_alps_nz,1,3.12,D,0.9903,1.958,0.0673,0,121
t_0356_001,southern_alps_nz,1,1.62,B,0.4427,0.8225,0.05091,0,141
t_0356_002,southern_alps_nz,1,1.87,D,0.3931,0.7202,0.05263,0,51
t_0356_003,southern_alps_nz,0,1.66,F,0.5478,1.046,0.03975,0.7029,1001
t_0356_004,southern_alps_nz,1,7.71,D,1.958,3.99,0.1694,0,161
t_0356_005,southern_alps_nz,1,0,B,0.337,0.6245,0.03977,0,101
t_0356_006,southern_alps_nz,1,3.98,D,0.6057,1.149,0.0765,0,91
t_0356_007,southern_alps_nz,1,4.21,E,1.306,2.636,0.09568,0,171
t_0356_008,southern_alps_nz,0,1.07,C,0.5469,1.043,0.03674,0.8287,1001
t_0356_009,southern_alps_nz,1,2.5,D,0.461,0.9229,0.06127,0,41
t_0356_010,southern_alps_nz,1,6.67,D,1.075,2.046,0.1177,0,101
t_0356_011,southern_alps_nz,1,7.91,D,1.716,3.361,0.1753,0,221
t_0357_000,southern_alps_nz,1,6.08,D,1.326,2.582,0.1358,0,141
t_0357_001,southern_alps_nz,1,3.08,C,0.5082,0.9624,0.06582,0,161
t_0357_002,southern_alps_nz,1,5.07,D,0.9252,1.836,0.1271,0,61
t_0357_003,southern_alps_nz,0,2.42,F,0.6312,1.184,0.04879,1.666,1001
t_0357_004,southern_alps_nz,1,1.85,D,0.4967,0.946,0.0418,0,321
t_0357_005,southern_alps_nz,1,0,B,0.3402,0.6169,0.04266,0,61
t_0357_006,southern_alps_nz,1,1.07,C,0.4587,0.7075,0.03878,0,61
t_0357_007,southern_alps_nz,1,4.78,E,1.025,1.997,0.1104,0,141
t_0357_008,southern_alps_nz,1,2.31,D,0.6494,1.188,0.05782,0,411
t_0357_009,southern_alps_nz,1,1.19,C,0.3437,0.5969,0.03805,0,141
t_0357_010,southern_alps_nz,0,0.65,C,0.3795,0.689,0.03906,0.06222,1001
t_0357_011,southern_alps_nz,0,1.29,F,0.7016,1.407,0.04837,0.697,1001
t_0358_000,southern_alps_nz,0,0.82,C,0.423,0.8083,0.0603,0.2068,1001
t_0358_001,southern_alps_nz,1,7.05,D,1.485,2.772,0.1797,0,141
t_0358_002,southern_alps_nz,0,1.41,C,0.3263,0.6091,0.04788,0.07604,1001
t_0358_003,southern_alps_nz,1,6.72,D,1.629,2.953,0.1717,0,171
t_0358_004,southern_alps_nz,0,3.51,D,1.005,1.987,0.1021,2.494e-06,1001
t_0358_005,southern_alps_nz,1,0,B,0.3671,0.6702,0.05361,0,161
t_0358_006,southern_alps_nz,1,7.23,D,1.258,2.381,0.1693,0,131
t_0358_007,southern_alps_nz,1,2.7,F,0.8825,1.712,0.07319,0,241
t_0358_008,southern_alps_nz,1,5.87,D,1.393,2.466,0.148,0,171
t_0358_009,southern_alps_nz,1,5.92,D,1.178,2.218,0.1486,0,171
t_0358_010,southern_alps_nz,0,1.03,C,0.4116,0.7866,0.0484,0.4846,1001
t_0358_011,southern_alps_nz,1,4.46,D,1.043,1.926,0.1223,0,201
t_0359_000,southern_alps_nz,1,5.46,D,1.589,3.012,0.1044,0,181
t_0359_001,southern_alps_nz,1,1.05,B,0.444,0.8386,0.0523,0,251
t_0359_002,southern_alps_nz,1,2.37,D,0.8156,1.683,0.07556,0,201
t_0359_003,southern_alps_nz,1,4.31,E,1.296,2.443,0.1028,0,191
t_0359_004,southern_alps_nz,0,0.77,B,0.3861,0.6614,0.0334,0.5811,1001
t_0359_005,southern_alps_nz,1,0,B,0.3766,0.7119,0.03817,0,151
t_0359_006,southern_alps_nz,0,1.44,C,0.6944,1.208,0.05676,1.343,1001
t_0359_007,southern_alps_nz,1,6.21,D,2.304,4.271,0.1453,0,181
t_0359_008,southern_alps_nz,0,1.47,C,0.6239,1.152,0.04421,0.6852,1001
t_0359_009,southern_alps_nz,1,7.88,D,1.433,2.662,0.169,0,161
t_0359_010,southern_alps_nz,1,6.16,D,1.3,2.579,0.1387,0,131
t_0359_011,southern_alps_nz,1,7.86,D,2.279,4.432,0.1472,0,241
