group,cond,top_med,rest_med,top_mean,rest_mean,d_std
conv,U10,7.095,4.165,6.827,4.175,1.625
conv,heat,0.071,0.415,0.2345,0.4503,-0.6888
conv,t_max,23.35,26.5,23.92,26.5,-0.5493
conv,H_mean,-5.092,74.72,29.49,95.75,-0.7823
conv,z_i,588.5,1961,1073,1919,-0.783
conv,hour,17.5,12,15.84,13.82,0.4761
conv,cap_flag,0,0,0.2586,0.2338,0.05754
conv,cap_agl,407,500,438.5,480.1,-0.7847
conv,cross,0.6126,0.4528,0.5594,0.4764,0.2269
conv,aniso,0.1262,0.1227,0.1348,0.1366,-0.02448
conv,slope,0.1968,0.1119,0.1782,0.14,0.3848
conv,relief,1761,1536,1647,1419,0.2956
conv,wdir,154.9,187.8,156.4,183.5,-0.2727
conv,spread,0,0,0,0,0
conv,iters,151,101,147.9,135.5,0.134
conv,stab=A,0,0.05703,0,0.05703,nan
conv,stab=B,0,0.1749,0,0.1749,nan
conv,stab=C,0,0.192,0,0.192,nan
conv,stab=D,0.9655,0.4601,0.9655,0.4601,nan
conv,stab=E,0.03448,0.06274,0.03448,0.06274,nan
conv,stab=F,0,0.05323,0,0.05323,nan
conv,system=appalachians,0.1897,0.2662,0.1897,0.2662,nan
conv,system=caucasus,0.1207,0.2719,0.1207,0.2719,nan
conv,system=pyrenees,0.1724,0.2529,0.1724,0.2529,nan
conv,system=southern_alps_nz,0.5172,0.2091,0.5172,0.2091,nan
conv,sky=clear,0.3448,0.3441,0.3448,0.3441,nan
conv,sky=overcast,0.3793,0.3498,0.3793,0.3498,nan
conv,sky=partly,0.2759,0.3061,0.2759,0.3061,nan
conv,share_nonconverged,,,0,0,
conv/S,U10,0,4.925,1.073,4.809,-2.119
conv/S,heat,0.7975,0.299,0.6522,0.4042,0.7797
conv/S,t_max,25.85,25.9,26.3,26.24,0.01336
conv/S,H_mean,105,61.37,128.8,84.79,0.4703
conv/S,z_i,2147,1732,2114,1804,0.2728
conv/S,hour,12,15,12.81,14.16,-0.3797
conv/S,cap_flag,0,0,0.1207,0.249,-0.3353
conv/S,cap_agl,500,500,456.7,476.5,-0.3983
conv/S,cross,0.603,0.4438,0.5605,0.4763,0.2452
conv/S,aniso,0.1058,0.1262,0.1229,0.1379,-0.19
conv/S,slope,0.1703,0.1119,0.1716,0.1407,0.309
conv/S,relief,1896,1536,1748,1408,0.4525
conv/S,wdir,191.6,177,183.6,180.5,0.03015
conv/S,spread,0,0,0,0,0
conv/S,iters,206,101,282.4,120.7,1.134
conv/S,stab=A,0.4138,0.01141,0.4138,0.01141,nan
conv/S,stab=B,0.3448,0.1369,0.3448,0.1369,nan
conv/S,stab=C,0.01724,0.1901,0.01724,0.1901,nan
conv/S,stab=D,0.1552,0.5494,0.1552,0.5494,nan
conv/S,stab=E,0.01724,0.06464,0.01724,0.06464,nan
conv/S,stab=F,0.05172,0.04753,0.05172,0.04753,nan
conv/S,system=appalachians,0.08621,0.2776,0.08621,0.2776,nan
conv/S,system=caucasus,0.2759,0.2548,0.2759,0.2548,nan
conv/S,system=pyrenees,0.2414,0.2452,0.2414,0.2452,nan
conv/S,system=southern_alps_nz,0.3966,0.2224,0.3966,0.2224,nan
conv/S,sky=clear,0.1897,0.3612,0.1897,0.3612,nan
conv/S,sky=overcast,0.1034,0.3802,0.1034,0.3802,nan
conv/S,sky=partly,0.7069,0.2586,0.7069,0.2586,nan
conv/S,share_nonconverged,,,0,0,
nc,U10,2.85,0.99,3.223,1.054,1.431
nc,heat,0.275,0.46,0.3193,0.4234,-0.3107
nc,t_max,22.6,24.1,23.42,24.73,-0.3223
nc,H_mean,22.08,55.87,47.21,91.77,-0.454
nc,z_i,553.5,1186,782.5,1332,-0.6838
nc,hour,10.5,12,13.93,13.9,0.005559
nc,cap_flag,0.5,0,0.5,0.2869,0.447
nc,cap_agl,406.8,500,426.3,459.9,-0.6427
nc,cross,0.8156,0.5101,0.6329,0.5146,0.3311
nc,aniso,0.1116,0.1262,0.1224,0.1366,-0.2112
nc,slope,0.1913,0.1176,0.1958,0.1438,0.5624
nc,relief,1964,1523,1992,1439,0.8644
nc,wdir,196.2,189.3,186.4,187,-0.005414
nc,spread,0.08432,0.4531,0.3579,0.5011,-0.3263
nc,iters,1001,1001,1001,1001,0
nc,stab=A,0.1429,0.2951,0.1429,0.2951,nan
nc,stab=B,0.07143,0.1803,0.07143,0.1803,nan
nc,stab=C,0.1429,0.1885,0.1429,0.1885,nan
nc,stab=D,0.3571,0.04918,0.3571,0.04918,nan
nc,stab=E,0.1429,0,0.1429,0,nan
nc,stab=F,0.1429,0.2869,0.1429,0.2869,nan
nc,system=appalachians,0.07143,0.2295,0.07143,0.2295,nan
nc,system=caucasus,0.2857,0.2131,0.2857,0.2131,nan
nc,system=pyrenees,0.1429,0.2869,0.1429,0.2869,nan
nc,system=southern_alps_nz,0.5,0.2705,0.5,0.2705,nan
nc,sky=clear,0.5,0.2623,0.5,0.2623,nan
nc,sky=overcast,0.2143,0.2541,0.2143,0.2541,nan
nc,sky=partly,0.2857,0.4836,0.2857,0.4836,nan
nc,share_nonconverged,,,1,1,
nc/S,U10,0.92,1.22,0.9629,1.314,-0.3983
nc/S,heat,0.599,0.4125,0.4824,0.4046,0.2232
nc/S,t_max,24.5,23.9,24.95,24.56,0.08169
nc/S,H_mean,154.1,49.34,115.5,83.93,0.2992
nc/S,z_i,586,1186,759.2,1335,-0.7333
nc/S,hour,9,12,12.57,14.06,-0.3235
nc/S,cap_flag,1,0,0.5714,0.2787,0.62
nc/S,cap_agl,500,500,488.3,446.3,0.9006
nc/S,cross,0.6542,0.5135,0.554,0.5237,0.08457
nc/S,aniso,0.14,0.1208,0.1536,0.133,0.2766
nc/S,slope,0.1176,0.1421,0.1371,0.1506,-0.1467
nc/S,relief,1418,1575,1599,1484,0.1523
nc/S,wdir,277.7,184.3,251.1,179.6,0.7244
nc/S,spread,0.5694,0.4294,0.5807,0.4755,0.3179
nc/S,iters,1001,1001,1001,1001,0
nc/S,stab=A,0.4286,0.2623,0.4286,0.2623,nan
nc/S,stab=B,0.2143,0.1639,0.2143,0.1639,nan
nc/S,stab=C,0.07143,0.1967,0.07143,0.1967,nan
nc/S,stab=D,0,0.09016,0,0.09016,nan
nc/S,stab=E,0,0.01639,0,0.01639,nan
nc/S,stab=F,0.2857,0.2705,0.2857,0.2705,nan
nc/S,system=appalachians,0.2143,0.2131,0.2143,0.2131,nan
nc/S,system=caucasus,0.3571,0.2049,0.3571,0.2049,nan
nc/S,system=pyrenees,0.2857,0.2705,0.2857,0.2705,nan
nc/S,system=southern_alps_nz,0.1429,0.3115,0.1429,0.3115,nan
nc/S,sky=clear,0.5,0.2623,0.5,0.2623,nan
nc/S,sky=overcast,0.07143,0.2705,0.07143,0.2705,nan
nc/S,sky=partly,0.4286,0.4672,0.4286,0.4672,nan
nc/S,share_nonconverged,,,1,1,
all,U10,7.05,3.35,6.768,3.516,1.847
all,heat,0.218,0.4195,0.2765,0.4424,-0.5061
all,t_max,23.75,25.8,24.03,26.15,-0.4532
all,H_mean,24.38,73.8,39.27,94.3,-0.6237
all,z_i,824.5,1698,1207,1787,-0.5353
all,hour,15,12,15.67,13.81,0.4371
all,cap_flag,0,0,0.2361,0.2515,-0.03595
all,cap_agl,407,500,440.3,473.8,-0.6182
all,cross,0.6779,0.4654,0.5699,0.4841,0.2349
all,aniso,0.1201,0.1227,0.1313,0.1367,-0.07385
all,slope,0.1968,0.1119,0.182,0.1407,0.4228
all,relief,1901,1536,1700,1425,0.3633
all,wdir,165.6,188,167.3,183.6,-0.1591
all,spread,0,0,0.01453,0.1005,-0.4312
all,iters,151,131,191.4,312,-0.4089
all,stab=A,0,0.1049,0,0.1049,nan
all,stab=B,0,0.1775,0,0.1775,nan
all,stab=C,0.01389,0.1929,0.01389,0.1929,nan
all,stab=D,0.9306,0.3735,0.9306,0.3735,nan
all,stab=E,0.05556,0.05093,0.05556,0.05093,nan
all,stab=F,0,0.1003,0,0.1003,nan
all,system=appalachians,0.1806,0.2577,0.1806,0.2577,nan
all,system=caucasus,0.1528,0.2608,0.1528,0.2608,nan
all,system=pyrenees,0.1806,0.2577,0.1806,0.2577,nan
all,system=southern_alps_nz,0.4861,0.2238,0.4861,0.2238,nan
all,sky=clear,0.3611,0.3302,0.3611,0.3302,nan
all,sky=overcast,0.3611,0.3302,0.3611,0.3302,nan
all,sky=partly,0.2778,0.3395,0.2778,0.3395,nan
all,share_nonconverged,,,0.05556,0.2037,
all/S,U10,0.79,4.15,0.8078,4.178,-1.985
all/S,heat,0.706,0.3,0.5175,0.4156,0.2964
all/S,t_max,24,25.7,24.86,26.05,-0.2538
all/S,H_mean,178.4,61.43,120.2,85.3,0.348
all/S,z_i,1224,1672,1474,1757,-0.2468
all/S,hour,12,15,13.5,14.06,-0.1359
all/S,cap_flag,0,0,0.2639,0.2485,0.03536
all/S,cap_agl,500,500,472.6,470.4,0.04511
all/S,cross,0.4703,0.4792,0.479,0.4942,-0.04376
all/S,aniso,0.1184,0.1242,0.1276,0.1371,-0.1313
all/S,slope,0.141,0.1233,0.1456,0.1447,0.009151
all/S,relief,1628,1560,1629,1432,0.261
all/S,wdir,199.9,180.9,200.5,179.9,0.2001
all/S,spread,0.464,0,0.4773,0.04904,1.4
all/S,iters,1001,121,894.6,233.9,2.457
all/S,stab=A,0.4722,0.05247,0.4722,0.05247,nan
all/S,stab=B,0.1389,0.162,0.1389,0.162,nan
all/S,stab=C,0.125,0.1806,0.125,0.1806,nan
all/S,stab=D,0.02778,0.4738,0.02778,0.4738,nan
all/S,stab=E,0,0.0571,0,0.0571,nan
all/S,stab=F,0.2361,0.07407,0.2361,0.07407,nan
all/S,system=appalachians,0.1667,0.2593,0.1667,0.2593,nan
all/S,system=caucasus,0.3056,0.2438,0.3056,0.2438,nan
all/S,system=pyrenees,0.3194,0.2423,0.3194,0.2423,nan
all/S,system=southern_alps_nz,0.2083,0.2546,0.2083,0.2546,nan
all/S,sky=clear,0.2361,0.3441,0.2361,0.3441,nan
all/S,sky=overcast,0.1528,0.3534,0.1528,0.3534,nan
all/S,sky=partly,0.6111,0.3025,0.6111,0.3025,nan
all/S,share_nonconverged,,,0.8056,0.1204,
