group,cond,n_bins,R2_cells_w,R2_cells_w_over_S,R2_cells_lift,R2_cases_w,R2_cases_lift
conv,U10,4,0.1779,0.05248,0.07895,0.6484,0.595
conv,stab,6,0.1212,0.08349,0.0496,0.4417,0.3738
conv,heat,5,0.03033,0.01061,0.002229,0.1106,0.0168
conv,t_max,3,0.01207,0.0002896,0.002095,0.044,0.01578
conv,H_mean,5,0.03004,0.009547,0.001422,0.1095,0.01071
conv,z_i,5,0.03959,0.0068,0.001227,0.1443,0.009244
conv,hour,4,0.03714,0.01587,0.004336,0.1354,0.03267
conv,cap_flag,2,0.004534,0.0002361,0.0005918,0.01653,0.00446
conv,cross,4,0.001058,0.002618,0.001057,0.003856,0.007965
conv,aniso,3,0.006948,0.004597,0.007845,0.02533,0.05912
conv,slope,5,0.01309,0.01749,0.02313,0.04772,0.1743
conv,relief,5,0.009813,0.02066,0.01987,0.03577,0.1497
conv,system,4,0.009325,0.01404,0.007821,0.03399,0.05894
conv,sky,3,0.003323,0.01837,0.002562,0.01211,0.01931
conv,N_bl,3,0.00447,0.0002235,0.0006302,0.0163,0.004749
conv,Fr,5,0.07027,0.04999,0.02204,0.2562,0.1661
conv,gam_300,4,0.03605,0.007784,0.001979,0.1314,0.01491
nc,U10,3,0.1821,0.007879,0.1186,0.5406,0.5999
nc,stab,6,0.1031,0.02563,0.07793,0.3061,0.3943
nc,heat,5,0.01813,0.02206,0.002822,0.05382,0.01428
nc,t_max,3,0.001825,0.006731,0.0001973,0.005419,0.0009981
nc,H_mean,5,0.02736,0.01739,0.002823,0.08125,0.01428
nc,z_i,5,0.01628,0.01029,0.003099,0.04833,0.01568
nc,hour,4,0.03581,0.007083,0.005027,0.1063,0.02543
nc,cap_flag,2,0.005879,0.004,0.004694,0.01745,0.02375
nc,cross,4,0.008342,0.0004793,0.004968,0.02477,0.02514
nc,aniso,3,0.0003608,0.0004553,0.00511,0.001071,0.02586
nc,slope,5,0.02979,0.00288,0.03925,0.08845,0.1986
nc,relief,5,0.03797,0.003489,0.03682,0.1127,0.1863
nc,system,4,0.02919,0.007125,0.01177,0.08667,0.05953
nc,sky,3,0.009264,0.01002,0.008462,0.02751,0.04281
nc,N_bl,3,0.00895,0.005539,0.005976,0.02657,0.03024
nc,Fr,5,0.03812,0.01542,0.01631,0.1132,0.08252
nc,gam_300,4,0.02639,0.007188,0.002585,0.07834,0.01308
