start,wind_ms,a_after_U1.5,a_after_U10,a_after_U100,a_after_U200,a_after_U50,a_after_dir10,a_before_U1.5,a_before_U10,a_before_U100,a_before_U200,a_before_U50,a_before_dir10,f_after_U1,f_after_U1.5,f_after_U10,f_after_U100,f_after_U200,f_after_U50,f_after_Urt,f_after_dir10,f_after_k,f_after_wall,f_before_U1,f_before_U1.5,f_before_U10,f_before_U100,f_before_U200,f_before_U50,f_before_Urt,f_before_dir10,f_before_k,f_before_wall
altai/sinyukha_east,3.0,2.585,3.054,4.121,4.702,3.71,-0.0,2.585,3.054,4.121,4.702,3.71,0.0,5.4055,2.487,2.924,3.181,3.096,3.163,2.9243,7.4069,0.3559,30.9761,,4.583,5.405,6.071,5.968,5.973,,4.1247,1.0,5.7141
altai/sinyukha_west,3.0,2.681,3.084,4.125,4.705,3.718,0.0,2.681,3.084,4.125,4.705,3.718,0.0,4.8561,2.175,2.71,2.953,2.907,2.937,2.7103,-8.9792,0.4296,26.7478,,3.89,4.856,5.488,5.486,5.38,,10.6086,1.0,6.113
altai/tugaya_south,3.0,2.481,3.029,4.117,4.7,3.703,0.0,2.481,3.029,4.117,4.7,3.703,0.0,3.6881,1.907,2.957,3.458,3.534,3.331,2.9573,18.0429,0.6961,38.4518,,2.376,3.688,4.42,4.56,4.221,,12.7544,1.0,4.9016
askarovo/biyagoda_east,3.0,2.534,3.041,4.119,4.701,3.706,0.0,2.534,3.041,4.119,4.701,3.706,0.0,3.5647,1.878,2.989,4.51,4.451,4.459,2.9887,-6.6874,0.7389,9.3969,,2.238,3.565,5.451,5.421,5.356,,6.222,1.0,4.263
askarovo/biyagoda_south_west,3.0,2.534,3.041,4.119,4.701,3.706,-0.0,2.534,3.041,4.119,4.701,3.706,0.0,4.2874,2.046,2.947,3.488,3.383,3.471,2.9468,2.0808,0.5345,10.8322,,2.971,4.287,5.233,5.171,5.134,,1.2376,1.0,4.3232
askarovo/biyagoda_west,3.0,2.477,3.028,4.117,4.7,3.703,-0.0,2.477,3.028,4.117,4.7,3.703,0.0,3.0403,1.859,2.994,4.81,4.78,4.682,2.9941,5.8668,0.9769,8.5407,,1.888,3.04,4.891,4.863,4.758,,5.6941,1.0,4.2734
aushkul/aushtau_east,3.0,2.517,3.037,4.118,4.701,3.705,0.0,2.517,3.037,4.118,4.701,3.705,0.0,3.5362,1.981,2.982,4.155,4.073,4.09,2.9821,9.9835,0.7494,9.3712,,2.349,3.536,4.993,4.93,4.883,,10.2106,1.0,4.1621
aushkul/aushtau_south,3.0,2.551,3.045,4.119,4.702,3.707,-0.0,2.551,3.045,4.119,4.702,3.707,0.0,3.3752,1.932,3.025,4.518,4.494,4.398,3.0252,6.6058,0.8132,9.0738,,2.153,3.375,5.096,5.102,4.937,,5.9201,1.0,4.2809
aushkul/ridge_west,3.0,2.633,3.069,4.123,4.704,3.713,0.0,2.633,3.069,4.123,4.704,3.713,0.0,2.9624,1.964,2.992,4.225,4.29,4.111,2.9917,2.1452,1.0224,8.6942,,1.945,2.962,4.178,4.237,4.068,,1.4889,1.0,5.7657
ongudai/kayancha_south,3.0,2.535,3.041,4.119,4.701,3.706,0.0,2.535,3.041,4.119,4.701,3.706,0.0,3.2951,2.047,3.024,4.233,4.349,4.073,3.0245,9.4592,0.8482,14.7632,,2.231,3.295,4.642,4.791,4.45,,9.6889,1.0,6.4115
altai/sinyukha_east,6.0,4.355,6.192,11.082,13.81,9.142,0.0,4.355,6.192,11.082,13.81,9.142,0.0,12.5891,5.268,6.221,7.047,6.955,6.911,6.2206,3.4838,0.3723,13.2854,,10.598,12.589,15.044,15.283,14.405,,1.4444,1.0,5.4561
altai/sinyukha_west,6.0,4.712,6.323,11.109,13.827,9.186,0.0,4.712,6.323,11.109,13.827,9.186,0.0,10.9703,5.06,6.321,7.275,7.347,7.076,6.3215,-11.2655,0.4473,11.9726,,8.767,10.97,13.193,13.7,12.565,,11.3091,1.0,5.0841
altai/tugaya_south,6.0,3.989,6.082,11.061,13.797,9.108,-0.0,3.989,6.082,11.061,13.797,9.108,0.0,8.3788,3.924,6.099,7.737,8.158,7.237,6.0989,5.0983,0.6407,9.6032,,5.387,8.379,10.957,11.689,10.127,,3.0668,1.0,4.5694
askarovo/biyagoda_east,6.0,4.176,6.135,11.071,13.803,9.124,0.0,4.176,6.135,11.071,13.803,9.124,0.0,8.8549,3.571,5.697,8.985,9.09,8.694,5.6965,-6.3291,0.5951,8.5078,,5.547,8.855,14.321,14.67,13.672,,6.6737,1.0,4.2548
askarovo/biyagoda_south_west,6.0,4.174,6.134,11.071,13.803,9.124,-0.0,4.174,6.134,11.071,13.803,9.124,0.0,9.6579,4.176,6.038,7.584,7.631,7.34,6.0381,0.6832,0.5301,9.8582,,6.667,9.658,12.554,12.94,11.938,,0.0,1.0,4.9144
askarovo/biyagoda_west,6.0,3.977,6.078,11.06,13.797,9.107,0.0,3.977,6.078,11.06,13.797,9.107,0.0,6.7386,3.705,5.991,10.14,10.496,9.582,5.9906,0.9947,0.8566,8.4823,,4.166,6.739,11.505,12.0,10.816,,0.9871,1.0,4.2064
aushkul/aushtau_east,6.0,4.114,6.116,11.067,13.801,9.118,0.0,4.114,6.116,11.067,13.801,9.118,0.0,8.578,3.836,5.792,8.534,8.617,8.181,5.7917,6.5237,0.6209,9.0055,,5.674,8.578,12.973,13.301,12.271,,5.3951,1.0,4.214
aushkul/aushtau_south,6.0,4.233,6.153,11.074,13.805,9.13,0.0,4.233,6.153,11.074,13.805,9.13,0.0,8.097,3.665,5.76,9.056,9.299,8.601,5.7599,5.9096,0.6706,8.5193,,5.153,8.097,12.974,13.49,12.193,,6.5592,1.0,4.1797
aushkul/ridge_west,6.0,4.534,6.255,11.095,13.818,9.163,0.0,4.534,6.255,11.095,13.818,9.163,0.0,6.206,3.913,5.995,9.244,9.866,8.629,5.9948,3.28,0.956,8.0263,,4.05,6.206,9.607,10.276,8.95,,3.253,1.0,4.2222
ongudai/kayancha_south,6.0,4.177,6.135,11.071,13.803,9.124,0.0,4.177,6.135,11.071,13.803,9.124,0.0,7.3179,4.295,6.369,9.457,10.053,8.844,6.3689,9.3884,0.7674,11.5448,,4.929,7.318,10.989,11.785,10.219,,9.1442,1.0,5.5294
altai/sinyukha_east,10.0,7.258,10.32,18.47,23.017,15.237,-0.0,7.258,10.32,18.47,23.017,15.237,0.0,20.9178,8.965,10.637,12.576,12.705,12.102,10.6368,1.8372,0.4404,13.2299,,17.561,20.918,25.72,26.561,24.285,,0.7923,1.0,6.5262
altai/sinyukha_west,10.0,7.853,10.539,18.514,23.045,15.309,0.0,7.853,10.539,18.514,23.045,15.309,0.0,19.4405,7.807,9.765,11.633,12.016,11.131,9.7651,-11.3813,0.4778,12.7563,,15.521,19.44,24.084,25.419,22.607,,11.4665,1.0,6.6918
altai/tugaya_south,10.0,6.648,10.136,18.435,22.995,15.179,-0.0,6.648,10.136,18.435,22.995,15.179,0.0,13.2052,6.521,10.146,13.518,14.571,12.389,10.1459,1.9148,0.7342,10.307,,8.484,13.205,17.933,19.497,16.29,,0.0,1.0,5.3068
askarovo/biyagoda_east,10.0,6.96,10.225,18.452,23.005,15.207,0.0,6.96,10.225,18.452,23.005,15.207,0.0,15.0652,6.244,9.971,16.245,16.721,15.444,9.9705,-6.6924,0.6342,10.1244,,9.43,15.065,25.059,26.082,23.532,,6.7686,1.0,5.3597
askarovo/biyagoda_south_west,10.0,6.957,10.224,18.451,23.005,15.207,0.0,6.957,10.224,18.451,23.005,15.207,0.0,15.8739,7.061,10.23,13.357,13.834,12.669,10.2299,0.2352,0.5984,10.6098,,10.948,15.874,21.238,22.478,19.859,,0.6431,1.0,5.4813
askarovo/biyagoda_west,10.0,6.628,10.13,18.434,22.994,15.178,-0.0,6.628,10.13,18.434,22.994,15.178,0.0,10.9462,6.143,9.945,17.505,18.78,16.151,9.9447,0.5877,0.9044,9.4501,,6.76,10.946,19.378,20.851,17.819,,0.0,1.0,5.0257
aushkul/aushtau_east,10.0,6.856,10.194,18.446,23.002,15.197,0.0,6.856,10.194,18.446,23.002,15.197,0.0,14.3635,6.638,10.038,15.343,15.863,14.426,10.0383,5.0523,0.6688,9.8769,,9.494,14.364,22.365,23.434,20.799,,4.8768,1.0,5.4268
aushkul/aushtau_south,10.0,7.056,10.254,18.457,23.009,15.216,-0.0,7.056,10.254,18.457,23.009,15.216,0.0,13.647,6.376,10.023,16.278,17.098,15.181,10.0225,6.7095,0.7079,9.3392,,8.674,13.647,22.553,23.949,20.831,,6.4731,1.0,5.2343
aushkul/ridge_west,10.0,7.556,10.425,18.491,23.03,15.271,-0.0,7.556,10.425,18.491,23.03,15.271,0.0,9.8066,6.509,10.004,16.367,18.126,14.813,10.0038,4.1444,1.0219,8.7547,,6.381,9.807,16.017,17.72,14.51,,4.173,1.0,4.8965
ongudai/kayancha_south,10.0,6.962,10.226,18.452,23.005,15.207,-0.0,6.962,10.226,18.452,23.005,15.207,0.0,13.039,6.352,9.482,14.653,16.004,13.446,9.4817,7.7831,0.7446,12.461,,8.707,13.039,20.498,22.525,18.667,,6.9206,1.0,6.7435
