id,loc,dem,U10,wdir,sim_s,wall_s,t_solver_s,med_dvec,p90_dvec,bias_speed,mean_speed_wn,mean_speed_sol,corr_speed,corr_u,corr_v,ridge_speed_wn,ridge_speed_sol,ridge_bias,ridge_ratio_wn,ridge_ratio_sol,ridge_dvec_med,up_speed_wn,up_speed_sol,dir_med_deg,struct_sol,mean_over_up_wn,mean_over_up_sol,ridge_over_up_wn,ridge_over_up_sol,med_dvec_centered,valley_bias,valley_dvec_med,valley_speed_wn,valley_speed_sol
askarovo_002,askarovo,d400,7.13,59.7,0.904967,6.0544517040252686,0.438,2.549656313309166,3.956311474096043,-0.8328929536315703,8.974749529661514,9.807642483293085,0.5426097418531663,0.5726663495528305,0.4543085469857924,9.512106985192883,11.962150813007769,-2.4500438278148864,1.059874367942571,1.2196764750942748,3.4820901120636223,8.984109306433048,10.687412368242743,2.0679856375551835,2.192037727589402,0.9989581853412188,0.917681674980198,1.058770175289582,1.1192747505984577,2.138457103996301,2.0561508018013503,2.7295134851906573,8.611992567135209,6.5558417653338585
askarovo_002,askarovo,d100,7.13,59.7,14.434461,19.589842319488525,0.438,2.5426189254587115,4.016156572005425,-0.8517341304518362,8.95590835284125,9.807642483293085,0.5127064125847931,0.5546801538252693,0.39832473701264354,9.444042826722503,11.962150813007769,-2.5181079862852664,1.0545041836796367,1.2196764750942748,3.534296541686585,8.972480359470294,10.687412368242743,2.1857563949108556,2.192037727589402,0.9981530183444144,0.917681674980198,1.0525565337966423,1.1192747505984577,2.1290404051270766,2.0682426985256095,2.7265914511478266,8.624084463859468,6.5558417653338585
askarovo_002,askarovo,d50,7.13,59.7,59.118468,64.24834775924683,0.438,2.540355283216993,4.013124630495724,-0.8555365759760732,8.95210590731701,9.807642483293085,0.5105477153852491,0.5529231949624251,0.39432627605472903,9.444753189519309,11.962150813007769,-2.5173976234884603,1.0550314403451855,1.2196764750942748,3.5185993576749772,8.96984537984922,10.687412368242743,2.1878928887465197,2.192037727589402,0.9980223212573919,0.917681674980198,1.0529449270928315,1.1192747505984577,2.1243343703069852,2.0607290011976396,2.726196837949552,8.616570766531497,6.5558417653338585
askarovo_009,askarovo,d400,5.93,257.3,0.876491,5.201985120773315,0.372,1.8468678499772588,4.19946055286157,1.2502767920706754,7.459445234775666,6.209168442704991,0.5668989894721186,0.5738170799866075,0.5282793994279836,8.015677673737647,9.097171286219274,-1.0814936124816272,1.0745675343749217,1.4651191009171818,2.4477037144375196,7.4587542890467775,8.806344845653962,3.1319023907982997,1.4723583823234438,1.0000926355396775,0.7050789574484232,1.0746670775183886,1.0330246482124577,1.3774943976468004,2.8853519503512817,3.626025640952427,7.088970845991381,4.2036188956400995
askarovo_009,askarovo,d100,5.93,257.3,14.598789,19.739153146743774,0.372,1.8490590220568786,4.2001629848601585,1.2326911591586382,7.441859601863629,6.209168442704991,0.5173370320344801,0.5277205923583432,0.4053015576458222,7.942329446473608,9.097171286219274,-1.1548418397456646,1.067250643170512,1.4651191009171818,2.5285070652303303,7.456505912451293,8.806344845653962,3.1696298245634598,1.4723583823234438,0.9980357675887835,0.7050789574484232,1.0651543148663047,1.0330246482124577,1.3737265750545813,2.8974079889370916,3.6304500025217417,7.101026884577191,4.2036188956400995
askarovo_010,askarovo,d400,7.9,9.3,0.895234,6.03978967666626,0.692,2.7136366129466625,3.793370155180392,-0.8905808159117873,9.957374318427439,10.847955134339225,0.4840045881108833,0.4898319277090491,0.489866768757524,10.223370921179827,11.638105810874722,-1.414734889694895,1.0267135285112388,1.072838674824002,2.333879186214087,9.95995198484689,11.636042094998704,1.3130888075944906,2.1310232746204614,0.9997411969030199,0.932271905324388,1.0264478118703486,1.0001773554838638,2.0834022534760406,1.9099288267756735,1.885286724507003,9.712780497469213,7.802851670693541
askarovo_010,askarovo,d100,7.9,9.3,14.396296,19.566261291503906,0.692,2.7119042529812227,3.7717815885153776,-0.9071899742495293,9.940765160089697,10.847955134339225,0.4659536304769961,0.37208033969629883,0.47465495175119576,10.191883376323288,11.638105810874722,-1.446222434551434,1.0252614574622267,1.072838674824002,2.332960641302484,9.943546629374527,11.636042094998704,1.3340532272356929,2.1310232746204614,0.9997202739235301,0.932271905324388,1.024974665097375,1.0001773554838638,2.086942879366936,1.8942549933484056,1.8857158162183418,9.697106664041945,7.802851670693541
askarovo_012,askarovo,d400,5.13,196.9,0.872196,6.057855844497681,0.578,1.4478124689130036,2.5863161318805528,-0.07084605864500217,6.465556080239053,6.536402138884055,0.45170160180811375,0.3818626969004627,0.4645302336605758,6.6415945393462605,7.109787598408589,-0.46819305906232755,1.0272271181198538,1.0877218762464984,1.6702827665717308,6.445094005282422,8.110366410383511,2.6056649527432922,1.4558721464588857,1.0031748295587093,0.8059317924916011,1.0304883891379686,0.8766296414556678,1.4223804095260602,1.7232203267921065,1.9935813833649467,6.30987064360951,4.586650316817405
askarovo_012,askarovo,d100,5.13,196.9,14.783443,19.959010124206543,0.578,1.454731069110001,2.587543592995579,-0.08160488455501116,6.454797254329045,6.536402138884055,0.4257492209882603,0.3079375744401047,0.4411348799345353,6.623107266406036,7.109787598408589,-0.48668033200255245,1.0260751818291598,1.0877218762464984,1.6652401762370888,6.452090917264585,8.110366410383511,2.6619415024262576,1.4558721464588857,1.0004194511669415,0.8059317924916011,1.0265055702615478,0.8766296414556678,1.424486635335615,1.7140523097644182,1.9682614407022743,6.300702626581823,4.586650316817405
ongudai_000,ongudai,d400,5.31,285.6,0.907171,6.051934719085693,1.561,4.236904985143864,5.998073463904198,2.76213627402997,6.539197966772748,3.777061692742777,0.6420367430290325,0.6804932733783491,0.5543904978243495,7.862087974702724,8.148680600044,-0.2865926253412766,1.2023015688853436,2.157412629955403,2.774260517781927,6.585084988296917,5.869715184698429,16.086111659874664,2.629630654217113,0.9930316736069891,0.6434829585239633,1.1939235391305214,1.3882582618806671,2.100579540406722,3.680052663279231,4.8592566837587405,5.512196830107825,1.832144166828593
ongudai_000,ongudai,d100,5.31,285.6,14.938193,19.192485809326172,1.561,4.05489228776463,5.865040621761642,2.6458693694051005,6.422931062147877,3.777061692742777,0.6623878698245715,0.6888118012186157,0.4823350790176189,7.9144041709378365,8.148680600044,-0.23427642910616234,1.2322106674287112,2.157412629955403,2.7519159959402337,6.513783816414358,5.869715184698429,16.206683092718315,2.629630654217113,0.9860522306500966,0.6434829585239633,1.215024077248925,1.3882582618806671,2.001702632308751,3.5196601528549794,4.635963776497444,5.351804319683572,1.832144166828593
ongudai_001,ongudai,d400,5.27,114.4,0.931857,5.638324975967407,1.025,4.4159800828314655,5.72731393138994,3.5209619105688996,6.4865929739630666,2.9656310633941665,0.6508831725455823,0.6811806412865562,0.6538361679674404,7.8366109951674625,6.4715261990582285,1.3650847961092338,1.2081243615289747,2.1821750786665834,2.2622154917066633,6.485164795980347,5.2511084321101595,13.624880470365744,1.9622766585957645,1.0002202223116374,0.5647628689705855,1.208390417468616,1.2324114580238525,1.3969727111501702,3.4841321228634765,4.46977652364707,5.391065869065227,1.906933746201751
ongudai_001,ongudai,d100,5.27,114.4,15.747836,20.957762241363525,1.025,4.223505743399725,5.548317850083199,3.4068947371248943,6.372525800519061,2.9656310633941665,0.6681013528905383,0.6962114566360619,0.5887951546959933,7.8819343863038736,6.4715261990582285,1.4104081872456458,1.2368619026480625,2.1821750786665834,2.352659998145172,6.361391733075794,5.2511084321101595,13.203677896686465,1.9622766585957645,1.001750256533547,0.5647628689705855,1.2390267282742675,1.2324114580238525,1.3653782045565543,3.3201214714418317,4.27217902818766,5.227055217643583,1.906933746201751
ongudai_007,ongudai,d400,7.98,171.5,0.969021,6.060638189315796,0.994,6.782392735247468,8.859555083768194,5.2925450308970605,9.803373104781608,4.5108280738845465,0.666280069210671,0.6294530660457994,0.7175888886479034,11.69760341229193,10.10021311636106,1.597390295930872,1.1932223008615686,2.2391039851055896,3.755258365565803,10.3913893066434,8.741438365276654,10.246292200679092,3.1081176460047306,0.94341312941804,0.5160281277967674,1.1257015849472065,1.1554406373763184,2.301396395345958,6.0157057426157365,7.322784010088062,8.100545477905543,2.0848397352898074
ongudai_007,ongudai,d100,7.98,171.5,22.505477,27.771766662597656,0.994,6.548772547887259,8.679505819151208,5.155040014323421,9.665868088207969,4.5108280738845465,0.6684453315544815,0.5578760676723521,0.707748098270504,11.720562017865698,10.10021311636106,1.6203489015046382,1.2125721053615852,2.2391039851055896,3.841607522703133,10.12222109876991,8.741438365276654,10.307940754249751,3.1081176460047306,0.954915723919783,0.5160281277967674,1.1579041697962935,1.1554406373763184,2.294467276653565,5.822862102800646,7.148975236414287,7.907701838090453,2.0848397352898074
ongudai_007,ongudai,d50,7.98,171.5,71.92108,77.00085067749023,0.994,6.513648019622996,8.648129826229173,5.121740994201469,9.632569068086015,4.5108280738845465,0.6677425192663028,0.5502601589184428,0.7061496520722964,11.702946481902247,10.10021311636106,1.6027333655411882,1.2149351226222367,2.2391039851055896,3.8061644217383193,10.08232752820583,8.741438365276654,10.37052996395146,3.1081176460047306,0.9553914055200455,0.5160281277967674,1.1607385744177277,1.1554406373763184,2.300991640468665,5.7916829030180885,7.0982728233017305,7.876522638307896,2.0848397352898074
ongudai_016,ongudai,d400,7.73,220.0,2.283727,6.879043102264404,1.63,6.464935549685152,9.273286343051762,4.984420905740968,9.51441030138281,4.529989395641842,0.5730916984972817,0.5856304686064225,0.5914400714822593,11.042064867579995,9.611458327487687,1.4306065400923083,1.1605621912243114,2.121739696948201,4.004315411926368,9.878083764723604,8.49925452187284,19.867802553694638,3.213726097794723,0.9631838044703026,0.5329866735940088,1.1178347066678231,1.1308589833087819,2.6543635080289514,5.947171355031466,6.782077336733341,8.494287103035697,2.5471157480042312
ongudai_016,ongudai,d100,7.73,220.0,17.155623,22.33596897125244,1.63,6.176383996880521,9.182589903774906,4.841013213098186,9.37100260874003,4.529989395641842,0.5794005293258587,0.5824280902507721,0.5679343967498113,11.102874007099851,9.611458327487687,1.4914156796121647,1.184811750745279,2.121739696948201,3.949894797040951,9.658234976561696,8.49925452187284,19.471316651020395,3.213726097794723,0.9702603665660742,0.5329866735940088,1.1495758835899066,1.1308589833087819,2.592307839897506,5.788863402654505,6.625224577557429,8.335979150658735,2.5471157480042312
t_0321_000,t_0321,d400,7.05,10.8,0.954873,6.108679294586182,4.112,3.6168781321903953,6.611996944313769,2.2492777822626486,8.808298469337215,6.559020687074565,0.5415505041670121,0.4346785592078002,0.5831399392303621,9.855599912011854,8.205422128658558,1.6501777833532973,1.1188994045013831,1.251013302157813,2.8595142905329585,8.490150522904438,10.744434915691476,10.464545537395644,3.100816034199828,1.0374725919846166,0.6104574822725749,1.160827465358094,0.7636904307247585,2.8478255607552234,5.527284927781119,6.371595664344131,7.845907330813012,2.318622403031892
t_0321_000,t_0321,d100,7.05,10.8,16.166789,21.315820932388306,4.112,3.583631773790581,6.426458624404009,2.1947218056545497,8.753742492729115,6.559020687074565,0.5627627397268185,0.355281278678121,0.6043779080195991,9.85906243999356,8.205422128658558,1.6536403113350029,1.1262682730480735,1.251013302157813,2.8689875450512936,8.508485802014844,10.744434915691476,10.565732452554382,3.100816034199828,1.0288249515156027,0.6104574822725749,1.1587329014122458,0.7636904307247585,2.8119364656359815,5.269602582834827,6.099952321601924,7.588224985866719,2.318622403031892
t_0321_000,t_0321,d50,7.05,10.8,77.273583,81.4017345905304,4.112,3.583145336213339,6.403247631909128,2.1781197078730967,8.73714039494766,6.559020687074565,0.5667626729198364,0.34778278961953757,0.6078468186962523,9.838165896815964,8.205422128658558,1.6327437681574057,1.1260166887675265,1.251013302157813,2.8712851055949242,8.50946360361695,10.744434915691476,10.585838343438928,3.100816034199828,1.0267557159811973,0.6104574822725749,1.1561440714822786,0.7636904307247585,2.8006218413409347,5.232336794329902,6.075196781724706,7.550959197361794,2.318622403031892
t_0321_003,t_0321,d400,5.42,228.9,0.943964,5.435061454772949,3.811,3.618724301313174,5.811033764397953,3.139796611619111,6.768666061244898,3.6288694496257854,0.5424142717047209,0.5298652195742978,0.4911377070266027,7.398714725806213,5.812612554251906,1.5861021715543056,1.0930831361542213,1.6017695414342645,3.142678395376355,7.050419188034057,6.173855455726472,11.85108811318453,1.6137836297160715,0.9600373936251407,0.5877801117387481,1.0494006850490936,0.9414882800439554,1.4524244712572512,4.1555460027785855,4.830080153676935,6.323981127404928,2.1684351246263422
t_0321_003,t_0321,d100,5.42,228.9,15.845292,20.986600875854492,3.811,3.572636754473626,5.7155435265280365,3.0998471417324707,6.728716591358257,3.6288694496257854,0.5106244402933752,0.5045548111082012,0.45160387365572474,7.397870445859003,5.812612554251906,1.5852578916070963,1.0994474719532914,1.6017695414342645,3.0757380440987756,6.880128874839338,6.173855455726472,11.880085366208915,1.6137836297160715,0.9779928128912241,0.5877801117387481,1.0752517257217447,0.9414882800439554,1.4247616398254164,3.9902248676902285,4.658965977814178,6.158659992316572,2.1684351246263422
t_0321_006,t_0321,d400,6.42,323.2,0.95191,6.065996408462524,3.589,2.6213234144654933,5.266696221216424,1.546579235901691,7.993140186446256,6.446560950544566,0.610291173353634,0.6730554278591752,0.6609117631584059,9.101173206806624,8.637284494313656,0.4638887124929672,1.138622993531282,1.3398282527033318,2.448496331635429,8.043575347070496,8.315639580602033,5.579283057255042,2.576615008883456,0.9937297584161242,0.7752333284841392,1.1314835522888849,1.0386795159402924,2.2013049682167503,3.9499353538553805,5.2124203060091645,6.516407093131658,2.566471739276277
t_0321_006,t_0321,d100,6.42,323.2,16.403733,21.592636823654175,3.589,2.5616420875637207,5.0309253726629315,1.4746229130517765,7.921183863596341,6.446560950544566,0.6412935545384064,0.6689252374193645,0.6801584703970952,9.13580192007471,8.637284494313656,0.4985174257610538,1.153337945109497,1.3398282527033318,2.4455917816563923,7.947967092610953,8.315639580602033,5.5733536202646325,2.576615008883456,0.9966301786730457,0.7752333284841392,1.1494514023048814,1.0386795159402924,2.1031591917431345,3.66510469658898,4.878690160179154,6.231576435865257,2.566471739276277
t_0321_010,t_0321,d400,7.79,177.3,0.989273,6.13695216178894,2.946,4.6471031957505655,7.834310692613489,4.023550443420164,9.727694108716737,5.704143665296573,0.5324595105881488,0.5329087089433114,0.5535371910577742,10.982862012869132,7.508618035920869,3.474243976948263,1.1290303632211947,1.316344481574427,4.806026879430972,10.010053912824992,8.620885929174953,6.039920027636236,2.4900284290868067,0.9717923792851413,0.6616656005147348,1.097183102959892,0.8709798618852005,2.23923702617056,6.153418546063219,7.132619286605422,8.407234551225162,2.2538160051619416
t_0321_010,t_0321,d100,7.79,177.3,17.486141,20.1017906665802,2.946,4.614511218349234,7.616018557217899,3.95679635202209,9.660940017318664,5.704143665296573,0.5598992531187423,0.47847703337387754,0.5777013521442464,10.998773483014169,7.508618035920869,3.4901554470933,1.1384786018024375,1.316344481574427,4.947892811824195,9.771766244256924,8.620885929174953,6.154670655121013,2.4900284290868067,0.9886585265991811,0.6616656005147348,1.1255665770226937,0.8709798618852005,2.1858432046436924,5.846323214798422,6.7989219026293295,8.100139219960363,2.2538160051619416
t_0336_000,t_0336,d400,5.21,97.9,0.955154,1.9841933250427246,2.351,4.93824562200539,6.34650261235811,4.274971324772468,6.27895661860995,2.0039852938374807,0.5694769934088602,0.6331145208325142,0.2957229608457034,7.795784924441445,4.706871410102685,3.0889135143387616,1.2415733055609635,2.34875546471171,3.4772424453008997,6.237849415741338,5.390226672086998,9.442219125032942,1.6407451575606826,1.0065899639649647,0.37178126556625385,1.2497552289044724,0.8732232791761741,1.3388476204440778,3.6961917416974255,4.483056344240531,4.379347333184861,0.6831555914874354
t_0336_000,t_0336,d100,5.21,97.9,15.880118,18.62156653404236,2.351,4.770504013909802,6.275188672189519,4.160224950242415,6.164210244079896,2.0039852938374807,0.5909790834093379,0.6426586972490431,0.27683598107649915,7.836390554530683,4.706871410102685,3.1295191444279986,1.2712724330025487,2.34875546471171,3.5851065383236884,6.095788907196465,5.390226672086998,9.764073336692944,1.6407451575606826,1.0112243612639957,0.37178126556625385,1.285541654055528,0.8732232791761741,1.3928899543720918,3.5479315185502363,4.4285628337384395,4.231087110037671,0.6831555914874354
t_0336_000,t_0336,d50,5.21,97.9,77.543184,82.80265760421753,2.351,4.752355658178166,6.265540706632789,4.140547479832755,6.144532773670234,2.0039852938374807,0.5912489891807393,0.642062710181731,0.2739036921873134,7.820759544021631,4.706871410102685,3.113888133918946,1.2727997118892667,2.34875546471171,3.5481003309706454,6.079208253583395,5.390226672086998,9.828932262608234,1.6407451575606826,1.010745563790866,0.37178126556625385,1.2864766623863688,0.8732232791761741,1.4014270072254498,3.5320735576509987,4.409512468375425,4.215229149138434,0.6831555914874354
t_0336_002,t_0336,d400,6.14,226.4,0.918973,6.064290761947632,3.244,5.051577312363841,7.088869467010925,3.165036328825771,7.402080882943059,4.237044554117289,0.6481670301520281,0.6166636662927716,0.680826726725411,9.691664876357818,10.386830132121872,-0.6951652557640552,1.3093162624973131,2.4514328323568404,4.442639245296405,7.563627678863418,6.558874481333854,27.107287241722766,3.1784060978579047,0.9786416250535702,0.6460017745690442,1.2813513948394375,1.5836299599393373,2.4138209578730265,3.4174468608138366,4.300626534498452,5.435341406003269,2.0178945451894323
t_0336_002,t_0336,d100,6.14,226.4,15.198435,20.141746282577515,3.244,4.780095650689988,6.96580431072244,2.9970038766210005,7.234048430738289,4.237044554117289,0.669408950659797,0.6072362520496825,0.6947809634221493,9.814491076956402,10.386830132121872,-0.57233905516547,1.3567079583340251,2.4514328323568404,4.2434978081199795,7.385514024082655,6.558874481333854,26.030411417804597,3.1784060978579047,0.9794915299259513,0.6460017745690442,1.3288839537713082,1.5836299599393373,2.372168911470896,3.1784361344884426,4.064285583329216,5.1963306796778745,2.0178945451894323
t_0336_004,t_0336,d400,4.46,317.7,0.899201,5.999682903289795,4.165,4.753200073405391,6.314019300101063,3.6584879160391854,5.407609308405937,1.7491213923667528,0.5437911677992717,0.34876144972017226,0.4968892794948811,6.745480124447882,4.374054655597365,2.3714254688505165,1.2474052283995947,2.50071531609295,3.6320591739581376,5.401544032732368,3.3975388900278922,38.16049148589737,1.2526068987268577,1.0011228781320332,0.514820123913988,1.2488059124523483,1.2874185689045803,1.3589836792442211,3.777096709345408,4.583774126033001,4.349256800554496,0.5721600912090884
t_0336_004,t_0336,d100,4.46,317.7,15.928763,19.836474418640137,4.165,4.576191540344174,6.361267463160713,3.544083602005801,5.293204994372553,1.7491213923667528,0.5548817545842126,0.33115161785009123,0.48291607276879706,6.803858582918361,4.374054655597365,2.4298039273209966,1.2853948770455426,2.50071531609295,3.65893668226757,5.350679276018111,3.3975388900278922,37.415558255804406,1.2526068987268577,0.9892585074378951,0.514820123913988,1.2715878175343902,1.2874185689045803,1.4522652270510923,3.646317281738508,4.46823970624331,4.2184773729475955,0.5721600912090884
t_0353_000,t_0353,d400,5.7,346.8,0.903732,5.927147626876831,2.886,4.918250601798791,6.9633880278878335,3.372884861445145,6.667737661895331,3.2948528004501854,0.6350080152739411,0.40418789056037113,0.672349746817706,9.191777623221576,8.403839783495176,0.7879378397263979,1.378545181186504,2.5505964279639244,4.5995585901322595,6.319253159261745,6.673740980160991,19.278044391686603,2.659993680708923,1.055146469661978,0.4937040275079276,1.4545670811984714,1.2592397290331232,2.0810528056554913,2.980381188661825,3.9586292279732858,4.7879424769591665,1.8075612882973418
t_0353_000,t_0353,d100,5.7,346.8,16.316704,20.19355821609497,2.886,4.615285897860767,6.742047767533506,3.1561781651101533,6.4510309655603395,3.2948528004501854,0.6789574073869222,0.3907100792886326,0.708383183702648,9.117216945355928,8.403839783495176,0.7133771618607513,1.413296106316861,2.5505964279639244,4.315633603150913,6.128295644899223,6.673740980160991,19.0594435095374,2.659993680708923,1.0526631447570156,0.4937040275079276,1.4877247237483524,1.2592397290331232,2.0880262331044976,2.8158185349932214,3.77848566913992,4.623379823290564,1.8075612882973418
t_0353_003,t_0353,d400,7.14,123.2,0.957623,6.097556114196777,3.11,6.175339862450956,8.862915564302991,4.306437529679315,8.316375877571996,4.00993834789268,0.594527781774746,0.6720708119989197,0.5999721802720479,11.875129490743122,10.374842253827309,1.5002872369158098,1.4279212081753716,2.587282235718048,4.969024751339807,8.488807677358434,7.001332890079954,30.64302118201805,3.156732187415124,0.9796871590993453,0.572739278484284,1.3989160718550349,1.48183816092036,2.484793103421399,3.1557713730488492,4.8996068518264995,5.489628450664099,2.3338570776152503
t_0353_003,t_0353,d100,7.14,123.2,16.364369,19.576108694076538,3.11,5.850267066277732,8.601859428335061,4.046138434066806,8.056076781959485,4.00993834789268,0.6377423492035241,0.6823574086445522,0.6198127507166685,11.714446795464386,10.374842253827309,1.3396045416370768,1.454113101515782,2.587282235718048,4.584661209636465,8.202199189292669,7.001332890079954,29.589059335056238,3.156732187415124,0.9821849721079762,0.572739278484284,1.428208036054121,1.48183816092036,2.492665947290913,2.9660343088181564,4.68427848329415,5.299891386433406,2.3338570776152503
t_0353_003,t_0353,d50,7.14,123.2,80.172504,85.27868294715881,3.11,5.781641835465199,8.56117306010281,3.9813640582269056,7.991302406119585,4.00993834789268,0.6374571753824194,0.6798497002957347,0.6185261266645826,11.600124362044106,10.374842253827309,1.2252821082167942,1.4515937168340614,2.587282235718048,4.604959766032787,8.12136990615709,7.001332890079954,29.586152162833077,3.156732187415124,0.9839845369019706,0.572739278484284,1.4283457712287742,1.48183816092036,2.5032947717664764,2.938645143159205,4.6619649134133905,5.272502220774455,2.3338570776152503
t_0353_011,t_0353,d400,6.92,93.4,0.907181,5.495238542556763,3.524,6.186900697362272,8.632801193104532,4.511423870965539,8.070063391217316,3.5586395202517758,0.5641685030909984,0.6747661982601207,0.4269508555757458,11.23493159593691,9.187826819301009,2.0471047766359027,1.3921738964484385,2.581836897784737,4.647819439557163,7.995302319238528,7.3031849415382135,21.16104373013811,2.8451725196077975,1.0093506247786148,0.48727227213039015,1.4051915921807099,1.2580575314536466,2.2624126466062053,3.631203585612077,5.392933011135312,5.574066988610453,1.9428634029983771
t_0353_011,t_0353,d100,6.92,93.4,17.060811,22.24547266960144,3.524,5.913291993114708,8.358875367775681,4.278507288622351,7.8371468088741265,3.5586395202517758,0.610494013657344,0.6999292333168398,0.4037189931255047,11.101219196962012,9.187826819301009,1.9133923776610045,1.416487334956125,2.581836897784737,4.493265555496906,7.6333906493377395,7.3031849415382135,20.907180335988482,2.8451725196077975,1.0266927462377502,0.48727227213039015,1.454297271937096,1.2580575314536466,2.332058757027874,3.46310549418266,5.212956550084405,5.405968897181038,1.9428634029983771
t_0313_006,t_0313,d400,5.57,347.7,0.976266,3.880819797515869,0.845,3.8403932594455057,5.821921843438918,3.0649499675176552,6.890554521628445,3.8256045541107904,0.6270205752277657,0.5201063784751147,0.6560912039951794,8.14140521954133,7.165223945729903,0.976181273811427,1.1815312097142032,1.8729651338454563,2.2300607616320756,6.742045116432953,6.373321020226032,8.236188195318642,2.2767175914371003,1.022027352625321,0.6002529202546139,1.2075572143084001,1.1242527911258087,1.9266690795001828,4.39876437923187,5.103800266675988,6.018891466820215,1.6201270875883456
t_0313_006,t_0313,d100,5.57,347.7,15.475588,20.617019414901733,0.845,3.752841321074861,5.571504506086821,2.9299008178535146,6.755505371964304,3.8256045541107904,0.654513205006554,0.43944702435748634,0.6832069512589406,8.020781862176737,7.165223945729903,0.8555579164468347,1.1872956086251363,1.8729651338454563,2.18190558103331,6.714462284663073,6.373321020226032,8.359873971619518,2.2767175914371003,1.0061126394878976,0.6002529202546139,1.194553118646226,1.1242527911258087,1.838778105933723,4.177728490833225,4.831798126296327,5.797855578421571,1.6201270875883456
t_0313_006,t_0313,d50,5.57,347.7,64.443493,68.58219623565674,0.845,3.700419656433324,5.533576274560716,2.8871804642245094,6.712785018335299,3.8256045541107904,0.6519916237488292,0.4314025485353185,0.6801416781479899,7.991031663298277,7.165223945729903,0.825807717568375,1.1904197202013138,1.8729651338454563,2.196177175906291,6.683864950897646,6.373321020226032,8.426352892680953,2.2767175914371003,1.004326847961488,0.6002529202546139,1.195570485340982,1.1242527911258087,1.83738344305722,4.130572902911897,4.76329319451049,5.750699990500243,1.6201270875883456
t_0313_009,t_0313,d400,5.01,311.9,0.91019,5.486374139785767,1.419,3.467333084032184,5.222254060085431,2.133726252930879,6.198552849488481,4.064826596557601,0.5957091067283621,0.5840846207487127,0.6448544491293667,7.340419828643651,7.954786924402371,-0.6143670957587194,1.184215091309482,1.9569806326151968,2.673735245476167,6.113199679911879,6.538422750563772,13.901345984858882,2.7299442135263847,1.0139621105224281,0.6216830498161217,1.2007492332966725,1.2166216881152987,2.319198908266524,3.6723289300862536,4.553038807582484,5.357350405149631,1.6850214750633776
t_0313_009,t_0313,d100,5.01,311.9,14.967192,19.671774864196777,1.419,3.2829670981344536,5.087667242020544,2.003137467805553,6.067964064363154,4.064826596557601,0.6020719374688586,0.5833940038375379,0.633748648480959,7.223414907380161,7.954786924402371,-0.7313720170222101,1.190418207946041,1.9569806326151968,2.5240283594874913,6.035300434910521,6.538422750563772,13.679039294428133,2.7299442135263847,1.0054120966810025,0.6216830498161217,1.196860866378271,1.2166216881152987,2.2500850817019904,3.448446530294014,4.235923608942542,5.133468005357392,1.6850214750633776
t_0313_011,t_0313,d400,4.11,276.9,0.904492,6.045763731002808,2.62,2.9785174962728593,4.45843527124492,1.739130735261566,5.092636989877122,3.3535062546155565,0.6157040009418938,0.644276132649668,0.5283158269441135,5.88333772013101,6.483114440964445,-0.5997767208334353,1.1552635170787946,1.9332346352542182,2.346583099955356,4.964283353103558,4.979532190372848,7.285629578744078,2.338590864636192,1.025855421144186,0.6734580933323495,1.1851333418453804,1.301952511422366,1.968612022125301,3.153887625411881,3.8031262624900917,4.3871672406125315,1.23327961520065
t_0313_011,t_0313,d100,4.11,276.9,15.628549,16.616814613342285,2.62,2.8801084599950415,4.347706660595323,1.631633281184654,4.985139535800211,3.3535062546155565,0.6206350503621587,0.6392423550522093,0.42956143899950666,5.800379801255959,6.483114440964445,-0.6827346397084876,1.1635340915938648,1.9332346352542182,2.280319521901794,4.885465638450935,4.979532190372848,7.656225839841744,2.338590864636192,1.0204021284204303,0.6734580933323495,1.1872726635521116,1.301952511422366,1.8941311698461305,2.9572785684583622,3.5631465827672515,4.190558183659012,1.23327961520065
