site,z_agl_m,spd,dir_deg,w,tke,ustar,wtc_flux,tc_degC,n_5min
rne01,10,5.814,218.4906,0.2113,2.3778,0.5884,0.0279,13.5393,12
rne02,10,6.3894,217.4905,1.6424,2.7065,0.4203,0.0113,14.5845,12
rne02,20,7.9914,216.4345,1.3583,2.4679,0.6052,-0.0247,11.9472,12
rne03,10,7.3294,210.9609,0.6387,2.7805,0.6611,0.0171,13.1433,7
rne06,10,4.0291,198.0674,0.2661,3.706,0.7779,0.0448,13.0689,12
rne06,20,7.1007,192.8014,0.5807,3.2378,0.6276,-0.0022,14.2743,12
rne07,10,5.7448,206.017,0.2902,2.9609,0.6506,0.0284,13.8694,12
rne07,20,,,,,,,,0
rsw01,10,6.4868,219.8897,0.9023,2.2193,0.5025,0.0248,13.6748,12
rsw01,20,9.0402,213.0217,1.5004,1.9203,0.4294,0.0109,12.4197,12
rsw02,10,6.4209,222.3306,1.8737,1.2843,0.4761,0.0266,13.1415,12
rsw02,20,8.2583,220.7099,2.4436,1.8842,0.4555,0.0004,12.2932,12
rsw03,10,,,,,,,,0
rsw03,20,,,,,,,,0
rsw03,30,,,,,,,,0
rsw03,40,,,,,,,,0
rsw03,60,,,,,,,,0
rsw04,10,6.2526,230.8766,1.5419,2.321,0.6306,-0.0349,13.9461,11
rsw05,10,6.7894,219.1747,0.7252,2.56,0.6121,0.0259,13.3438,12
rsw07,10,4.4314,220.178,1.1472,2.88,0.4335,0.0241,12.3174,12
rsw07,20,8.1078,215.5511,1.8655,1.5068,0.3692,0.0622,14.8525,12
rsw08,10,6.6932,213.3162,1.0522,2.4896,0.6475,0.0232,13.3489,12
rsw08,20,8.0598,212.2958,1.3072,1.3837,0.4259,0.0045,11.6743,12
tse01,10,1.882,190.4687,0.0869,1.0353,0.3816,0.0168,15.6026,12
tse01,30,3.1033,193.2432,0.2969,1.2728,0.4705,0.0127,15.192,12
tse02,10,1.4974,220.5804,0.5391,0.6266,0.3076,0.0043,14.5767,12
tse02,30,4.3717,208.107,1.3131,1.5093,0.5645,0.0084,14.0989,12
tse04,10,7.9382,234.401,1.6279,2.112,0.6578,0.1392,16.5135,12
tse04,20,8.0195,232.987,2.5975,4.1968,1.2158,1.1903,16.2549,12
tse04,30,8.5625,221.3874,1.9579,1.5847,0.4334,-0.0011,16.8281,12
tse04,40,8.6039,220.2249,1.7925,1.4453,0.422,0.0075,15.1181,12
tse04,60,8.6501,217.5465,1.3951,1.3415,0.4913,0.0035,14.3864,12
tse04,78,8.8651,212.7921,1.4853,1.3032,0.4448,-0.0289,15.1352,12
tse04,80,8.6043,217.0547,1.6356,1.325,0.5354,0.0001,13.8038,12
tse04,100,8.8244,216.4779,1.7165,1.2771,0.5416,0.0127,14.0146,12
tse06,10,2.2265,114.7229,0.0099,1.6743,0.4025,0.0176,16.3764,12
tse06,20,2.6826,113.3373,0.0686,1.8295,0.4742,0.0168,15.6809,12
tse06,30,3.0578,117.2911,0.1812,2.0178,0.5444,0.0059,17.4005,12
tse06,40,3.3728,117.5126,0.2248,2.2156,0.6905,-0.0164,18.9948,12
tse06,60,3.4991,134.247,0.2196,3.0138,0.8777,0.0022,19.5258,12
tse07,10,1.082,94.5545,0.0678,0.8079,0.3729,0.0027,13.6295,12
tse07,20,1.8386,99.0321,0.077,2.0038,0.6898,-0.0141,14.0713,12
tse08,10,3.0461,119.6451,0.102,1.8201,0.4892,0.0031,13.19,12
tse08,20,4.4808,128.3345,0.2613,2.7617,0.5325,-0.0103,13.3406,12
tse09,10,2.8125,128.6166,-0.2489,1.6881,0.6841,-0.0263,16.4641,12
tse09,20,4.416,132.0055,-0.2093,2.4677,0.5942,0.0017,16.4109,12
tse09,30,4.8058,139.37,-0.3517,2.6561,0.6502,0.0005,16.9269,12
tse09,40,4.9725,145.1041,-0.4491,2.7597,0.696,-0.0045,16.4027,12
tse09,60,5.0684,153.5534,-0.5862,3.1666,0.781,0.0001,16.4737,12
tse09,80,5.0506,161.5808,-0.7064,3.4519,0.8306,-0.0177,15.9159,12
tse09,100,5.2009,170.3533,-0.7495,3.7066,0.8684,-0.0114,16.436,12
tse10,10,1.6044,153.7195,0.008,1.1344,0.557,-0.0032,14.306,12
tse10,30,4.7204,159.9893,0.1378,2.9678,0.5482,0.005,14.1418,12
tse11,10,2.7631,169.5283,0.1622,2.0737,0.6312,0.0067,16.4716,12
tse11,20,4.2381,169.1915,0.3336,2.7022,0.4937,0.0001,16.2477,12
tse11,30,5.1454,169.4724,0.3991,2.6686,0.5157,0.0014,17.2821,12
tse11,40,5.5016,173.1327,0.3827,2.6678,0.649,-0.0052,15.6981,12
tse11,60,5.8804,177.2905,0.4663,2.8858,0.8134,-0.0068,15.9685,12
tse12,10,1.2088,195.1522,0.461,0.5748,0.2142,0.0016,13.3434,12
tse12,20,5.7365,189.9929,1.435,3.0013,0.4851,0.0006,13.9158,12
tse13,10,5.8379,213.8743,0.5306,3.1483,0.7818,0.0068,14.7231,12
tse13,20,8.1744,208.0415,1.1087,2.7077,0.488,0.0001,15.3388,12
tse13,30,8.8316,206.9643,0.7712,2.2711,0.5924,-0.007,15.2728,12
tse13,40,8.9181,204.9072,0.8351,2.2055,0.6631,0.0055,14.7107,12
tse13,60,8.9687,204.912,0.6299,2.1008,0.6943,-0.0087,15.2631,12
tse13,80,9.1451,207.7721,0.5366,2.0275,0.6603,0.013,15.9505,12
tse13,100,9.3683,210.4358,0.2364,1.8217,0.632,0.02,14.9229,12
v01,2,1.116,162.3647,0.011,0.4529,0.2086,0.0091,13.967,12
v01,10,0.9622,153.153,0.1137,0.4144,0.1884,0.0065,14.561,12
v03,2,1.7479,66.6393,0.2544,0.7091,0.4737,0.0121,15.4201,12
v03,10,2.1552,97.1841,0.2158,1.0428,0.3519,0.0173,16.0487,12
v04,2,,,,,,,,0
v04,10,3.8328,117.7775,-0.16,1.9329,0.4614,0.0025,14.6997,12
v05,2,1.5422,112.0472,0.0501,0.667,0.2523,0.0058,15.3375,12
v05,10,2.5748,111.5342,0.0339,1.5993,0.5862,-0.0033,14.2345,12
v05,20,4.5559,109.7056,0.0227,2.1339,0.4591,0.0062,13.1212,12
v06,2,,,,,,,,0
v06,10,,,,,,,,0
v06,20,,,,,,,,0
v07,2,1.3855,112.8135,-0.0852,0.6251,0.34,0.0223,14.4869,12
v07,4,1.9428,107.7994,-0.1713,0.8982,0.4081,0.0205,14.7666,12
v07,6,2.2497,105.8514,-0.1708,1.0626,0.4124,0.0201,14.276,12
v07,8,2.56,104.989,-0.1638,1.1914,0.4192,0.0211,14.927,12
v07,10,2.652,104.1854,-0.2926,1.2109,0.4256,0.0198,14.3847,12
v07,12,2.9749,104.7866,-0.2409,1.3218,0.4476,0.02,16.9945,12
v07,20,3.3269,106.2328,-0.2224,1.4582,0.363,0.006,15.1569,12
