keys,ru,en
"W — от себя, S — на себя","W — от себя, S — на себя","W — push out, S — pull in"
"W/S — трапеция, A/D — крен, Shift — разбег, C — камера, Tab — прибор, Esc — пауза","W/S — трапеция, A/D — крен, Shift — разбег, C — камера, Tab — прибор, Esc — пауза","W/S — control bar, A/D — weight shift, Shift — run, C — camera, Tab — instrument, Esc — pause"
Авария,Авария,Crash
Алтай — Манжерок,Алтай — Манжерок,Altai — Manzherok
Боковой ветер завалил крыло,Боковой ветер завалил крыло,Crosswind dropped the wing
В лоб старту,В лоб старту,Straight into the launch
В меню,В меню,Main menu
Ветер,Ветер,Wind
Взлёт сорван,Взлёт сорван,Launch aborted
Время полёта: %s,Время полёта: %s,Flight time: %s
Выбрать,Выбрать,Pick
Выбрать на карте…,Выбрать на карте…,Pick on map…
Выход,Выход,Quit
Громкость вариометра,Громкость вариометра,Vario volume
Дельтаплан,Дельтаплан,Hang Glider
Дистанция от взлёта: %.2f км,Дистанция от взлёта: %.2f км,Distance from launch: %.2f km
Ещё раз,Ещё раз,Again
Жёсткая посадка,Жёсткая посадка,Hard landing
Загрузка рельефа…,Загрузка рельефа…,Loading terrain…
Заново,Заново,Restart
Инверсия тангажа,Инверсия тангажа,Invert pitch
Килевое,Килевое,Kingpost
Крен при касании: %.0f°,Крен при касании: %.0f°,Bank at touchdown: %.0f°
Крыло,Крыло,Wing
Лететь,Лететь,Fly
Лететь отсюда,Лететь отсюда,Fly from here
"Малая Синюха — вершина, восточный склон","Малая Синюха — вершина, восточный склон","Malaya Sinyukha — summit, east slope"
Малая Синюха — западный старт,Малая Синюха — западный старт,Malaya Sinyukha — west launch
Масса пилота,Масса пилота,Pilot mass
Мышь,Мышь,Mouse
Мягкая посадка,Мягкая посадка,Soft landing
Набор над стартом: %.0f м,Набор над стартом: %.0f м,Height gain over launch: %.0f m
Назад,Назад,Back
Направление из пресета,Направление из пресета,Direction from preset
Настройки,Настройки,Settings
Настройки сохраняются в профиле пользователя.,Настройки сохраняются в профиле пользователя.,Settings are saved in the user profile.
Не удалось загрузить рельеф: %s,Не удалось загрузить рельеф: %s,Failed to load terrain: %s
Нос слишком высоко — крыло сорвало поток,Нос слишком высоко — крыло сорвало поток,Nose too high — the wing stalled
Нос слишком низко — крыло зарылось,Нос слишком низко — крыло зарылось,Nose too low — the wing dug in
Об игре,Об игре,About
Обзор (поворот головы),Обзор (поворот головы),Look around (head)
Отмена,Отмена,Cancel
Пауза,Пауза,Paused
Погода,Погода,Weather
Попутный ветер — не набрать воздушную скорость,Попутный ветер — не набрать воздушную скорость,Tailwind — not enough airspeed
Посадка,Посадка,Landing
Продолжить,Продолжить,Continue
Пройдено по следу: %.2f км,Пройдено по следу: %.2f км,Track length: %.2f km
Свободный полёт,Свободный полёт,Free flight
Сильный день,Сильный день,Strong day
Симулятор дельтаплана. Некоммерческий проект. Ниже — авторы и лицензии материалов.,Симулятор дельтаплана. Некоммерческий проект. Ниже — авторы и лицензии материалов.,Hang glider simulator. Non-commercial project. Authors and licenses of the materials are listed below.
"Скорость касания: вертикальная %.1f м/с, горизонтальная %.1f м/с","Скорость касания: вертикальная %.1f м/с, горизонтальная %.1f м/с","Touchdown speed: vertical %.1f m/s, horizontal %.1f m/s"
Слабый день,Слабый день,Weak day
Слабый разбег — крыло не набрало скорость,Слабый разбег — крыло не набрало скорость,Weak run — the wing did not reach flying speed
Сохранить,Сохранить,Save
Спортивное бескилевое,Спортивное бескилевое,Topless (sport)
Средний день,Средний день,Medium day
Старт,Старт,Launch
Трапеция,Трапеция,Control bar
Тугая (Горно-Алтайск) — южный склон,Тугая (Горно-Алтайск) — южный склон,Tugaya (Gorno-Altaysk) — south slope
Учебное,Учебное,Training
Чувствительность мыши,Чувствительность мыши,Mouse sensitivity
"Щёлкните по карте или введите координаты. Старт — на ближайшем склоне, вниз по склону.","Щёлкните по карте или введите координаты. Старт — на ближайшем склоне, вниз по склону.","Click the map or enter coordinates. Launch is on the nearest slope, facing downhill."
дБ,дБ,dB
кг,кг,kg
"точка на карте: %.4f, %.4f","точка на карте: %.4f, %.4f","map point: %.4f, %.4f"
"широта, долгота","широта, долгота","latitude, longitude"
Звук вариометра,Звук вариометра,Vario sound
